PG.ProteinGroups,PG.Genes_x,Log2_x,PG.Genes_y,Log2_y
Q96CX2,KCTD12,-3.69855524048455,KCTD12,-2.92735358136
Q9Y4C2,TCAF1,-3.31524648879666,TCAF1,-2.33921099786663
P40925,MDH1,-5.69088052624446,NA,NA
Q14318,FKBP8,-3.25423148671133,FKBP8,-2.52259856982566
P08579,SNRPB2,-6.00989942715165,NA,NA
Q9BRJ7,NUDT16L1,-4.81739510482828,NUDT16L1,-3.99008387110068
O95155,UBE4B,-5.3917061696391,UBE4B,-4.434366990276089
Q96Q42,ALS2,-4.44751593919064,NA,NA
Q9Y512,SAMM50,-6.15189567363565,NA,NA
Q9HA65,TBC1D17,-4.43847701127338,TBC1D17,-4.74715594368805
Q9NRN7,AASDHPPT,-4.20745517719001,AASDHPPT,-3.22217642667918
Q06455,RUNX1T1,-2.4249804896034,RUNX1T1,-1.30131831281717
Q9BWM7,SFXN3,-5.07315431706589,SFXN3,-4.450767602665191
O94856,NFASC,-4.71460472873031,NFASC,-4.3361647605433
Q92604,LPGAT1,-5.04568830806386,LPGAT1,-4.95163908079514
P54105,CLNS1A,-5.27715899372041,CLNS1A,-4.3361919156448305
P19086,GNAZ,-5.56136573201501,GNAZ,-5.54927541924953
O15498,YKT6,-6.27990237282908,YKT6,-5.27821218049902
Q24JP5,TMEM132A,-3.44609812892521,TMEM132A,-2.72627139394542
O95297,MPZL1,-6.11453256188443,MPZL1,-5.49581318017614
Q9NPH2,ISYNA1,-4.513427371962591,ISYNA1,-4.27943693909927
Q8N806,UBR7,-3.31697226571904,NA,NA
Q14671,PUM1,-3.66892846335288,PUM1,-3.9300895346989697
O43924,PDE6D,-4.32187241185848,PDE6D,-3.06436380051995
P47756,CAPZB,-5.02549798347217,CAPZB,-4.411291152395729
P26196,DDX6,-5.45120425178351,DDX6,-5.52019047973472
P09104,ENO2,-8.976762272623901,NA,NA
P11413,G6PD,-5.34127596174204,G6PD,-4.88334957285373
O94776,MTA2,-3.59870492190378,MTA2,-2.82157578838401
Q9H6U8,ALG9,-6.34422717108677,ALG9,-4.69619218352252
Q9P291,ARMCX1,-4.31123798683012,ARMCX1,-2.28149833624517
Q68D91,MBLAC2,-5.26881052987752,MBLAC2,-4.69962424949333
O75326,SEMA7A,-3.46660391968513,NA,NA
Q9UPW5,AGTPBP1,-5.350318940084111,NA,NA
O60231,DHX16,-5.03349984608748,DHX16,-4.4131566533328
Q9Y4X5,ARIH1,-3.68703385851059,ARIH1,-3.55167245588744
Q96MZ0,GDAP1L1,-5.8093275982272,GDAP1L1,-4.94534813327524
Q86Y82,STX12,-4.12726070770517,STX12,-3.12298593181687
Q8NCB2,CAMKV,-5.64554737731328,CAMKV,-4.18112451734774
P25787,PSMA2,-7.218422162072019,NA,NA
Q8IV08,PLD3,-3.99872253104207,PLD3,-3.25555794863913
P51149,RAB7A,-8.15124921851031,RAB7A,-7.15336529693516
P13489,RNH1,-5.50135249218099,RNH1,-4.9746896288677105
Q9Y3A3,MOB4,-6.73580069763049,NA,NA
Q96B54,ZNF428,-3.14468417849369,ZNF428,-2.58222053646731
O15394,NCAM2,-3.56219596110433,NCAM2,-2.91488261407898
Q15771,RAB30,-4.42658355191913,RAB30,-3.27643002900814
P63096,GNAI1,-5.33774490430919,GNAI1,-4.07477500575011
P52292,KPNA2,-3.21193672196745,KPNA2,-3.00169738703829
Q13586,STIM1,-5.03246515149837,STIM1,-4.661424163223311
Q96SW2,CRBN,-4.292036282075951,CRBN,-3.55351312987553
P51812,RPS6KA3,-4.4180764305376,RPS6KA3,-3.51526198451525
O43292,GPAA1,-4.60292836947354,GPAA1,-3.9705696751055
Q96MY1,NOL4L,-2.71355148790147,NOL4L,-2.13098129868513
Q9UQL6,HDAC5,-0.836919749836729,NA,NA
Q13951,CBFB,-4.6760914309688095,NA,NA
Q9H2V7,SPNS1,-4.45109217262088,SPNS1,-3.8190266703059
Q9UI30,TRMT112,-4.74637046478449,TRMT112,-4.0689068694375905
Q96S59,RANBP9,-3.39682267198457,RANBP9,-2.79469071227276
P51116,FXR2,-3.9741630483051904,FXR2,-3.18051257038572
Q8TAD8,SNIP1,-3.9062982007707,SNIP1,-3.66686101909796
Q5JU69,TOR2A,-4.98801763652262,TOR2A,-3.60245029533326
P19404,NDUFV2,-7.68614189226488,NDUFV2,-6.77044673049622
Q9NP72,RAB18,-3.95368634344316,RAB18,-3.9955563582999902
Q9H0E2,TOLLIP,-4.56461901052825,TOLLIP,-3.6999015942673297
Q8N350,CBARP,-4.79473863608409,NA,NA
Q8NFT8,DNER,-2.86126219105765,DNER,-2.50690295785718
O00560,SDCBP,-7.54093561030801,SDCBP,-6.04850103499524
P51784,USP11,-4.95339429828524,NA,NA
Q6IEE7,TMEM132E,-3.76723228656808,TMEM132E,-3.23240547513386
Q8NFZ8,CADM4,-3.9800603645251,CADM4,-2.80127745960848
Q9BTT0,ANP32E,-7.512241616281631,NA,NA
O75164,KDM4A,-4.45191874876278,KDM4A,-3.18132057535326
Q8TC26,TMEM163,-5.94050193526627,NA,NA
Q92993,KAT5,-5.54869652871432,KAT5,-4.22955300139826
Q8IV32,CCDC71,-3.05036595413911,CCDC71,-2.74827555416246
Q9P2S2,NRXN2,-4.30011529518349,NRXN2,-3.11256362745747
P42224,STAT1,-4.47747184227024,STAT1,-4.32298995638505
Q9HCD6,TANC2,-3.66985867060623,TANC2,-3.34644138976165
Q8IVW6,ARID3B,-3.22757840009757,NA,NA
Q96IG2,FBXL20,-4.9410566508773,FBXL20,-4.61792923064973
Q86U70,LDB1,-4.1700425870147,LDB1,-4.11947095986329
Q8N2K0,ABHD12,-4.88458817480874,ABHD12,-4.3290789436284
O43526,KCNQ2,-3.4047941738272,NA,NA
Q9BYV9,BACH2,-3.6718257228055102,BACH2,-3.08146457218613
P61006,RAB8A,-5.5065054203844,RAB8A,-4.13972003121864
Q9P2Y5,UVRAG,0.16517819051087,NA,NA
Q14344,GNA13,-5.724077151833449,GNA13,-5.2141312094552
Q96PB7,OLFM3,-2.72255355316863,OLFM3,-2.17755662992507
P50542,PEX5,-4.938029040430489,PEX5,-4.38296859403196
Q9H4M3,FBXO44,-4.06588803895356,FBXO44,-3.38193552838142
O00506,STK25,-4.977368532705991,STK25,-4.64812163783076
Q9P0I2,EMC3,-5.11657043619214,EMC3,-4.30194738730956
Q6L8Q7,PDE12,-7.745347965252391,PDE12,-5.87122129007568
O43252,PAPSS1,-4.47836101171647,PAPSS1,-3.48691380436715
Q01082,SPTBN1,-9.88100615430495,NA,NA
P61018,RAB4B,-4.18098883128501,NA,NA
P56211,ARPP19,-3.89086555981939,ARPP19,-3.94889975764644
Q9H3K2,GHITM,-7.11539980002297,GHITM,-5.89759857659487
O94985,CLSTN1,-3.016804203639,CLSTN1,-2.2690878347436
Q9Y3I1,FBXO7,-4.52770921760948,FBXO7,-3.30088980529687
Q9BZA7,PCDH11X,-6.1019647607339,NA,NA
P07858,CTSB,-5.777773671541,CTSB,-5.84601479055832
P38606,ATP6V1A,-5.47345009552308,ATP6V1A,-4.15226944189234
P42229,STAT5A,-2.66843905008759,NA,NA
O14775,GNB5,-5.44955884962777,GNB5,-4.42381421619702
Q9ULU8,CADPS,-7.837473751747139,CADPS,-7.424729923444151
Q9Y315,DERA,-6.9398034114116305,NA,NA
O96005,CLPTM1,-6.44299952264703,CLPTM1,-6.1201004789826
Q92945,KHSRP,-5.41818613386105,KHSRP,-5.14983852843276
Q8IUH5,ZDHHC17,-4.050795872323089,ZDHHC17,-3.19784045094476
O94898,LRIG2,-4.29331375845274,LRIG2,-3.8054738362134706
Q9UDT6,CLIP2,-11.5405321118241,NA,NA
P35716,SOX11,-2.35384845053935,SOX11,-1.6726395103622
Q9Y3C6,PPIL1,-7.33803742928647,PPIL1,-6.359504818459031
O75746,SLC25A12,-6.15333825588088,NA,NA
Q86XL3,ANKLE2,-4.5204061103133295,NA,NA
Q13895,BYSL,-3.7095821833848706,BYSL,-3.21724984192031
P26378,ELAVL4,-3.9405596958461,ELAVL4,-3.31315511309656
Q86Y79,PTRH1,-3.84061068847568,PTRH1,-3.43007070815612
Q96S55,WRNIP1,-4.342268518705009,WRNIP1,-4.22791170583356
Q9UQ35,SRRM2,-5.19395319312704,NA,NA
Q92879,CELF1,-5.24367492885378,CELF1,-3.7714791905739
Q92616,GCN1,-11.5826079841925,NA,NA
Q9ULH0,KIDINS220,-10.9834547696184,NA,NA
Q9Y2H5,PLEKHA6,-3.30129504228903,PLEKHA6,-2.63944855535777
Q9BRK4,LZTS2,-2.93814426653459,NA,NA
P48664,SLC1A6,-3.77971482695978,SLC1A6,-2.63306994170901
A1L0T0,ILVBL,-5.27673856236577,ILVBL,-4.46687338380027
Q6PI78,TMEM65,-5.6691405110753905,TMEM65,-5.469005517786591
O14525,ASTN1,-11.0679152615648,NA,NA
O94910,ADGRL1,-3.56837681724536,ADGRL1,-3.04211317858498
P50148,GNAQ,-5.76142500090012,GNAQ,-5.06500600976424
Q9UHV9,PFDN2,-6.90739857777782,PFDN2,-5.47803817807603
Q9GZM8,NDEL1,-4.02568826709338,NDEL1,-3.522440893852
P15822,HIVEP1,-1.55788505524806,NA,NA
Q9Y6D9,MAD1L1,-5.033619710068,MAD1L1,-2.96763018105365
Q14137,BOP 1.00,-10.1952028128035,NA,NA
Q9Y216,MTMR7,-3.6699001100918704,MTMR7,-3.52903776530629
Q13526,PIN1,-5.55168828842823,PIN1,-4.53598550519304
Q969G2,LHX4,-3.79759570451094,LHX4,-2.42689163955932
Q9NZV5,SELENON,-3.81165801109744,NA,NA
Q04637,EIF4G1,-9.486064699976,NA,NA
Q08174,PCDH1,-3.8211375366488096,PCDH1,-3.68736267203822
Q6VAB6,KSR2,-5.16776360606673,KSR2,-3.49891290809522
Q96GS4,BORCS6,-6.00370726609085,NA,NA
Q96DE0,NUDT16,-4.6380795234155,NUDT16,-4.19029009716192
Q5T3F8,TMEM63B,-4.30598248487376,TMEM63B,-3.22258895216404
Q9HCN4,GPN1,-6.27486967953687,GPN1,-5.76667905280968
Q9UI10,EIF2B4,-5.99497541940156,EIF2B4,-4.77771365197048
Q8N158,GPC2,-5.04649885548033,GPC2,-4.74286230224875
Q15262,PTPRK,-3.40782224680631,NA,NA
Q14728,MFSD10,-6.4199465709392305,MFSD10,-5.45973221317067
P57678,GEMIN4,-5.3863960148183,GEMIN4,-4.80927032449708
Q9P2G1,ANKIB1,-5.56055413146032,NA,NA
O00264,PGRMC1,-4.9016298595257295,NA,NA
Q6PID6,TTC33,-4.81585708727176,TTC33,-3.31293339926154
Q8IUL8,CILP2,-4.00266863763231,CILP2,-3.98297532972036
Q9P2R3,ANKFY1,-6.07001805488008,ANKFY1,-6.065701896347689
Q6YN16,HSDL2,1.16377684994617,NA,NA
O43301,HSPA12A,-9.092425585187529,HSPA12A,-9.55995447590599
P07741,APRT,-5.7402250933318,APRT,-5.544749827410911
P18669,PGAM1,-8.58644340960526,PGAM1,-8.56380782818097
P56159,GFRA1,-4.416199264861209,GFRA1,-3.19247702680048
Q9Y693,LHFPL6,-3.92590906383184,NA,NA
Q86UN3,RTN4RL2,-4.01911628597441,NA,NA
Q9H444,CHMP4B,-5.1118637416854895,CHMP4B,-5.6810519816297695
Q7L775,EPM2AIP1,-4.93482632779887,EPM2AIP1,-4.06495736913251
O75182,SIN3B,-4.07632588877697,SIN3B,-3.44876775330114
P68106,FKBP1B,-5.25595670575451,FKBP1B,-3.7982593867262495
O60422,ONECUT3,-1.73364241283635,NA,NA
O43639,NCK2,-3.90476616427368,NA,NA
Q53FT3,HIKESHI,-6.5122659572189,HIKESHI,-5.459535216028289
Q12926,ELAVL2,-4.48584036595878,ELAVL2,-3.58401669776316
Q06136,KDSR,-7.188366428813151,NA,NA
Q13838,DDX39B,-8.98036710578058,NA,NA
Q9UHR5,SAP30BP,-4.89833678863428,SAP30BP,-4.43504024330558
Q8IXK0,PHC2,-3.75231658973876,PHC2,-2.54129695066908
Q9BU61,NDUFAF3,-1.94832543872101,NA,NA
Q9BR01,SULT4A1,-0.647791227206761,NA,NA
Q15257,PTPA,-6.04782659842261,NA,NA
O00233,PSMD9,-5.73728431995725,PSMD9,-4.514737002996649
Q9ULK4,MED23,-5.48652233590244,NA,NA
Q96FT7,ASIC4,-5.90707644476375,NA,NA
O43602,DCX,-4.52286461299493,DCX,-3.8574991949397104
Q9BX66,SORBS1,-4.89040026180222,SORBS1,-3.8751435415580304
Q9P0J7,KCMF1,-4.4969952199192,KCMF1,-3.82432421269006
P52597,HNRNPF,-7.4370569549859695,NA,NA
Q5VTL8,PRPF38B,-4.987009164226831,PRPF38B,-4.0870627897463505
O95248,SBF1,-10.9703953270647,NA,NA
Q9P2G3,KLHL14,-4.74724641243638,NA,NA
O95336,PGLS,-6.2034444887731,PGLS,-5.4449737269594
O00451,GFRA2,-5.05976798066836,GFRA2,-3.30913493795352
A6NJT0,UNCX,-2.91011361863929,UNCX,-2.06762253663612
Q8NI37,PPTC7,-0.875292419168215,NA,NA
Q5K4L6,SLC27A3,-12.3452641321087,NA,NA
Q06587,RING1,-4.35602416123847,RING1,-3.87252285818652
O75038,PLCH2,-2.34947288974666,NA,NA
Q8TEW0,PARD3,-4.77803493264632,PARD3,-3.70988270262168
Q8IYB1,MB21D2,-5.0737061299924,MB21D2,-3.57489720350399
Q13596,SNX1,-5.71336202097337,NA,NA
Q16799,RTN1,-6.12258684480949,RTN1,-5.86095500535667
O14628,ZNF195,-3.42518359967006,ZNF195,-2.21964883317137
Q9ULU4,ZMYND8,-11.0911949960727,NA,NA
P24928,POLR2A,-9.95803644030129,NA,NA
Q9HBE1,PATZ1,-2.3264517034635,PATZ1,-1.72162074265625
O43929,ORC4,-2.89458162463875,ORC4,-2.31470671152226
Q9HCJ2,LRRC4C,-0.394979795928681,NA,NA
Q8N8L6,ARL 10.00,-3.78554907317046,NA,NA
Q9UQ03,CORO2B,-6.17176766820556,NA,NA
Q9P2N5,RBM27,-4.03152137147136,RBM27,-3.61211789662772
Q9H6J7,C11orf49,0.61572974474769,NA,NA
Q9NYQ7,CELSR3,-5.78818706330201,CELSR3,-4.33827035776386
Q13501,SQSTM1,-4.67124886301195,NA,NA
P12270,TPR,-11.9073042134104,NA,NA
Q9NZ53,PODXL2,-3.6504273854600706,NA,NA
P46379,BAG6,-4.41438677779324,BAG6,-3.8249555684487504
Q9H496,TOR1AIP2,-4.4699841100473,TOR1AIP2,-3.68240865501348
P02786,TFRC,-4.77445466910024,TFRC,-4.4351155398506
Q8WUU5,GATAD1,-4.37228202919685,GATAD1,-4.51273271944574
A1L020,MEX3A,-3.59996413093408,MEX3A,-3.11030686593541
Q9ULI4,KIF26A,-4.19559841312185,KIF26A,-2.81039123970275
Q9Y376,CAB39,-4.61481713282783,CAB39,-4.407678328349711
P24666,ACP1,-5.014367937448809,ACP1,-4.72775598343954
Q92558,WASF1,-6.1019353790553,WASF1,-4.33252564663966
Q9UP83,COG5,-7.17875371689548,NA,NA
Q9Y4F3,MARF1,-3.9655744203456,MARF1,-4.2243867067865
O94868,FCHSD2,-2.87211905610159,NA,NA
Q8WUN7,UBTD2,-2.26186829924748,NA,NA
Q16706,MAN2A1,-2.1302673458591,NA,NA
Q15126,PMVK,-5.397917297647671,PMVK,-4.6104678438666
Q16555,DPYSL2,-9.07169180008477,DPYSL2,-6.84837740438117
Q16718,NDUFA5,-4.09988303499179,NDUFA5,-3.67650696074184
Q9BRD0,BUD13,-3.6802795773652304,NA,NA
Q12797,ASPH,-2.04715978702211,ASPH,-3.29487291190286
Q86VW0,SESTD1,-3.8853281222235,SESTD1,-3.76157480736589
O94953,KDM4B,-3.90385997653696,KDM4B,-2.46491342589851
P36954,POLR2I,-5.109677925805,NA,NA
Q8NFP4,MDGA1,-6.3414220853709296,NA,NA
Q02127,DHODH,-12.5165547502613,NA,NA
O15173,PGRMC2,-5.20291454843528,PGRMC2,-3.9809109623029295
P08243,ASNS,-8.13446147966078,NA,NA
Q13569,TDG,-3.05544939525042,TDG,-2.88834468407785
Q9C0I3,CCSER1,-0.184042951435349,CCSER1,0.28222466337222
Q02543,RPL18A,-6.2691861527701,RPL18A,-5.3007381607053
Q9NRW7,VPS45,-4.63763407608256,VPS45,-4.34573806251605
P16298,PPP3CB,-5.7599785360165505,PPP3CB,-4.958976817348351
P18074,ERCC2,-4.54847182206714,NA,NA
Q96K37,SLC35E1,-4.756097359381569,SLC35E1,-4.018751210531249
Q8WYK1,CNTNAP5,-4.16642785788014,CNTNAP5,-3.43759695893676
Q13825,AUH,-4.751244207415169,NA,NA
Q86TN4,TRPT1,-11.7675365848312,NA,NA
Q6Y7W6,GIGYF2,-4.26804382572065,GIGYF2,-3.7257246384683
O15068,MCF2L,-4.5712108474654,NA,NA
P16949,STMN1,-6.3464869959022,STMN1,-6.078179615851351
Q15560,TCEA2,-1.60901720130601,TCEA2,-2.21273198888244
O15213,WDR46,-5.70582667822006,WDR46,-4.61744296165806
P31930,UQCRC1,-6.492744045564,UQCRC1,-5.6916213818263905
Q9Y496,KIF3A,-12.0947816152726,KIF3A,-10.8955553791771
Q8N1G4,LRRC47,-6.107842751028049,LRRC47,-4.92282917683293
P28799,GRN,-0.471139818454352,GRN,-0.396061779948635
O94952,FBXO21,-3.1225949369656,NA,NA
Q9UKE5,TNIK,-3.24939161585197,TNIK,-2.73842288766258
O75385,ULK1,-2.55944359202953,NA,NA
P25705,ATP5F1A,-7.29362044530272,NA,NA
Q5JU85,IQSEC2,-1.54428110844711,NA,NA
Q9NQG5,RPRD1B,-4.935023440281991,RPRD1B,-3.91459007755966
Q6ZN54,DEF8,-1.7161228026263,DEF8,-1.72966105690455
P36639,NUDT1,-11.2167272716989,NA,NA
Q99873,PRMT1,-6.67080495410953,NA,NA
P55011,SLC12A2,-4.11986484729148,SLC12A2,-3.23083612307926
P43004,SLC1A2,-5.49459784888336,NA,NA
Q12765,SCRN1,-5.966124562707231,SCRN1,-4.77510586968542
O75390,CS,-7.8488883424606,CS,-7.695433935923351
Q86V97,KBTBD6,-4.6089574296228495,NA,NA
O75093,SLIT1,-4.0905566632842305,SLIT1,-2.60675967525343
P62701,RPS4X,-8.61392395090933,NA,NA
P35222,CTNNB1,-3.9293589039735903,CTNNB1,-3.55269813452813
P48730,CSNK1D,-3.03361659101551,NA,NA
Q99733,NAP1L4,-8.45766889390881,NA,NA
Q96A35,MRPL24,-5.81352360320248,MRPL24,-5.08524563052868
Q9Y5R8,TRAPPC1,1.70089871987579,TRAPPC1,1.6957877578644
Q9H4A3,WNK1,-4.66358047681996,NA,NA
Q8WXI2,CNKSR2,-12.1569162687373,NA,NA
Q9Y2B0,CNPY2,-7.195567781080809,CNPY2,-4.87424772399408
Q13492,PICALM,-4.71992992141183,NA,NA
Q9NXG6,P4HTM,-3.56968335343637,NA,NA
Q52WX2,SBK1,-4.21469331526413,SBK1,-3.722955741121
Q9P2K5,MYEF2,-7.23093780665092,NA,NA
P60510,PPP4C,-4.84827476713208,PPP4C,-3.89284035551142
Q9UNF1,MAGED2,-6.48962810223377,MAGED2,-4.439414329629
Q6ZVC0,NYAP1,-2.72108844708813,NA,NA
Q9BU76,MMTAG2,4.3970662118319,NA,NA
Q8NBI6,XXYLT1,-4.71357950455608,XXYLT1,-3.6477367580695
Q96F07,CYFIP2,-7.177572084408889,NA,NA
P84095,RHOG,-2.59546345195455,NA,NA
O43920,NDUFS5,-5.64211546394079,NDUFS5,-5.00966343435728
P61086,UBE2K,-4.58008904719556,UBE2K,-4.24245815380206
P22695,UQCRC2,-6.6154547116125,NA,NA
P42892,ECE1,-4.60424019462433,ECE1,-2.74994298311079
Q8N0Z6,TTC5,-5.35031796398225,NA,NA
Q96NX9,DACH2,-1.65183808541367,NA,NA
Q00610,CLTC,-11.6403984453588,CLTC,-10.0648011701887
Q15819,UBE2V2,-5.524049231129689,UBE2V2,-5.03045555812364
Q9UBB9,TFIP11,-4.52034208362,NA,NA
P29401,TKT,-9.86294254595712,NA,NA
Q5TGI0,FAXC,-4.45153551928812,FAXC,-3.8507375114815106
O43310,CTIF,-3.37368063134345,CTIF,-2.8837541403885
Q6ZNB6,NFXL1,-11.0618747083963,NA,NA
Q719H9,KCTD1,-2.64792812048605,KCTD1,-2.33241702558524
Q9H9T3,ELP3,-5.98461097092784,ELP3,-4.86167509228948
Q12852,MAP3K12,-4.96357656888393,MAP3K12,-3.71585676036959
O75347,TBCA,-7.486250459969059,NA,NA
Q86X27,RALGPS2,-2.71476207539102,NA,NA
Q8N1B4,VPS52,-4.81982855613371,NA,NA
Q12824,SMARCB1,-3.77394218925916,SMARCB1,-2.84721238790679
Q04656,ATP7A,-11.4116480720496,NA,NA
Q8WXF1,PSPC1,-6.2526826679474095,PSPC1,-5.6681530140568
P07738,BPGM,-7.025990674051631,NA,NA
O95782,AP2A1,-9.999748485680739,AP2A1,-8.16833770192377
P30153,PPP2R1A,-10.1291615453506,NA,NA
P10586,PTPRF,-4.29007588749401,PTPRF,-3.6973471051968305
Q99856,ARID3A,-4.33478066866745,ARID3A,-2.72734683991552
Q9BQ39,DDX50,-5.41796226276721,NA,NA
O00116,AGPS,-12.2345622729257,NA,NA
Q15717,ELAVL1,-5.267160975951151,ELAVL1,-4.385650905669911
Q6P1X6,C8orf82,-5.843493697343191,C8orf82,-5.10841345927608
Q9BXB4,OSBPL11,-4.09326621328532,OSBPL11,-4.13625879394767
Q96CT7,CCDC124,-10.0449668631805,NA,NA
Q9C0C2,TNKS1BP1,-5.55840138795203,TNKS1BP1,-4.3840287231924
Q5JSZ5,PRRC2B,-3.91986407959748,PRRC2B,-3.03455440516779
Q15048,LRRC14,-4.9780816208844705,LRRC14,-4.15167502527825
Q96GD3,SCMH1,-1.13329675527318,SCMH1,-0.818558166316129
P59998,ARPC4,-6.14975605735842,NA,NA
Q6NUM9,RETSAT,-5.41168081923534,RETSAT,-3.7140411734046306
P36578,RPL4,-6.78691767083283,NA,NA
Q8IXQ5,KLHL7,-2.74139742897418,NA,NA
O00170,AIP,-4.810188664779529,NA,NA
Q9H4L4,SENP3,-4.13217811914509,SENP3,-3.52245082842451
Q9BWE0,REPIN1,-1.79840595100215,NA,NA
P14416,DRD2,-4.61450564978733,NA,NA
P30876,POLR2B,-5.2654024648018,POLR2B,-4.01972164962304
O00743,PPP6C,-5.974236243587289,PPP6C,-3.62243595862904
Q9NXG2,THUMPD1,-11.9966252771549,NA,NA
Q9H3P7,ACBD3,-6.66563619382076,NA,NA
Q9HCM3,KIAA1549,-4.26010637853744,KIAA1549,-2.90071430910126
Q9HAT8,PELI2,-4.30680028272292,PELI2,-3.14836193581213
Q92845,KIFAP3,-3.89605920804386,KIFAP3,-2.83740501193351
O43854,EDIL3,-9.4082272803794,NA,NA
Q15643,TRIP11,-5.20659104437158,NA,NA
O94766,B3GAT3,-4.1532482393139105,B3GAT3,-3.4765587763433
O00429,DNM1L,-12.9381798711241,NA,NA
Q9NR28,DIABLO,-5.88311297340479,NA,NA
P31150,GDI1,-8.12265480140866,NA,NA
Q59EK9,RUNDC3A,-4.95847764614965,RUNDC3A,-3.72815254275544
Q5JRA6,MIA3,-5.20962231383429,NA,NA
Q15067,ACOX1,-5.3407963675051295,ACOX1,-5.00864640142928
P30040,ERP29,-5.2084846994019,ERP29,-4.94014895257962
P0CK96,SLC35E2B,-1.022859776492,SLC35E2B,-0.648670543643107
Q9UPV7,PHF24,-11.2250965282436,NA,NA
P09874,PARP1,-11.3336330602667,NA,NA
Q9NS86,LANCL2,-6.545927874837529,LANCL2,-7.20270931655984
Q9BSV6,TSEN34,-4.24934335443932,TSEN34,-2.14389539301838
Q7Z7L7,ZER1,-4.0086836291234,NA,NA
Q86WA8,LONP2,-5.45755187983302,LONP2,-4.78461353698312
Q13310,PABPC4,-9.80169901445217,PABPC4,-8.5660311436001
P49458,SRP9,-4.16400183857351,SRP9,-3.59141883610578
Q13242,SRSF9,-8.50846149757053,NA,NA
P53990,IST1,-11.423275239426,NA,NA
Q96A83,COL26A1,-12.7956711579323,NA,NA
Q15631,TSN,-5.629959790090431,TSN,-4.73060552994804
Q9UKG1,APPL1,-5.8674566613733905,NA,NA
Q8TBP6,SLC25A40,-6.69464490688431,NA,NA
O14576,DYNC1I1,-5.8131813059547905,NA,NA
O60299,LZTS3,-2.61524770125118,NA,NA
Q15120,PDK3,-4.36265402188697,NA,NA
Q9Y5X1,SNX9,-5.94171204064302,NA,NA
O43155,FLRT2,-2.847234706177,NA,NA
Q9UBI9,HECA,-4.36296671796964,HECA,-4.54428356641841
Q8IYT2,CMTR2,-1.14266774504397,NA,NA
O00213,APBB1,-3.17111054971373,APBB1,-2.93491249417893
P04843,RPN1,-5.79838615535844,NA,NA
P17612,PRKACA,-9.568919920297299,PRKACA,-8.077622885565791
Q08629,SPOCK1,-2.82643539277215,SPOCK1,-2.11630356303214
P61916,NPC2,-8.92668390955924,NA,NA
P78344,EIF4G2,-12.3631921332298,NA,NA
Q8NEY1,NAV1,-4.24959685720864,NAV1,-4.9130861610094305
Q8IXT5,RBM12B,-11.6980383574518,NA,NA
P98172,EFNB1,-6.36357225333351,NA,NA
Q99567,NUP88,-6.78134612388054,NA,NA
Q6F5E8,CARMIL2,-7.1640887290186495,NA,NA
Q6KCM7,SLC25A25,3.8360027918221,NA,NA
P54756,EPHA5,-0.511684577815611,NA,NA
Q92997,DVL3,-11.0753302242705,NA,NA
Q96SU4,OSBPL9,-4.54339514291027,OSBPL9,-3.9096934688766
O95373,IPO7,-12.4792873995082,NA,NA
Q9NW61,PLEKHJ1,1.07568459127746,NA,NA
Q9UBF2,COPG2,-6.47325533583616,COPG2,-6.1997983872966
Q9GZT9,EGLN1,-4.9066288071886,NA,NA
Q14108,SCARB2,-5.40950269604198,SCARB2,-5.10486520032634
Q9NUM4,TMEM106B,-2.71922260832325,TMEM106B,-2.54561437240186
Q9UNF0,PACSIN2,-5.934936587156,PACSIN2,-5.5729253060302
Q8NEZ5,FBXO22,-5.9502322523488,FBXO22,-4.67569565969628
Q9BW62,KATNAL1,-9.74399627340143,NA,NA
Q12955,ANK3,-11.1123588856774,NA,NA
Q9UQ80,PA2G4,-12.3976586665402,NA,NA
Q14576,ELAVL3,-7.490829860284419,NA,NA
A8MW92,PHF20L1,-4.89700531451594,NA,NA
Q9P2Q2,FRMD4A,-7.672484216279821,FRMD4A,-4.32914076353109
Q8IVU1,IGDCC3,-4.94762145594938,IGDCC3,-3.22295816685203
Q2NKJ3,CTC1,-0.423214715148996,NA,NA
Q99569,PKP4,-3.12014866428695,NA,NA
P63151,PPP2R2A,-4.75944842424276,NA,NA
Q6N022,TENM4,-10.4235415555726,TENM4,-10.3069149966224
Q9UPU3,SORCS3,-3.53075997838878,SORCS3,-2.73984105874834
P17706,PTPN2,-2.75279524643042,NA,NA
Q96EZ8,MCRS1,-3.26013089504944,NA,NA
P09001,MRPL3,-3.18256900540812,NA,NA
Q9UKV8,AGO2,-12.5307041325149,NA,NA
Q96ST3,SIN3A,-4.6694241992301295,SIN3A,-3.57558898398528
O14522,PTPRT,-4.44367160909015,PTPRT,-3.3421126441117
Q6ZSY5,PPP1R3F,-5.15117181412174,PPP1R3F,-4.81095481671546
Q9H1B7,IRF2BPL,-4.81910244009915,IRF2BPL,-3.86365280470662
P53999,SUB1,-8.599602507906889,SUB1,-8.61270430368637
P06241,FYN,-5.06064800126613,NA,NA
Q9NYB0,TERF2IP,-5.14318076096072,TERF2IP,-5.1525882711069
O15027,SEC16A,-5.24532979454219,SEC16A,-4.48465135839502
P61247,NA,NA,RPS3A,-6.1606930139779
O43312,NA,NA,MTSS1,-4.2530188286586705
P62380,NA,NA,TBPL1,-3.67956814789076
O15020,NA,NA,SPTBN2,-5.49321494052085
P14735,NA,NA,IDE,-3.74486888909187
Q96S90,NA,NA,LYSMD1,-3.4192081950781
Q9UJ41,NA,NA,RABGEF1,-5.138399271992591
Q8IWT6,NA,NA,LRRC8A,-4.10520784525088
P48634,NA,NA,PRRC2A,-3.53271024807775
P51513,NA,NA,NOVA1,-5.5668814734238
Q9ULJ7,NA,NA,ANKRD50,-3.99481965087444
Q86UU1,NA,NA,PHLDB1,-3.59174920274202
Q75VX8,NA,NA,GAREM2,-4.4142933624879
Q9HCG8,NA,NA,CWC22,-3.83774357421058
Q9GZZ1,NA,NA,NAA50,-4.177955747740129
O00571,NA,NA,DDX3X,-3.1166329739441
O94813,NA,NA,SLIT2,-4.59383942333185
Q7Z5G4,NA,NA,GOLGA7,-3.8068991334404494
Q9H8M5,NA,NA,CNNM2,-4.2053886404422
Q07866,NA,NA,KLC1,-5.64074238230811
Q8IXH7,NA,NA,NELFCD,-4.55415982234244
Q9Y285,NA,NA,FARSA,-5.18124127685386
O14730,NA,NA,RIOK3,-2.24905585591629
P13798,NA,NA,APEH,-4.33761295778562
Q8IWA4,NA,NA,MFN1,-3.6143730271631296
Q2TAL8,NA,NA,QRICH1,-2.21704820411002
Q76G19,NA,NA,PDZD4,-3.0649158832896
Q8NI27,NA,NA,THOC2,-4.47497675144636
Q6P1R4,NA,NA,DUS1L,-3.30834781018815
P78559,NA,NA,MAP1A,-5.23116858730658
Q7Z6M1,NA,NA,RABEPK,-4.21278991802295
O60828,NA,NA,PQBP1,-3.47575058523014
Q16827,NA,NA,PTPRO,-2.98086450548208
O00273,NA,NA,DFFA,-4.813034987774871
O75190,NA,NA,DNAJB6,-3.31202833879661
P22694,NA,NA,PRKACB,-3.93506163050844
A7MD48,NA,NA,SRRM4,-2.39528114387222
O60216,NA,NA,RAD21,-4.202696630380751
Q8NFG4,NA,NA,FLCN,-2.4726798807053
O15379,NA,NA,HDAC3,-3.53308959611082
Q9NWZ5,NA,NA,UCKL1,-3.9707045461772
Q9GZL7,NA,NA,WDR12,0.63167614683566
Q9UL46,NA,NA,PSME2,-6.37154985436962
Q13873,NA,NA,BMPR2,-3.50673487935478
A6QL63,NA,NA,BTBD11,-1.73592146243546
Q08379,NA,NA,GOLGA2,-2.84414957317438
P55786,NA,NA,NPEPPS,-5.78261737185413
Q8IU81,NA,NA,IRF2BP1,-3.34221335070208
Q9BUZ4,NA,NA,TRAF4,-4.22013814919509
O00255,NA,NA,MEN1,-4.52237509860515
Q9Y6M1,NA,NA,IGF2BP2,-5.21425746153462
Q8N5A5,NA,NA,ZGPAT,-3.82661384255376
Q99848,NA,NA,EBNA1BP2,-4.60876411609944
Q8N9I9,NA,NA,DTX3,-3.22626889540935
Q9UGH3,NA,NA,SLC23A2,-3.39960769680355
P63010,NA,NA,AP2B1,-7.99654631521784
O75489,NA,NA,NDUFS3,-5.7078525192883
Q8TDN6,NA,NA,BRIX1,-3.24514696439785
Q9Y5V3,NA,NA,MAGED1,-2.12875265788934
P22307,NA,NA,SCP2,-5.22270158431379
Q92785,NA,NA,DPF2,-3.55523109744567
P48729,NA,NA,CSNK1A1,-3.18887282370111
Q92609,NA,NA,TBC1D5,-2.9897642076764
O15270,NA,NA,SPTLC2,-3.62064182390534
Q9NZ63,NA,NA,C9orf78,-3.48112400114846
O60927,NA,NA,PPP1R11,-3.8271595699282495
Q6UXD5,NA,NA,SEZ6L2,-1.68205712267023
Q9P258,NA,NA,RCC2,-4.66488321072928
Q9Y4G8,NA,NA,RAPGEF2,-3.43811238057313
P78356,NA,NA,PIP4K2B,-4.65799094251415
P60880,NA,NA,SNAP25,-4.396545077030351
P00367,NA,NA,GLUD1,-6.118322723860169
Q9H5H4,NA,NA,ZNF768,-3.6680108172264703
Q9NYY8,NA,NA,FASTKD2,-4.49500591638785
Q9UMN6,NA,NA,KMT2B,-3.82845544606176
P98175,NA,NA,RBM10,-4.0106965572154305
P17405,NA,NA,SMPD1,-4.99600744714706
O75044,NA,NA,SRGAP2,-4.127263534714969
Q5T7P8,NA,NA,SYT6,-4.04412728294492
Q9Y2I1,NA,NA,NISCH,-3.37139567656502
Q8N5J2,NA,NA,MINDY1,-3.3779634351721
Q9BWF3,NA,NA,RBM4,-2.58054762926598
Q643R3,NA,NA,LPCAT4,-3.98027600685892
P45954,NA,NA,ACADSB,-4.80067580486643
P62937,NA,NA,PPIA,-5.47112410171661
Q9UI36,NA,NA,DACH1,-2.51786410524585
Q9NVG8,NA,NA,TBC1D13,-3.82822908004143
Q86UK7,NA,NA,ZNF598,-3.27485914606235
Q7Z5K2,NA,NA,WAPL,-3.1464133637003
A6NGN9,NA,NA,IGLON5,-3.87584912809281
P23470,NA,NA,PTPRG,-3.62164770972508
O95721,NA,NA,SNAP29,-4.3735660597256
P11117,NA,NA,ACP2,-6.07888893023156
P43034,NA,NA,PAFAH1B1,-9.82700362031144
Q9UJC5,NA,NA,SH3BGRL2,-7.33421248649959
P18615,NA,NA,NELFE,-3.03860725557228
Q8N5H7,NA,NA,SH2D3C,-2.82069296953911
Q14BN4,NA,NA,SLMAP,-4.97813069273853
P50607,NA,NA,TUB,-0.768409877838765
Q9UBU9,NA,NA,NXF1,-4.87487355632104
Q5SQI0,NA,NA,ATAT1,-6.78492362098864
P52701,NA,NA,MSH6,-10.7697940108388
Q6NTF9,NA,NA,RHBDD2,-6.74299521625389
O15260,NA,NA,SURF4,-6.42244142078951
P34931,NA,NA,HSPA1L,-5.05983464541307
Q5VTB9,NA,NA,RNF220,-4.08370409961432
O60858,NA,NA,TRIM13,-2.62501117986914
O75376,NA,NA,NCOR1,-2.47977655451914
Q96CU9,NA,NA,FOXRED1,-5.87745895325558
Q9BRX2,NA,NA,PELO,-3.40568191688992
Q9Y5W9,NA,NA,SNX11,-6.51770281847925
Q9HBU6,NA,NA,ETNK1,-2.53441241106687
P46109,NA,NA,CRKL,-7.304908797819299
O14828,NA,NA,SCAMP3,-3.34219424302035
O14735,NA,NA,CDIPT,-4.96819608091287
Q2TAY7,NA,NA,SMU1,-5.64553001864562
Q14CW9,NA,NA,ATXN7L3,-1.0646722080058
Q9H254,NA,NA,SPTBN4,-1.87556734822326
Q9BRL6,NA,NA,SRSF8,-4.61624942975456
O95372,NA,NA,LYPLA2,-6.74830293042297
Q86U90,NA,NA,YRDC,-6.035781144042289
Q15788,NA,NA,NCOA1,-2.72515432796116
P49840,NA,NA,GSK3A,-4.370266692217871
Q5M775,NA,NA,SPECC1,-4.9603907414941295
A1A5C7,NA,NA,SLC22A23,-6.686404447038569
Q6DKJ4,NA,NA,NXN,-3.96725465496324
Q9H1D9,NA,NA,POLR3F,-3.43100482936996
Q9Y2U8,NA,NA,LEMD3,-1.89484272274476
Q9H165,NA,NA,BCL11A,-3.06700591926707
P60763,NA,NA,RAC3,-4.555439043523
P48454,NA,NA,PPP3CC,-6.8972540075052
Q86WR0,NA,NA,CCDC25,-4.72415083708891
P50579,NA,NA,METAP2,-4.97375015657486
P57771,NA,NA,RGS8,-4.41616324200493
Q9H1V8,NA,NA,SLC6A17,-2.15051640954169
Q969R2,NA,NA,OSBP2,-5.94622262479172
Q9UBB4,NA,NA,ATXN10,-3.8199517569949295
O15400,NA,NA,STX7,-4.00248693866659
Q14331,NA,NA,FRG1,-5.819845018573689
O43505,NA,NA,B4GAT1,-2.63087925608303
Q9HD20,NA,NA,ATP13A1,-4.8192841073525
Q6IAA8,NA,NA,LAMTOR1,-4.51676721896247
Q8N9V3,NA,NA,WDSUB1,-2.83300327700487
Q7L3B6,NA,NA,CDC37L1,-0.274446070195646
Q96JQ0,NA,NA,DCHS1,-2.22309884552438
Q147X3,NA,NA,NAA30,-3.80758005150522
O14782,NA,NA,KIF3C,-2.80409454527899
Q8NC96,NA,NA,NECAP1,-7.28989442630669
Q7Z7K6,NA,NA,CENPV,-6.07342586835147
Q8IZD9,NA,NA,DOCK3,-5.40166238731655
O00750,NA,NA,PIK3C2B,-4.51301922999894
Q8NFP9,NA,NA,NBEA,-4.468433826910551
Q99497,NA,NA,PARK7,-6.23402116962868
Q9BRQ0,NA,NA,PYGO2,-3.38451851472798
P26358,NA,NA,DNMT1,-2.91861868926022
Q8WWI5,NA,NA,SLC44A1,-4.87389887403574
Q9NX40,NA,NA,OCIAD1,-3.9503726495798097
Q8IWZ3,NA,NA,ANKHD1,-4.73498611034071
Q9HCK5,NA,NA,AGO4,-4.016763592637671
Q96M27,NA,NA,PRRC1,-5.694903804728231
Q674X7,NA,NA,KAZN,-4.18862875322668
Q96JJ6,NA,NA,JPH4,-2.35846993845393
P61129,NA,NA,ZC3H6,-1.90032362039484
P78318,NA,NA,IGBP1,-3.52935075742002
Q8N1G1,NA,NA,REXO1,-3.83094608186068
P35790,NA,NA,CHKA,-3.64446573372978
Q6ICG6,NA,NA,KIAA0930,-3.58403385371953
Q9Y4D8,NA,NA,HECTD4,-9.90593141178195
Q8NCA5,NA,NA,FAM98A,-5.14100576086282
P14373,NA,NA,TRIM27,-3.23360185252131
Q8IUD2,NA,NA,ERC1,-7.473477012336141
P09012,NA,NA,SNRPA,-6.082067701601511
Q9NP66,NA,NA,HMG20A,-1.95079769592476
Q02790,NA,NA,FKBP4,-6.11683207032003
O95758,NA,NA,PTBP3,-3.5311822918494
Q9BUN8,NA,NA,DERL1,-5.17329040568624
Q08945,NA,NA,SSRP1,-7.741091107041619
O75179,NA,NA,ANKRD17,-4.83828637920286
Q96F63,NA,NA,CCDC97,-3.43057346208339
Q7L523,NA,NA,RRAGA,-5.09687492834916
P55795,NA,NA,HNRNPH2,-4.1079918867445
Q15393,NA,NA,SF3B3,-6.40882233174612
Q8N9I0,NA,NA,SYT2,-2.48714779607731
O75396,NA,NA,SEC22B,-6.82117357519088
P35813,NA,NA,PPM1A,-5.802008315465351
Q9Y6I4,NA,NA,USP3,-4.46652773939978
O14979,NA,NA,HNRNPDL,-7.554091033941
Q9NRG7,NA,NA,SDR39U1,-5.651717548584711
Q14686,NA,NA,NCOA6,-0.94921421090092
O95402,NA,NA,MED26,-1.85703351941287
Q9UPP1,NA,NA,PHF8,-4.48391952019
Q6P1Q0,NA,NA,LETMD1,-5.6720595064653905
O15399,NA,NA,GRIN2D,-1.33578920232613
P49327,NA,NA,FASN,-6.56613834525676
P29372,NA,NA,MPG,-3.7974192148253696
Q9NV06,NA,NA,DCAF13,-2.86068056445543
P23443,NA,NA,RPS6KB1,-3.82351820453386
P05060,NA,NA,CHGB,-2.46028904132303
P07437,NA,NA,TUBB,-8.5094700583513
Q14669,NA,NA,TRIP12,-4.460013796404031
Q2TBE0,NA,NA,CWF19L2,-3.41425252543689
Q8TEY7,NA,NA,USP33,-2.78748520860611
O15344,NA,NA,MID1,-5.92810562015866
Q9NR46,NA,NA,SH3GLB2,-5.835189809581889
Q92841,NA,NA,DDX17,-5.68093931499187
Q96N64,NA,NA,PWWP2A,-5.07214857406704
Q5VWQ0,NA,NA,RSBN1,-3.26931774328168
Q9UKB1,NA,NA,FBXW11,-2.83015221253511
Q96BY9,NA,NA,SARAF,-1.10078172245631
O94805,NA,NA,ACTL6B,-4.75270568238394
Q8N6N2,NA,NA,TTC9B,-3.50678469242384
Q9C0D0,NA,NA,PHACTR1,-5.75549481540731
Q96C86,NA,NA,DCPS,-9.50759584961101
Q9UHG3,NA,NA,PCYOX1,-6.18771493994068
Q5VUA4,NA,NA,ZNF318,-3.14045167026897
Q9HCM2,NA,NA,PLXNA4,-11.4163875902401
P48449,NA,NA,LSS,-5.4556096189258705
Q684P5,NA,NA,RAP1GAP2,-4.41187658383134
Q92520,NA,NA,FAM3C,-2.95622341643699
Q8NB37,NA,NA,GATD1,-3.02409561342987
Q10469,NA,NA,MGAT2,-1.92641457129103
Q9H857,NA,NA,NT5DC2,-4.19817347116666
Q1L5Z9,NA,NA,LONRF2,-3.7134741853450706
Q9NSI2,NA,NA,FAM207A,-3.23020879291952
Q9NWU5,NA,NA,MRPL22,-6.85977857813924
Q9UKR5,NA,NA,ERG28,-4.78535904521434
Q9UGL1,NA,NA,KDM5B,-2.75724579840749
Q92529,NA,NA,SHC3,-3.25498035427752
Q9H8M7,NA,NA,MINDY3,-4.06840812400237
P18433,NA,NA,PTPRA,-3.11134215620131
P53677,NA,NA,AP3M2,-4.33912658268546
Q96RE7,NA,NA,NACC1,-3.94947944635526
Q9BZM4,NA,NA,ULBP3,-3.7859925767367697
Q9Y5B8,NA,NA,NME7,-4.71904583695377
Q9Y4F5,NA,NA,CEP170B,-2.63734018654809
Q96C03,NA,NA,MIEF2,-2.74986026669991
Q5T5Y3,NA,NA,CAMSAP1,-3.94087399836193
P46926,NA,NA,GNPDA1,-5.92198078194646
Q9NZI8,NA,NA,IGF2BP1,-10.4841030517042
Q969T9,NA,NA,WBP2,-7.576920730070911
P46821,NA,NA,MAP1B,-8.87819291516144
P37235,NA,NA,HPCAL1,-4.3746152860568
Q92805,NA,NA,GOLGA1,-2.23335040094864
Q15858,NA,NA,SCN9A,-3.95618015136712
Q7Z4K8,NA,NA,TRIM46,-4.625945967184809
Q9Y580,NA,NA,RBM7,-3.91228138727626
Q9H3R0,NA,NA,KDM4C,-2.59039229575182
Q96T58,NA,NA,SPEN,-3.44987202882173
Q8NF37,NA,NA,LPCAT1,-4.903275834477671
Q96FE5,NA,NA,LINGO1,-4.51257838782717
Q92759,NA,NA,GTF2H4,-6.1719296514992
P36873,NA,NA,PPP1CC,-4.17169638718186
Q9ULJ6,NA,NA,ZMIZ1,-2.5860719236654
O14682,NA,NA,ENC1,-4.3225879551234705
P10645,NA,NA,CHGA,-5.2148767101384
Q9P1Z2,NA,NA,CALCOCO1,-4.16389743476297
A6NNY8,NA,NA,USP27X,-4.248702377698369
Q8IW70,NA,NA,TMEM151B,-4.198061273288751
Q53EL6,NA,NA,PDCD4,-4.95695123988852
O95405,NA,NA,ZFYVE9,-3.06581460027856
Q14202,NA,NA,ZMYM3,-4.01444927968803
Q14847,NA,NA,LASP1,-10.661399097572
Q9BTU6,NA,NA,PI4K2A,-5.401799660883849
Q15386,NA,NA,UBE3C,-4.79234958799832
O00203,NA,NA,AP3B1,-4.66483901068396
Q9Y2S7,NA,NA,POLDIP2,-4.06648042912312
Q8IUZ0,NA,NA,LRRC49,-4.16498401222104
Q13315,NA,NA,ATM,-11.36352604293
A5PKW4,NA,NA,PSD,-1.68537904258827
O15042,NA,NA,U2SURP,-3.9784450337049
Q9BRJ6,NA,NA,C7orf50,-5.96156962910254
Q96LT9,NA,NA,RNPC3,-4.86924094598071
Q6PIJ6,NA,NA,FBXO38,-3.61949116192366
Q8TAE8,NA,NA,GADD45GIP1,-4.88247640440685
O60347,NA,NA,TBC1D12,-0.607283604885891
Q8WXG6,NA,NA,MADD,-12.0571888930716
Q9GZN1,NA,NA,ACTR6,-3.11106014528084
Q9NRF8,NA,NA,CTPS2,-5.30123046504796
Q9NR31,NA,NA,SAR1A,-2.96160211036304
Q96P16,NA,NA,RPRD1A,-3.04469484957085
Q9BWU0,NA,NA,SLC4A1AP,-3.54021647824505
Q9Y2Q5,NA,NA,LAMTOR2,-3.89252189086416
Q8NAF0,NA,NA,ZNF579,-5.38472790547671
Q9UEU0,NA,NA,VTI1B,-11.2718534989718
Q00839,NA,NA,HNRNPU,-9.36930667873975
P38646,NA,NA,HSPA9,-8.57898175565948
Q7Z5J4,NA,NA,RAI1,-4.9415608668335
Q9H3P2,NA,NA,NELFA,-3.9887175292547505
Q9Y4C5,NA,NA,CHST2,-9.809579416113511
Q13425,NA,NA,SNTB2,-6.61243328325859
O94812,NA,NA,BAIAP3,-2.8895784053108
Q6UWE0,NA,NA,LRSAM1,-10.3817146486886
Q9HAR2,NA,NA,ADGRL3,-3.57206197136238
Q10471,NA,NA,GALNT2,-3.35315238504316
Q9UM19,NA,NA,HPCAL4,0.89288460909106
P07949,NA,NA,RET,-3.6839586734264897
Q9Y5I4,NA,NA,PCDHAC2,-3.33369497254379
P37837,NA,NA,TALDO1,-9.237312506632462
P61962,NA,NA,DCAF7,-5.62928317497608
Q0VG06,NA,NA,FAAP100,-4.35712482144242
Q86XP3,NA,NA,DDX42,-3.93827695203339
A6NHL2,NA,NA,TUBAL3,-5.32980848302177
Q9P107,NA,NA,GMIP,-3.93521724268046
Q9NUJ3,NA,NA,TCP11L1,-4.09943640387143
Q9NZN8,NA,NA,CNOT2,-4.18849485005122
O14497,NA,NA,ARID1A,-4.99276012255942
Q58EX2,NA,NA,SDK2,-5.49908977014559
P22304,NA,NA,IDS,-4.84776986762163
P56945,NA,NA,BCAR1,-2.65125520723872
O95071,NA,NA,UBR5,-4.0843982174725
O95989,NA,NA,NUDT3,-4.7712579626467
P35052,NA,NA,GPC1,-4.95656216356832
Q9UN75,NA,NA,PCDHA12,-3.40376237922041
Q5VU43,NA,NA,PDE4DIP,-5.75523520777835
Q9Y2H9,NA,NA,MAST1,-10.0346931057951
Q96FW1,NA,NA,OTUB1,-6.62893676831176
P78509,NA,NA,RELN,-4.13234048672512
Q14964,NA,NA,RAB39A,-3.39217409503943
O95996,NA,NA,APC2,-3.30209494220337
Q9Y5L0,NA,NA,TNPO3,-7.44643706594061
Q96PE2,NA,NA,ARHGEF17,-3.18806555475526
O14733,NA,NA,MAP2K7,-2.16041536065231
Q6ZTW0,NA,NA,TPGS1,-3.736385201376
Q6ZT07,NA,NA,TBC1D9,-2.44930034306718
P51665,NA,NA,PSMD7,-11.5086353568737
Q9Y6K1,NA,NA,DNMT3A,-6.66411537638957
Q9BQG0,NA,NA,MYBBP1A,-8.85889032636519
Q70CQ3,NA,NA,USP30,-11.004451276771
O15126,NA,NA,SCAMP1,-4.72811558209624
Q6PCB5,NA,NA,RSBN1L,-4.1892316286524
P15586,NA,NA,GNS,-4.9689841590387
P22314,NA,NA,UBA1,-7.9583679656677795
O43173,NA,NA,ST8SIA3,-3.54270488311495
Q9P2K6,NA,NA,KLHL42,-4.47452801803636
Q8N1I0,NA,NA,DOCK4,-11.8644291602345
P61160,NA,NA,ACTR2,-6.37543394593651
O75427,NA,NA,LRCH4,-4.19634827110582
Q93050,NA,NA,ATP6V0A1,-5.16797563577407
P12955,NA,NA,PEPD,-4.5278219098175105
Q99447,NA,NA,PCYT2,-3.6760606760928702
Q3KQU3,NA,NA,MAP7D1,-10.0928482151168
Q9Y2X7,NA,NA,GIT1,-4.93990957668006
O95376,NA,NA,ARIH2,-4.22629787761448
P52429,NA,NA,DGKE,-5.27294586893186
Q75T13,NA,NA,PGAP1,-5.95068312424218
P06576,NA,NA,ATP5F1B,-6.17035017601739
Q9NVT9,NA,NA,ARMC1,-5.38644115376036
Q8N9T8,NA,NA,KRI1,-5.46760780027854
O60716,NA,NA,CTNND1,-4.2716870481587295
Q9BRK5,NA,NA,SDF4,-9.11750462494114
Q96AY4,NA,NA,TTC28,-11.4143375412799
Q06210,NA,NA,GFPT1,-3.22773100905332
Q8N8R5,NA,NA,C2orf69,-5.2851663196138094
O95394,NA,NA,PGM3,-4.199459051118231
Q3YEC7,NA,NA,RABL6,-6.10327233522086
Q9BWD1,NA,NA,ACAT2,-7.256154446814129
Q9BXJ3,NA,NA,C1QTNF4,-3.16126298077084
P48426,NA,NA,PIP4K2A,-4.60441203619251
Q96FK6,NA,NA,WDR89,-5.57327271340072
Q9H2Y7,NA,NA,ZNF106,0.28968884462469
Q6SZW1,NA,NA,SARM1,-6.274389881852289
O75592,NA,NA,MYCBP2,-5.3920199453874
P49902,NA,NA,NT5C2,-7.52064068202896
Q8N9F7,NA,NA,GDPD1,-11.7052328664297
Q9HCM7,NA,NA,FBRSL1,-3.8603670698210304
P07384,NA,NA,CAPN1,-10.9164019644495
P61019,NA,NA,RAB2A,-8.08166131663487
Q9UQB3,NA,NA,CTNND2,-3.96124702229194
C9J069,NA,NA,AJM1,-2.68946890846019
P11137,NA,NA,MAP2,-9.736491619268419
Q12972,NA,NA,PPP1R8,-4.17643829684629
Q9Y4K4,NA,NA,MAP4K5,-4.28595267566206
P20337,NA,NA,RAB3B,-6.93100004291868
P05067,NA,NA,APP,-11.6730722619636
P21579,NA,NA,SYT1,-4.931632876305191
Q6ZW49,NA,NA,PAXIP1,-2.91079114499324
O60503,NA,NA,ADCY9,-4.91362159052954
Q155Q3,NA,NA,DIXDC1,-1.38083250737681
Q96PQ0,NA,NA,SORCS2,-11.6533548567431
Q9NRL3,NA,NA,STRN4,-4.24105892867128
Q8WVM0,NA,NA,TFB1M,-2.56973599460826
P62829,NA,NA,RPL23,-2.40248993171032
Q96KA5,NA,NA,CLPTM1L,-4.93351218649042
P35249,NA,NA,RFC4,-1.30324667254465
Q96EC8,NA,NA,YIPF6,-1.3663296496174
Q8WUA2,NA,NA,PPIL4,-3.43890147445518
P98170,NA,NA,XIAP,-3.38223655009077
Q15208,NA,NA,STK38,-3.8718925483086704
Q15102,NA,NA,PAFAH1B3,-6.30277000076837
Q2V2M9,NA,NA,FHOD3,-2.35667164571423
P23193,NA,NA,TCEA1,-3.31684501055268
Q8WU20,NA,NA,FRS2,-11.0057632645564
Q9C0J8,NA,NA,WDR33,-3.56945850628951
Q9Y4H2,NA,NA,IRS2,-2.68565910697698
Q8N568,NA,NA,DCLK2,-4.8655122148728704
Q8WX77,NA,NA,IGFBPL1,-3.9236648887502
Q658Y4,NA,NA,FAM91A1,-4.97421212632799
O95182,NA,NA,NDUFA7,-7.8237946692955695
P30044,NA,NA,PRDX5,-12.151768271684
Q92953,NA,NA,KCNB2,-3.67355722882126
Q9BVL2,NA,NA,NUP58,-6.92584942945491
Q9BXQ6,NA,NA,TMEM121B,-3.59758254751097
Q9P265,NA,NA,DIP2B,-6.09936579633474
Q9Y5Z7,NA,NA,HCFC2,-2.54546435302696
Q12931,NA,NA,TRAP1,-8.253429715558129
Q6P2Q9,NA,NA,PRPF8,-10.9833274373771
P00441,NA,NA,SOD1,-6.50747968046493
Q9H6T3,NA,NA,RPAP3,-3.084496821515
O75153,NA,NA,CLUH,-5.46305304393016
Q86SK9,NA,NA,SCD5,-2.95380133840135
Q17R31,NA,NA,TATDN3,-4.8385576906375105
Q9NPZ5,NA,NA,B3GAT2,-4.00425174435296
Q9P0J1,NA,NA,PDP1,-3.9972126451385503
Q9BTC8,NA,NA,MTA3,-3.4033065936425
Q96SB4,NA,NA,SRPK1,-2.02537535816467
P52272,NA,NA,HNRNPM,-7.940416475324151
P51148,NA,NA,RAB5C,-3.91452298581652
P19784,NA,NA,CSNK2A2,-5.49199892015127
Q9UHQ9,NA,NA,CYB5R1,-9.18836156990848
P60660,NA,NA,MYL6,-4.21241031123592
Q9UPN6,NA,NA,SCAF8,-2.88028550146614
Q8WU79,NA,NA,SMAP2,-3.71197991383634
O75054,NA,NA,IGSF3,-7.313254965762431
Q01804,NA,NA,OTUD4,-0.907184757912453
Q9Y6G5,NA,NA,COMMD10,-5.05378423553656
P49116,NA,NA,NR2C2,-2.75158332619692
O76070,NA,NA,SNCG,-9.78043963933312
Q9NR80,NA,NA,ARHGEF4,-4.01182143364476
Q9NYJ8,NA,NA,TAB2,-3.84270735732982
Q96NI6,NA,NA,LRFN5,-3.83055954548228
Q15554,NA,NA,TERF2,-11.9178468541096
Q6RFH5,NA,NA,WDR74,-3.9506868114782896
Q9C0C4,NA,NA,SEMA4C,-6.44095210480578
Q9UPT6,NA,NA,MAPK8IP3,-7.915221056944991
Q86UA1,NA,NA,PRPF39,-4.64988522092594
Q14C86,NA,NA,GAPVD1,-9.193912890232141
O95486,NA,NA,SEC24A,-4.53266985516608
Q02878,NA,NA,RPL6,-5.95208959890732
Q9NVS2,NA,NA,MRPS18A,-6.36627508712129
Q9NWQ8,NA,NA,PAG1,-3.12013715178198
Q15070,NA,NA,OXA1L,0.04214156475231
Q9H1Z4,NA,NA,WDR13,-4.07876396313902
Q6IA86,NA,NA,ELP2,-4.267857297263929
O15164,NA,NA,TRIM24,-2.24111753967449
Q8NCM8,NA,NA,DYNC2H1,-9.00628419048566
P49641,NA,NA,MAN2A2,-3.1934062217319
Q5RI15,NA,NA,COX20,-5.32067747681151
P11171,NA,NA,EPB41,-12.6192793808525
P31629,NA,NA,HIVEP2,-2.73236805868818
Q9NZC7,NA,NA,WWOX,-0.758917032755959
Q8NBJ4,NA,NA,GOLM1,-3.45972307709599
Q9Y5F9,NA,NA,PCDHGB6,-4.67583069421468
P00387,NA,NA,CYB5R3,-5.52562890176294
Q9Y250,NA,NA,LZTS1,-3.7660371339554097
O14531,NA,NA,DPYSL4,-7.8286430018289295
Q5JTZ9,NA,NA,AARS2,-4.61526553078226
O95573,NA,NA,ACSL3,-7.5714667649595695
Q9BY67,NA,NA,CADM1,-3.23905369253854
Q9ULP9,NA,NA,TBC1D24,-5.39298643408136
Q9C0E8,NA,NA,LNPK,-5.9402084271663504
Q2M389,NA,NA,WASHC4,-7.07126148982849
P61201,NA,NA,COPS2,-11.7197126201949
P51452,NA,NA,DUSP3,-4.39438816316551
O94829,NA,NA,IPO13,-3.49908566196471
P25098,NA,NA,GRK2,-5.23878555052194
Q9UGJ1,NA,NA,TUBGCP4,-3.64996947856628
Q8N8U2,NA,NA,CDYL2,-4.19491567207065
P78310,NA,NA,CXADR,-8.12105648055431
P78417,NA,NA,GSTO1,-6.97226140459563
O60264,NA,NA,SMARCA5,-8.51716927591703
Q9P0J0,NA,NA,NDUFA13,-5.38256774007851
Q8WWM7,NA,NA,ATXN2L,-10.2542751833065
O43405,NA,NA,COCH,-2.15468763461383
Q6ZSZ5,NA,NA,ARHGEF18,-4.77681607323846
Q96FJ0,NA,NA,STAMBPL1,-3.55939662321893
O75037,NA,NA,KIF21B,-6.05828935903886
Q9UJX6,NA,NA,ANAPC2,-5.029585001634009
O60701,NA,NA,UGDH,-4.837060967409791
Q9BXS5,NA,NA,AP1M1,-6.16432093770187
Q96GM5,NA,NA,SMARCD1,-4.71994697072906
Q8TF61,NA,NA,FBXO41,-4.55128679568589
Q6ZRP7,NA,NA,QSOX2,-2.84456736591726
P62993,NA,NA,GRB2,-5.56955421309983
Q9UM73,NA,NA,ALK,-4.11124854258931
O95861,NA,NA,BPNT1,-5.36673152792142
Q92925,NA,NA,SMARCD2,-1.98673973560611
Q93073,NA,NA,SECISBP2L,-3.90286117019876
Q16512,NA,NA,PKN1,-2.8876334943064
Q92890,NA,NA,UFD1,-5.38083040915283
Q16401,NA,NA,PSMD5,-6.37385981809632
P29083,NA,NA,GTF2E1,-5.06897359705131
O60291,NA,NA,MGRN1,-4.88807047324362
Q6ZMI0,NA,NA,PPP1R21,-6.0875349032207104
Q9C0D7,NA,NA,ZC3H12C,-3.49967225772408
O60477,NA,NA,BRINP1,-3.38226205499333
O43683,NA,NA,BUB1,-4.92422329182737
Q86UW6,NA,NA,N4BP2,-3.81749231104234
Q9BV35,NA,NA,SLC25A23,-1.00669428596907
P0DPB6,NA,NA,POLR1D,-4.25706692965676
Q99504,NA,NA,EYA3,-0.072384157512853
Q7LBC6,NA,NA,KDM3B,-4.68292268806404
Q9NP90,NA,NA,RAB9B,-1.65338503909033
Q9UQF2,NA,NA,MAPK8IP1,-2.99616269255031
P43681,NA,NA,CHRNA4,-5.08451327507484
O60245,NA,NA,PCDH7,-3.4517354600623
A3KN83,NA,NA,SBNO1,-4.93916392366846
Q9Y5B9,NA,NA,SUPT16H,-6.67601308411579
O43427,NA,NA,FIBP,-5.4628562823934494
Q96MX3,NA,NA,ZNF48,-3.48599189720431
Q96TA2,NA,NA,YME1L1,-7.866289092003591
O94880,NA,NA,PHF14,-6.01496832158275
O94876,NA,NA,TMCC1,-2.49543007391806
Q04917,NA,NA,YWHAH,-8.38902430656483
O43164,NA,NA,PJA2,-3.23278516584531
Q7L014,NA,NA,DDX46,-6.451162241563471
Q2Y0W8,NA,NA,SLC4A8,-5.7893582829278705
Q96DZ1,NA,NA,ERLEC1,-5.1225539123158
Q9H6K5,NA,NA,PRR36,-5.35366477883052
Q13126,NA,NA,MTAP,-5.73070295625204
Q6P6B7,NA,NA,ANKRD16,-5.44874933010182
Q9BT40,NA,NA,INPP5K,-5.22353446627925
Q6R2W3,NA,NA,ZBED9,-3.14449523152354
Q13191,NA,NA,CBLB,-4.293923058052391
Q5SYC1,NA,NA,CLVS2,-4.76553998420012
Q9Y3Z3,NA,NA,SAMHD1,-12.6848077386033
Q6P1M0,NA,NA,SLC27A4,-5.36724808924224
Q9Y3A6,NA,NA,TMED5,-4.23480678626779
O95502,NA,NA,NPTXR,-5.17340840815964
Q96JN8,NA,NA,NEURL4,-3.57551396810325
P11274,NA,NA,BCR,-5.194712095043791
Q92560,NA,NA,BAP1,-3.26387143786815
Q9ULK0,NA,NA,GRID1,-1.75070863971394
O60488,NA,NA,ACSL4,-12.5932108967505
Q96JK2,NA,NA,DCAF5,-4.16329691519412
Q96AX9,NA,NA,MIB2,-2.80424165857137
Q86VP1,NA,NA,TAX1BP1,-3.21580891218676
Q9NUS5,NA,NA,AP5S1,-4.31382612083932
Q64LD2,NA,NA,WDR25,-5.042478566394711
Q5TCY1,NA,NA,TTBK1,-3.77062246734188
Q9BQ95,NA,NA,ECSIT,-5.03948427044168
Q13523,NA,NA,PRPF4B,-4.74693580698731
Q9NZ56,NA,NA,FMN2,-4.5858479031212
Q09161,NA,NA,NCBP1,-11.4850204180905
Q96E22,NA,NA,NUS1,-2.6686424996963
Q9Y6X4,NA,NA,FAM169A,-6.99755284746497
Q96RN5,NA,NA,MED15,-3.6667817369218896
Q9Y5H9,NA,NA,PCDHA2,-3.87156681194335
Q9Y3A2,NA,NA,UTP11,-7.3577681921647695
Q9UQ16,NA,NA,DNM3,-7.43577640053
Q9H2E6,NA,NA,SEMA6A,-3.2526205466862
Q96AJ9,NA,NA,VTI1A,-4.94179066941943
Q9UH73,NA,NA,EBF1,-1.89092463567374
Q9BT73,NA,NA,PSMG3,-6.33236322168407
Q9BY43,NA,NA,CHMP4A,-6.2125020752977695
P05026,NA,NA,ATP1B1,-9.84558834191973
P51674,NA,NA,GPM6A,-8.0766224929892
Q96P47,NA,NA,AGAP3,-5.41387803588327
Q8N608,NA,NA,DPP10,-5.59334277431406
P27544,NA,NA,CERS1,0.9522058742859
Q8TAQ2,NA,NA,SMARCC2,-4.8642289104891905
P40692,NA,NA,MLH1,-4.91418281179492
Q14166,NA,NA,TTLL12,-8.34762401301996
O60506,NA,NA,SYNCRIP,-6.94580445715244
O43172,NA,NA,PRPF4,-6.94973262334458
Q7Z5N4,NA,NA,SDK1,-4.549851288308
Q9UJA5,NA,NA,TRMT6,-5.20385978239858
O75874,NA,NA,IDH1,-11.1883485884377
Q96KQ7,NA,NA,EHMT2,-5.12601675768032
Q9ULB1,NA,NA,NRXN1,-4.137684836907329
Q15648,NA,NA,MED1,-6.48657345827994
Q6PJG6,NA,NA,BRAT1,-3.99537620927498
Q9ULN7,NA,NA,PNMA8B,-3.27844758957291
Q9H3F6,NA,NA,KCTD10,-2.36673822165613
Q8WU90,NA,NA,ZC3H15,-4.4492939927692
Q9C0B1,NA,NA,FTO,-8.55435206212895
Q9BWH6,NA,NA,RPAP1,-4.221200007215151
O76062,NA,NA,TM7SF2,-1.21176889312891
Q6PD74,NA,NA,AAGAB,-7.09903117614163
P59923,NA,NA,ZNF445,-9.89885929068484
Q8N5D0,NA,NA,WDTC1,-2.32275447796169
Q8N0U8,NA,NA,VKORC1L1,-9.96919333138569
Q96PK6,NA,NA,RBM14,-6.073254897277311
Q96KG9,NA,NA,SCYL1,-5.6170875794826305
P49918,NA,NA,CDKN1C,-3.17898363227889
Q14980,NA,NA,NUMA1,-5.05652605463596
Q96A33,NA,NA,CCDC47,-3.26618729325796
P63104,NA,NA,YWHAZ,-11.7633261841085
Q9NPF5,NA,NA,DMAP1,-3.42175926493695
Q03001,NA,NA,DST,-11.0148508201409
Q13485,NA,NA,SMAD4,-4.057753434027609
Q76NI1,NA,NA,KNDC1,-3.77279142464376
P60891,NA,NA,PRPS1,-7.1110484075634
Q96EV2,NA,NA,RBM33,-5.37917822922545
Q9BV68,NA,NA,RNF126,-3.04809545194638
P09661,NA,NA,SNRPA1,-5.0659549636078705
P09525,NA,NA,ANXA4,-11.7738771922885
Q92618,NA,NA,ZNF516,-3.8850094036810305
Q15637,NA,NA,SF1,-6.19565057987364
Q9Y2K7,NA,NA,KDM2A,-3.54191635234662
Q14249,NA,NA,ENDOG,-3.4174553637281
P22626,NA,NA,HNRNPA2B1,-6.59006318622231
Q8IZ07,NA,NA,ANKRD13A,-4.86621970013929
Q13283,NA,NA,G3BP1,-6.81220776844794
P09651,NA,NA,HNRNPA1,-6.639237664479969
Q15276,NA,NA,RABEP1,-8.575561274139151
O00534,NA,NA,VWA5A,-12.1108463644223
Q9H425,NA,NA,C1orf198,-4.66154711477931
Q9Y2Q0,NA,NA,ATP8A1,-5.96023967494792
Q9P286,NA,NA,PAK5,-4.63004491315616
P36894,NA,NA,BMPR1A,-4.4482406990107295
Q8N4S0,NA,NA,CCDC82,-3.37065002615188
Q05BQ5,NA,NA,MBTD1,-5.80716716896367
