PG.ProteinGroups,PG.Genes_x,50,PG.Genes_y,150,PG.Genes,300
Q96CX2,KCTD12,-3.69855524048455,KCTD12,-2.92735358136,KCTD12,-2.58698647795718
Q9Y4C2,TCAF1,-3.31524648879666,TCAF1,-2.33921099786663,TCAF1,-1.81815472392232
P40925,MDH1,-5.69088052624446,NA,NA,NA,NA
Q14318,FKBP8,-3.25423148671133,FKBP8,-2.52259856982566,FKBP8,-1.94717957854719
P08579,SNRPB2,-6.00989942715165,NA,NA,SNRPB2,-4.728729789216991
Q9BRJ7,NUDT16L1,-4.81739510482828,NUDT16L1,-3.99008387110068,NUDT16L1,-3.6876459754227504
O95155,UBE4B,-5.3917061696391,UBE4B,-4.434366990276089,UBE4B,-3.12820173104433
Q96Q42,ALS2,-4.44751593919064,NA,NA,ALS2,-4.29547651717006
Q9Y512,SAMM50,-6.15189567363565,NA,NA,SAMM50,-5.28105353114834
Q9HA65,TBC1D17,-4.43847701127338,TBC1D17,-4.74715594368805,TBC1D17,-4.231548634676351
Q9NRN7,AASDHPPT,-4.20745517719001,AASDHPPT,-3.22217642667918,AASDHPPT,-2.88214263758736
Q06455,RUNX1T1,-2.4249804896034,RUNX1T1,-1.30131831281717,RUNX1T1,-0.831740516034415
Q9BWM7,SFXN3,-5.07315431706589,SFXN3,-4.450767602665191,SFXN3,-4.02770527456834
O94856,NFASC,-4.71460472873031,NFASC,-4.3361647605433,NFASC,-3.5605848228743
Q92604,LPGAT1,-5.04568830806386,LPGAT1,-4.95163908079514,LPGAT1,-4.01872652975456
P54105,CLNS1A,-5.27715899372041,CLNS1A,-4.336191915644831,CLNS1A,-4.3707811367238305
P19086,GNAZ,-5.56136573201501,GNAZ,-5.54927541924953,GNAZ,-4.69033935770606
O15498,YKT6,-6.27990237282908,YKT6,-5.27821218049902,NA,NA
Q24JP5,TMEM132A,-3.44609812892521,TMEM132A,-2.72627139394542,TMEM132A,-2.15669709391863
O95297,MPZL1,-6.11453256188443,MPZL1,-5.49581318017614,MPZL1,-5.18510477076116
Q9NPH2,ISYNA1,-4.513427371962591,ISYNA1,-4.27943693909927,ISYNA1,-3.6375958703119697
Q8N806,UBR7,-3.31697226571904,NA,NA,NA,NA
Q14671,PUM1,-3.66892846335288,PUM1,-3.9300895346989697,PUM1,-2.84824221230303
O43924,PDE6D,-4.32187241185848,PDE6D,-3.06436380051995,PDE6D,-3.03021794376146
P47756,CAPZB,-5.02549798347217,CAPZB,-4.411291152395729,CAPZB,-4.07005235378855
P26196,DDX6,-5.45120425178351,DDX6,-5.52019047973472,NA,NA
P09104,ENO2,-8.976762272623901,NA,NA,ENO2,-5.406051101255329
P11413,G6PD,-5.34127596174204,G6PD,-4.88334957285373,G6PD,-4.61127201094179
O94776,MTA2,-3.59870492190378,MTA2,-2.82157578838401,MTA2,-2.55068680687116
Q9H6U8,ALG9,-6.34422717108677,ALG9,-4.69619218352252,ALG9,-4.59200179057359
Q9P291,ARMCX1,-4.31123798683012,ARMCX1,-2.28149833624517,ARMCX1,-3.03779243472694
Q68D91,MBLAC2,-5.26881052987752,MBLAC2,-4.69962424949333,MBLAC2,-4.08764919981
O75326,SEMA7A,-3.46660391968513,NA,NA,NA,NA
Q9UPW5,AGTPBP1,-5.350318940084111,NA,NA,NA,NA
O60231,DHX16,-5.03349984608748,DHX16,-4.4131566533328,DHX16,-3.44789742690166
Q9Y4X5,ARIH1,-3.68703385851059,ARIH1,-3.55167245588744,NA,NA
Q96MZ0,GDAP1L1,-5.8093275982272,GDAP1L1,-4.94534813327524,NA,NA
Q86Y82,STX12,-4.12726070770517,STX12,-3.12298593181687,STX12,-2.81803465783563
Q8NCB2,CAMKV,-5.64554737731328,CAMKV,-4.18112451734774,NA,NA
P25787,PSMA2,-7.218422162072019,NA,NA,NA,NA
Q8IV08,PLD3,-3.99872253104207,PLD3,-3.25555794863913,PLD3,-2.96871641787826
P51149,RAB7A,-8.15124921851031,RAB7A,-7.15336529693516,RAB7A,-6.90992390951362
P13489,RNH1,-5.50135249218099,RNH1,-4.974689628867711,RNH1,-4.5845511684436
Q9Y3A3,MOB4,-6.73580069763049,NA,NA,NA,NA
Q96B54,ZNF428,-3.14468417849369,ZNF428,-2.58222053646731,ZNF428,-2.06089103131492
O15394,NCAM2,-3.56219596110433,NCAM2,-2.91488261407898,NCAM2,-2.63766461186066
Q15771,RAB30,-4.42658355191913,RAB30,-3.27643002900814,RAB30,-3.07090674448994
P63096,GNAI1,-5.33774490430919,GNAI1,-4.07477500575011,GNAI1,-3.8462992676372
P52292,KPNA2,-3.21193672196745,KPNA2,-3.00169738703829,KPNA2,-2.40019993669227
Q13586,STIM1,-5.03246515149837,STIM1,-4.661424163223311,NA,NA
Q96SW2,CRBN,-4.292036282075951,CRBN,-3.55351312987553,CRBN,-3.50160159295127
P51812,RPS6KA3,-4.4180764305376,RPS6KA3,-3.51526198451525,NA,NA
O43292,GPAA1,-4.60292836947354,GPAA1,-3.9705696751055,GPAA1,-3.9165292933268705
Q96MY1,NOL4L,-2.71355148790147,NOL4L,-2.13098129868513,NOL4L,-1.80335802196566
Q9UQL6,HDAC5,-0.836919749836729,NA,NA,NA,NA
Q13951,CBFB,-4.6760914309688095,NA,NA,CBFB,-4.676356254122689
Q9H2V7,SPNS1,-4.45109217262088,SPNS1,-3.8190266703059,SPNS1,-3.41864962785551
Q9UI30,TRMT112,-4.74637046478449,TRMT112,-4.068906869437591,TRMT112,-3.6675084242450096
Q96S59,RANBP9,-3.39682267198457,RANBP9,-2.79469071227276,RANBP9,-2.31989385181532
P51116,FXR2,-3.9741630483051904,FXR2,-3.18051257038572,FXR2,-2.98146286174724
Q8TAD8,SNIP1,-3.9062982007707,SNIP1,-3.66686101909796,NA,NA
Q5JU69,TOR2A,-4.98801763652262,TOR2A,-3.60245029533326,TOR2A,-3.16568071316899
P19404,NDUFV2,-7.68614189226488,NDUFV2,-6.77044673049622,NDUFV2,-6.445376077940391
Q9NP72,RAB18,-3.95368634344316,RAB18,-3.9955563582999902,RAB18,-3.51454275372293
Q9H0E2,TOLLIP,-4.56461901052825,TOLLIP,-3.6999015942673297,TOLLIP,-3.14185108799745
Q8N350,CBARP,-4.79473863608409,NA,NA,NA,NA
Q8NFT8,DNER,-2.86126219105765,DNER,-2.50690295785718,DNER,-1.82297285592334
O00560,SDCBP,-7.54093561030801,SDCBP,-6.04850103499524,NA,NA
P51784,USP11,-4.95339429828524,NA,NA,USP11,-3.02912312752129
Q6IEE7,TMEM132E,-3.76723228656808,TMEM132E,-3.23240547513386,TMEM132E,-2.50249034323432
Q8NFZ8,CADM4,-3.9800603645251,CADM4,-2.80127745960848,CADM4,-2.39319432843084
Q9BTT0,ANP32E,-7.512241616281631,NA,NA,NA,NA
O75164,KDM4A,-4.45191874876278,KDM4A,-3.18132057535326,KDM4A,-2.36632412177944
Q8TC26,TMEM163,-5.94050193526627,NA,NA,NA,NA
Q92993,KAT5,-5.54869652871432,KAT5,-4.22955300139826,NA,NA
Q8IV32,CCDC71,-3.05036595413911,CCDC71,-2.74827555416246,CCDC71,-2.11358007263387
Q9P2S2,NRXN2,-4.30011529518349,NRXN2,-3.11256362745747,NRXN2,-3.04723977059307
P42224,STAT1,-4.47747184227024,STAT1,-4.32298995638505,NA,NA
Q9HCD6,TANC2,-3.66985867060623,TANC2,-3.34644138976165,TANC2,-3.3875743176491
Q8IVW6,ARID3B,-3.22757840009757,NA,NA,NA,NA
Q96IG2,FBXL20,-4.9410566508773,FBXL20,-4.61792923064973,FBXL20,-4.3563804579087
Q86U70,LDB1,-4.1700425870147,LDB1,-4.11947095986329,NA,NA
Q8N2K0,ABHD12,-4.88458817480874,ABHD12,-4.3290789436284,ABHD12,-4.46606075891592
O43526,KCNQ2,-3.4047941738272,NA,NA,KCNQ2,-2.19711051356402
Q9BYV9,BACH2,-3.6718257228055102,BACH2,-3.08146457218613,BACH2,-2.78784155878588
P61006,RAB8A,-5.5065054203844,RAB8A,-4.13972003121864,NA,NA
Q9P2Y5,UVRAG,0.16517819051087,NA,NA,NA,NA
Q14344,GNA13,-5.724077151833449,GNA13,-5.2141312094552,GNA13,-4.69748988336518
Q96PB7,OLFM3,-2.72255355316863,OLFM3,-2.17755662992507,OLFM3,-1.81262614826983
P50542,PEX5,-4.938029040430489,PEX5,-4.38296859403196,PEX5,-3.61835188535756
Q9H4M3,FBXO44,-4.06588803895356,FBXO44,-3.38193552838142,FBXO44,-2.95344531291244
O00506,STK25,-4.977368532705991,STK25,-4.64812163783076,NA,NA
Q9P0I2,EMC3,-5.11657043619214,EMC3,-4.30194738730956,NA,NA
Q6L8Q7,PDE12,-7.745347965252391,PDE12,-5.87122129007568,PDE12,-6.10546804510078
O43252,PAPSS1,-4.47836101171647,PAPSS1,-3.48691380436715,PAPSS1,-2.89854435235767
Q01082,SPTBN1,-9.88100615430495,NA,NA,NA,NA
P61018,RAB4B,-4.18098883128501,NA,NA,NA,NA
P56211,ARPP19,-3.89086555981939,ARPP19,-3.94889975764644,ARPP19,-3.5529387778673
Q9H3K2,GHITM,-7.11539980002297,GHITM,-5.89759857659487,GHITM,-5.8464514659615
O94985,CLSTN1,-3.016804203639,CLSTN1,-2.2690878347436,CLSTN1,-1.31087403790174
Q9Y3I1,FBXO7,-4.52770921760948,FBXO7,-3.30088980529687,FBXO7,-2.91533479768076
Q9BZA7,PCDH11X,-6.1019647607339,NA,NA,NA,NA
P07858,CTSB,-5.777773671541,CTSB,-5.84601479055832,CTSB,-4.9469791346615
P38606,ATP6V1A,-5.47345009552308,ATP6V1A,-4.15226944189234,ATP6V1A,-4.12179846589058
P42229,STAT5A,-2.66843905008759,NA,NA,NA,NA
O14775,GNB5,-5.44955884962777,GNB5,-4.42381421619702,NA,NA
Q9ULU8,CADPS,-7.837473751747139,CADPS,-7.424729923444151,CADPS,-6.90443066049406
Q9Y315,DERA,-6.939803411411631,NA,NA,NA,NA
O96005,CLPTM1,-6.44299952264703,CLPTM1,-6.1201004789826,CLPTM1,-6.533374877441569
Q92945,KHSRP,-5.41818613386105,KHSRP,-5.14983852843276,KHSRP,-4.20178916769182
Q8IUH5,ZDHHC17,-4.050795872323089,ZDHHC17,-3.19784045094476,ZDHHC17,-2.55632337124798
O94898,LRIG2,-4.29331375845274,LRIG2,-3.805473836213471,LRIG2,-2.38605070636536
Q9UDT6,CLIP2,-11.5405321118241,NA,NA,NA,NA
P35716,SOX11,-2.35384845053935,SOX11,-1.6726395103622,SOX11,-1.02484993709081
Q9Y3C6,PPIL1,-7.33803742928647,PPIL1,-6.359504818459031,PPIL1,-6.69700914805946
O75746,SLC25A12,-6.15333825588088,NA,NA,NA,NA
Q86XL3,ANKLE2,-4.5204061103133295,NA,NA,NA,NA
Q13895,BYSL,-3.709582183384871,BYSL,-3.21724984192031,BYSL,-3.06634242900308
P26378,ELAVL4,-3.9405596958461,ELAVL4,-3.31315511309656,NA,NA
Q86Y79,PTRH1,-3.84061068847568,PTRH1,-3.43007070815612,PTRH1,-3.6480992175974305
Q96S55,WRNIP1,-4.342268518705009,WRNIP1,-4.22791170583356,WRNIP1,-2.60995257464251
Q9UQ35,SRRM2,-5.19395319312704,NA,NA,NA,NA
Q92879,CELF1,-5.24367492885378,CELF1,-3.7714791905739,NA,NA
Q92616,GCN1,-11.5826079841925,NA,NA,NA,NA
Q9ULH0,KIDINS220,-10.9834547696184,NA,NA,KIDINS220,-5.58763130208215
Q9Y2H5,PLEKHA6,-3.30129504228903,PLEKHA6,-2.63944855535777,PLEKHA6,-2.2160497196135
Q9BRK4,LZTS2,-2.93814426653459,NA,NA,NA,NA
P48664,SLC1A6,-3.77971482695978,SLC1A6,-2.63306994170901,SLC1A6,-2.51339157744538
A1L0T0,ILVBL,-5.27673856236577,ILVBL,-4.46687338380027,ILVBL,-4.2328428011262496
Q6PI78,TMEM65,-5.669140511075391,TMEM65,-5.469005517786591,TMEM65,-4.95133219900992
O14525,ASTN1,-11.0679152615648,NA,NA,ASTN1,-4.83891199442451
O94910,ADGRL1,-3.56837681724536,ADGRL1,-3.04211317858498,ADGRL1,-2.46401984038758
P50148,GNAQ,-5.76142500090012,GNAQ,-5.06500600976424,GNAQ,-4.98069477673799
Q9UHV9,PFDN2,-6.90739857777782,PFDN2,-5.47803817807603,PFDN2,-5.0057627225665
Q9GZM8,NDEL1,-4.02568826709338,NDEL1,-3.522440893852,NA,NA
P15822,HIVEP1,-1.55788505524806,NA,NA,NA,NA
Q9Y6D9,MAD1L1,-5.033619710068,MAD1L1,-2.96763018105365,MAD1L1,-2.75267239446274
Q14137,BOP 1.00,-10.1952028128035,NA,NA,NA,NA
Q9Y216,MTMR7,-3.6699001100918704,MTMR7,-3.52903776530629,NA,NA
Q13526,PIN1,-5.55168828842823,PIN1,-4.53598550519304,PIN1,-4.14024650497014
Q969G2,LHX4,-3.79759570451094,LHX4,-2.42689163955932,LHX4,-1.42040904642435
Q9NZV5,SELENON,-3.81165801109744,NA,NA,SELENON,-2.95044107698583
Q04637,EIF4G1,-9.486064699976,NA,NA,NA,NA
Q08174,PCDH1,-3.8211375366488096,PCDH1,-3.68736267203822,PCDH1,-2.51465720665811
Q6VAB6,KSR2,-5.16776360606673,KSR2,-3.49891290809522,NA,NA
Q96GS4,BORCS6,-6.00370726609085,NA,NA,NA,NA
Q96DE0,NUDT16,-4.6380795234155,NUDT16,-4.19029009716192,NUDT16,-3.73926480450774
Q5T3F8,TMEM63B,-4.30598248487376,TMEM63B,-3.22258895216404,TMEM63B,-3.00020723832321
Q9HCN4,GPN1,-6.27486967953687,GPN1,-5.76667905280968,GPN1,-3.77557512995432
Q9UI10,EIF2B4,-5.99497541940156,EIF2B4,-4.77771365197048,EIF2B4,-4.2225509144073
Q8N158,GPC2,-5.04649885548033,GPC2,-4.74286230224875,GPC2,-3.8852311939676705
Q15262,PTPRK,-3.40782224680631,NA,NA,PTPRK,-2.47316452543119
Q14728,MFSD10,-6.419946570939231,MFSD10,-5.45973221317067,MFSD10,-4.48060085251762
P57678,GEMIN4,-5.3863960148183,GEMIN4,-4.80927032449708,NA,NA
Q9P2G1,ANKIB1,-5.56055413146032,NA,NA,NA,NA
O00264,PGRMC1,-4.9016298595257295,NA,NA,PGRMC1,-4.21034227385308
Q6PID6,TTC33,-4.81585708727176,TTC33,-3.31293339926154,TTC33,-2.77016727726708
Q8IUL8,CILP2,-4.00266863763231,CILP2,-3.98297532972036,NA,NA
Q9P2R3,ANKFY1,-6.07001805488008,ANKFY1,-6.065701896347689,ANKFY1,-5.44268200046149
Q6YN16,HSDL2,1.16377684994617,NA,NA,NA,NA
O43301,HSPA12A,-9.092425585187527,HSPA12A,-9.55995447590599,NA,NA
P07741,APRT,-5.7402250933318,APRT,-5.544749827410911,APRT,-4.56706867141191
P18669,PGAM1,-8.58644340960526,PGAM1,-8.56380782818097,NA,NA
P56159,GFRA1,-4.416199264861209,GFRA1,-3.19247702680048,GFRA1,-2.38290242275735
Q9Y693,LHFPL6,-3.92590906383184,NA,NA,NA,NA
Q86UN3,RTN4RL2,-4.01911628597441,NA,NA,RTN4RL2,-2.92865797351213
Q9H444,CHMP4B,-5.1118637416854895,CHMP4B,-5.6810519816297695,NA,NA
Q7L775,EPM2AIP1,-4.93482632779887,EPM2AIP1,-4.06495736913251,EPM2AIP1,-3.86023550199694
O75182,SIN3B,-4.07632588877697,SIN3B,-3.44876775330114,NA,NA
P68106,FKBP1B,-5.25595670575451,FKBP1B,-3.7982593867262495,FKBP1B,-3.66542892307754
O60422,ONECUT3,-1.73364241283635,NA,NA,NA,NA
O43639,NCK2,-3.90476616427368,NA,NA,NA,NA
Q53FT3,HIKESHI,-6.5122659572189,HIKESHI,-5.459535216028289,HIKESHI,-4.6890535218622
Q12926,ELAVL2,-4.48584036595878,ELAVL2,-3.58401669776316,ELAVL2,-3.07384626567272
Q06136,KDSR,-7.188366428813151,NA,NA,KDSR,-6.19273436175363
Q13838,DDX39B,-8.98036710578058,NA,NA,NA,NA
Q9UHR5,SAP30BP,-4.89833678863428,SAP30BP,-4.43504024330558,SAP30BP,-3.81646025289068
Q8IXK0,PHC2,-3.75231658973876,PHC2,-2.54129695066908,NA,NA
Q9BU61,NDUFAF3,-1.94832543872101,NA,NA,NA,NA
Q9BR01,SULT4A1,-0.647791227206761,NA,NA,NA,NA
Q15257,PTPA,-6.04782659842261,NA,NA,NA,NA
O00233,PSMD9,-5.73728431995725,PSMD9,-4.514737002996649,PSMD9,-3.7682856346496494
Q9ULK4,MED23,-5.48652233590244,NA,NA,NA,NA
Q96FT7,ASIC4,-5.90707644476375,NA,NA,NA,NA
O43602,DCX,-4.52286461299493,DCX,-3.8574991949397104,DCX,-3.14169062969899
Q9BX66,SORBS1,-4.89040026180222,SORBS1,-3.8751435415580304,SORBS1,-4.4443737976073905
Q9P0J7,KCMF1,-4.4969952199192,KCMF1,-3.82432421269006,NA,NA
P52597,HNRNPF,-7.4370569549859695,NA,NA,NA,NA
Q5VTL8,PRPF38B,-4.987009164226831,PRPF38B,-4.087062789746351,PRPF38B,-4.10734242912668
O95248,SBF1,-10.9703953270647,NA,NA,NA,NA
Q9P2G3,KLHL14,-4.74724641243638,NA,NA,NA,NA
O95336,PGLS,-6.2034444887731,PGLS,-5.4449737269594,PGLS,-5.00668411210643
O00451,GFRA2,-5.05976798066836,GFRA2,-3.30913493795352,GFRA2,-3.08568724999644
A6NJT0,UNCX,-2.91011361863929,UNCX,-2.06762253663612,UNCX,-1.3754351092855
Q8NI37,PPTC7,-0.875292419168215,NA,NA,NA,NA
Q5K4L6,SLC27A3,-12.3452641321087,NA,NA,NA,NA
Q06587,RING1,-4.35602416123847,RING1,-3.87252285818652,RING1,-2.60143067216758
O75038,PLCH2,-2.34947288974666,NA,NA,NA,NA
Q8TEW0,PARD3,-4.77803493264632,PARD3,-3.70988270262168,NA,NA
Q8IYB1,MB21D2,-5.0737061299924,MB21D2,-3.57489720350399,NA,NA
Q13596,SNX1,-5.71336202097337,NA,NA,SNX1,-4.7827425720331105
Q16799,RTN1,-6.12258684480949,RTN1,-5.86095500535667,NA,NA
O14628,ZNF195,-3.42518359967006,ZNF195,-2.21964883317137,NA,NA
Q9ULU4,ZMYND8,-11.0911949960727,NA,NA,NA,NA
P24928,POLR2A,-9.95803644030129,NA,NA,NA,NA
Q9HBE1,PATZ1,-2.3264517034635,PATZ1,-1.72162074265625,PATZ1,-1.13745554435734
O43929,ORC4,-2.89458162463875,ORC4,-2.31470671152226,NA,NA
Q9HCJ2,LRRC4C,-0.394979795928681,NA,NA,NA,NA
Q8N8L6,ARL 10.00,-3.78554907317046,NA,NA,NA,NA
Q9UQ03,CORO2B,-6.17176766820556,NA,NA,NA,NA
Q9P2N5,RBM27,-4.03152137147136,RBM27,-3.61211789662772,RBM27,-3.6161972535422
Q9H6J7,C11orf49,0.61572974474769,NA,NA,NA,NA
Q9NYQ7,CELSR3,-5.78818706330201,CELSR3,-4.33827035776386,CELSR3,-3.8072948418081
Q13501,SQSTM1,-4.67124886301195,NA,NA,NA,NA
P12270,TPR,-11.9073042134104,NA,NA,NA,NA
Q9NZ53,PODXL2,-3.650427385460071,NA,NA,NA,NA
P46379,BAG6,-4.41438677779324,BAG6,-3.8249555684487504,BAG6,-2.92398851931178
Q9H496,TOR1AIP2,-4.4699841100473,TOR1AIP2,-3.68240865501348,TOR1AIP2,-3.06531040340964
P02786,TFRC,-4.77445466910024,TFRC,-4.4351155398506,NA,NA
Q8WUU5,GATAD1,-4.37228202919685,GATAD1,-4.51273271944574,NA,NA
A1L020,MEX3A,-3.59996413093408,MEX3A,-3.11030686593541,MEX3A,-3.76935031700442
Q9ULI4,KIF26A,-4.19559841312185,KIF26A,-2.81039123970275,NA,NA
Q9Y376,CAB39,-4.61481713282783,CAB39,-4.407678328349711,CAB39,-4.0491729951077104
P24666,ACP1,-5.014367937448809,ACP1,-4.72775598343954,ACP1,-3.97696460890186
Q92558,WASF1,-6.1019353790553,WASF1,-4.33252564663966,NA,NA
Q9UP83,COG5,-7.17875371689548,NA,NA,NA,NA
Q9Y4F3,MARF1,-3.9655744203456,MARF1,-4.2243867067865,NA,NA
O94868,FCHSD2,-2.87211905610159,NA,NA,NA,NA
Q8WUN7,UBTD2,-2.26186829924748,NA,NA,NA,NA
Q16706,MAN2A1,-2.1302673458591,NA,NA,NA,NA
Q15126,PMVK,-5.397917297647671,PMVK,-4.6104678438666,PMVK,-4.40523033327851
Q16555,DPYSL2,-9.07169180008477,DPYSL2,-6.84837740438117,NA,NA
Q16718,NDUFA5,-4.09988303499179,NDUFA5,-3.67650696074184,NDUFA5,-3.57944174290256
Q9BRD0,BUD13,-3.6802795773652304,NA,NA,BUD13,-3.0696434041762
Q12797,ASPH,-2.04715978702211,ASPH,-3.29487291190286,NA,NA
Q86VW0,SESTD1,-3.8853281222235,SESTD1,-3.76157480736589,SESTD1,-3.42532116819583
O94953,KDM4B,-3.90385997653696,KDM4B,-2.46491342589851,KDM4B,-2.19299049651482
P36954,POLR2I,-5.109677925805,NA,NA,NA,NA
Q8NFP4,MDGA1,-6.3414220853709296,NA,NA,NA,NA
Q02127,DHODH,-12.5165547502613,NA,NA,DHODH,-5.74319597822595
O15173,PGRMC2,-5.20291454843528,PGRMC2,-3.9809109623029295,NA,NA
P08243,ASNS,-8.13446147966078,NA,NA,NA,NA
Q13569,TDG,-3.05544939525042,TDG,-2.88834468407785,TDG,-2.25780813519567
Q9C0I3,CCSER1,-0.184042951435349,CCSER1,0.28222466337222,NA,NA
Q02543,RPL18A,-6.2691861527701,RPL18A,-5.3007381607053,RPL18A,-5.1650435584283105
Q9NRW7,VPS45,-4.63763407608256,VPS45,-4.34573806251605,VPS45,-4.14932770693567
P16298,PPP3CB,-5.759978536016551,PPP3CB,-4.958976817348351,NA,NA
P18074,ERCC2,-4.54847182206714,NA,NA,NA,NA
Q96K37,SLC35E1,-4.756097359381569,SLC35E1,-4.018751210531249,SLC35E1,-4.13298037022512
Q8WYK1,CNTNAP5,-4.16642785788014,CNTNAP5,-3.43759695893676,CNTNAP5,-2.24155677059103
Q13825,AUH,-4.751244207415169,NA,NA,NA,NA
Q86TN4,TRPT1,-11.7675365848312,NA,NA,NA,NA
Q6Y7W6,GIGYF2,-4.26804382572065,GIGYF2,-3.7257246384683,NA,NA
O15068,MCF2L,-4.5712108474654,NA,NA,NA,NA
P16949,STMN1,-6.3464869959022,STMN1,-6.078179615851351,STMN1,-5.20403120159799
Q15560,TCEA2,-1.60901720130601,TCEA2,-2.21273198888244,TCEA2,-1.60620066957713
O15213,WDR46,-5.70582667822006,WDR46,-4.61744296165806,WDR46,-4.27186800484244
P31930,UQCRC1,-6.492744045564,UQCRC1,-5.691621381826391,UQCRC1,-5.55971836639836
Q9Y496,KIF3A,-12.0947816152726,KIF3A,-10.8955553791771,NA,NA
Q8N1G4,LRRC47,-6.107842751028049,LRRC47,-4.92282917683293,NA,NA
P28799,GRN,-0.471139818454352,GRN,-0.396061779948635,GRN,-0.001453534074789
O94952,FBXO21,-3.1225949369656,NA,NA,FBXO21,-2.44128326915183
Q9UKE5,TNIK,-3.24939161585197,TNIK,-2.73842288766258,NA,NA
O75385,ULK1,-2.55944359202953,NA,NA,NA,NA
P25705,ATP5F1A,-7.29362044530272,NA,NA,NA,NA
Q5JU85,IQSEC2,-1.54428110844711,NA,NA,NA,NA
Q9NQG5,RPRD1B,-4.935023440281991,RPRD1B,-3.91459007755966,RPRD1B,-3.8274812619804095
Q6ZN54,DEF8,-1.7161228026263,DEF8,-1.72966105690455,DEF8,-1.378173877282
P36639,NUDT1,-11.2167272716989,NA,NA,NA,NA
Q99873,PRMT1,-6.67080495410953,NA,NA,NA,NA
P55011,SLC12A2,-4.11986484729148,SLC12A2,-3.23083612307926,NA,NA
P43004,SLC1A2,-5.49459784888336,NA,NA,SLC1A2,-4.867068438973471
Q12765,SCRN1,-5.966124562707231,SCRN1,-4.77510586968542,SCRN1,-4.54651163491812
O75390,CS,-7.8488883424606,CS,-7.695433935923351,NA,NA
Q86V97,KBTBD6,-4.6089574296228495,NA,NA,NA,NA
O75093,SLIT1,-4.090556663284231,SLIT1,-2.60675967525343,SLIT1,-2.86544815587022
P62701,RPS4X,-8.61392395090933,NA,NA,NA,NA
P35222,CTNNB1,-3.9293589039735903,CTNNB1,-3.55269813452813,CTNNB1,-3.06299823801081
P48730,CSNK1D,-3.03361659101551,NA,NA,CSNK1D,-2.54265717731188
Q99733,NAP1L4,-8.45766889390881,NA,NA,NA,NA
Q96A35,MRPL24,-5.81352360320248,MRPL24,-5.08524563052868,MRPL24,-4.67428551755189
Q9Y5R8,TRAPPC1,1.70089871987579,TRAPPC1,1.6957877578644,NA,NA
Q9H4A3,WNK1,-4.66358047681996,NA,NA,WNK1,-4.11529475578969
Q8WXI2,CNKSR2,-12.1569162687373,NA,NA,NA,NA
Q9Y2B0,CNPY2,-7.195567781080809,CNPY2,-4.87424772399408,NA,NA
Q13492,PICALM,-4.71992992141183,NA,NA,NA,NA
Q9NXG6,P4HTM,-3.56968335343637,NA,NA,NA,NA
Q52WX2,SBK1,-4.21469331526413,SBK1,-3.722955741121,SBK1,-2.53046440360626
Q9P2K5,MYEF2,-7.23093780665092,NA,NA,NA,NA
P60510,PPP4C,-4.84827476713208,PPP4C,-3.89284035551142,PPP4C,-3.58701364968078
Q9UNF1,MAGED2,-6.48962810223377,MAGED2,-4.439414329629,NA,NA
Q6ZVC0,NYAP1,-2.72108844708813,NA,NA,NA,NA
Q9BU76,MMTAG2,4.3970662118319,NA,NA,NA,NA
Q8NBI6,XXYLT1,-4.71357950455608,XXYLT1,-3.6477367580695,NA,NA
Q96F07,CYFIP2,-7.177572084408889,NA,NA,NA,NA
P84095,RHOG,-2.59546345195455,NA,NA,RHOG,-3.28621560367908
O43920,NDUFS5,-5.64211546394079,NDUFS5,-5.00966343435728,NA,NA
P61086,UBE2K,-4.58008904719556,UBE2K,-4.24245815380206,UBE2K,-3.7972646255641105
P22695,UQCRC2,-6.6154547116125,NA,NA,NA,NA
P42892,ECE1,-4.60424019462433,ECE1,-2.74994298311079,ECE1,-2.35362000808108
Q8N0Z6,TTC5,-5.35031796398225,NA,NA,TTC5,-4.5781472715178095
Q96NX9,DACH2,-1.65183808541367,NA,NA,NA,NA
Q00610,CLTC,-11.6403984453588,CLTC,-10.0648011701887,NA,NA
Q15819,UBE2V2,-5.524049231129689,UBE2V2,-5.03045555812364,NA,NA
Q9UBB9,TFIP11,-4.52034208362,NA,NA,TFIP11,-3.8535742828311506
P29401,TKT,-9.86294254595712,NA,NA,NA,NA
Q5TGI0,FAXC,-4.45153551928812,FAXC,-3.850737511481511,FAXC,-3.55231120969864
O43310,CTIF,-3.37368063134345,CTIF,-2.8837541403885,CTIF,-2.27444598164784
Q6ZNB6,NFXL1,-11.0618747083963,NA,NA,NA,NA
Q719H9,KCTD1,-2.64792812048605,KCTD1,-2.33241702558524,KCTD1,-2.11235042898267
Q9H9T3,ELP3,-5.98461097092784,ELP3,-4.86167509228948,ELP3,-3.40843779637856
Q12852,MAP3K12,-4.96357656888393,MAP3K12,-3.71585676036959,MAP3K12,-3.10733532087839
O75347,TBCA,-7.486250459969059,NA,NA,NA,NA
Q86X27,RALGPS2,-2.71476207539102,NA,NA,NA,NA
Q8N1B4,VPS52,-4.81982855613371,NA,NA,NA,NA
Q12824,SMARCB1,-3.77394218925916,SMARCB1,-2.84721238790679,SMARCB1,-2.82659301285828
Q04656,ATP7A,-11.4116480720496,NA,NA,NA,NA
Q8WXF1,PSPC1,-6.2526826679474095,PSPC1,-5.6681530140568,NA,NA
P07738,BPGM,-7.025990674051631,NA,NA,NA,NA
O95782,AP2A1,-9.99974848568074,AP2A1,-8.16833770192377,NA,NA
P30153,PPP2R1A,-10.1291615453506,NA,NA,PPP2R1A,-6.88846167626141
P10586,PTPRF,-4.29007588749401,PTPRF,-3.6973471051968314,PTPRF,-2.52190276555012
Q99856,ARID3A,-4.33478066866745,ARID3A,-2.72734683991552,ARID3A,-2.33621625261092
Q9BQ39,DDX50,-5.41796226276721,NA,NA,DDX50,-5.63228767984767
O00116,AGPS,-12.2345622729257,NA,NA,NA,NA
Q15717,ELAVL1,-5.267160975951151,ELAVL1,-4.385650905669911,ELAVL1,-3.9923706185657695
Q6P1X6,C8orf82,-5.843493697343191,C8orf82,-5.10841345927608,C8orf82,-4.47094254700573
Q9BXB4,OSBPL11,-4.09326621328532,OSBPL11,-4.13625879394767,NA,NA
Q96CT7,CCDC124,-10.0449668631805,NA,NA,NA,NA
Q9C0C2,TNKS1BP1,-5.55840138795203,TNKS1BP1,-4.3840287231924,NA,NA
Q5JSZ5,PRRC2B,-3.91986407959748,PRRC2B,-3.03455440516779,PRRC2B,-2.76425791585166
Q15048,LRRC14,-4.978081620884471,LRRC14,-4.15167502527825,NA,NA
Q96GD3,SCMH1,-1.13329675527318,SCMH1,-0.818558166316129,NA,NA
P59998,ARPC4,-6.14975605735842,NA,NA,NA,NA
Q6NUM9,RETSAT,-5.41168081923534,RETSAT,-3.714041173404631,NA,NA
P36578,RPL4,-6.78691767083283,NA,NA,RPL4,-7.46230278566403
Q8IXQ5,KLHL7,-2.74139742897418,NA,NA,NA,NA
O00170,AIP,-4.810188664779529,NA,NA,NA,NA
Q9H4L4,SENP3,-4.13217811914509,SENP3,-3.52245082842451,SENP3,-3.51609288404004
Q9BWE0,REPIN1,-1.79840595100215,NA,NA,NA,NA
P14416,DRD2,-4.61450564978733,NA,NA,NA,NA
P30876,POLR2B,-5.2654024648018,POLR2B,-4.01972164962304,POLR2B,-4.07096332405243
O00743,PPP6C,-5.974236243587289,PPP6C,-3.62243595862904,PPP6C,-4.67212874966755
Q9NXG2,THUMPD1,-11.9966252771549,NA,NA,NA,NA
Q9H3P7,ACBD3,-6.66563619382076,NA,NA,ACBD3,-5.11305099753376
Q9HCM3,KIAA1549,-4.26010637853744,KIAA1549,-2.90071430910126,KIAA1549,-3.45924090049698
Q9HAT8,PELI2,-4.30680028272292,PELI2,-3.14836193581213,PELI2,-2.54452025229381
Q92845,KIFAP3,-3.89605920804386,KIFAP3,-2.83740501193351,NA,NA
O43854,EDIL3,-9.4082272803794,NA,NA,EDIL3,-8.184639084750591
Q15643,TRIP11,-5.20659104437158,NA,NA,NA,NA
O94766,B3GAT3,-4.153248239313911,B3GAT3,-3.4765587763433,B3GAT3,-3.51084775476638
O00429,DNM1L,-12.9381798711241,NA,NA,NA,NA
Q9NR28,DIABLO,-5.88311297340479,NA,NA,NA,NA
P31150,GDI1,-8.12265480140866,NA,NA,NA,NA
Q59EK9,RUNDC3A,-4.95847764614965,RUNDC3A,-3.72815254275544,RUNDC3A,-3.45402904322173
Q5JRA6,MIA3,-5.20962231383429,NA,NA,NA,NA
Q15067,ACOX1,-5.3407963675051295,ACOX1,-5.00864640142928,NA,NA
P30040,ERP29,-5.2084846994019,ERP29,-4.94014895257962,ERP29,-4.60164293592252
P0CK96,SLC35E2B,-1.022859776492,SLC35E2B,-0.648670543643107,SLC35E2B,-0.292273332536694
Q9UPV7,PHF24,-11.2250965282436,NA,NA,NA,NA
P09874,PARP1,-11.3336330602667,NA,NA,NA,NA
Q9NS86,LANCL2,-6.545927874837529,LANCL2,-7.20270931655984,NA,NA
Q9BSV6,TSEN34,-4.24934335443932,TSEN34,-2.14389539301838,TSEN34,-1.74697486268161
Q7Z7L7,ZER1,-4.0086836291234,NA,NA,NA,NA
Q86WA8,LONP2,-5.45755187983302,LONP2,-4.78461353698312,LONP2,-3.26038868237896
Q13310,PABPC4,-9.80169901445217,PABPC4,-8.5660311436001,NA,NA
P49458,SRP9,-4.16400183857351,SRP9,-3.59141883610578,NA,NA
Q13242,SRSF9,-8.50846149757053,NA,NA,SRSF9,-7.427634232893809
P53990,IST1,-11.423275239426,NA,NA,NA,NA
Q96A83,COL26A1,-12.7956711579323,NA,NA,NA,NA
Q15631,TSN,-5.629959790090431,TSN,-4.73060552994804,TSN,-4.60673737740327
Q9UKG1,APPL1,-5.867456661373391,NA,NA,NA,NA
Q8TBP6,SLC25A40,-6.69464490688431,NA,NA,NA,NA
O14576,DYNC1I1,-5.813181305954791,NA,NA,NA,NA
O60299,LZTS3,-2.61524770125118,NA,NA,NA,NA
Q15120,PDK3,-4.36265402188697,NA,NA,NA,NA
Q9Y5X1,SNX9,-5.94171204064302,NA,NA,SNX9,-5.40266448406835
O43155,FLRT2,-2.847234706177,NA,NA,NA,NA
Q9UBI9,HECA,-4.36296671796964,HECA,-4.54428356641841,HECA,-3.45298384832475
Q8IYT2,CMTR2,-1.14266774504397,NA,NA,CMTR2,-0.809606353241008
O00213,APBB1,-3.17111054971373,APBB1,-2.93491249417893,NA,NA
P04843,RPN1,-5.79838615535844,NA,NA,RPN1,-4.83375748856561
P17612,PRKACA,-9.5689199202973,PRKACA,-8.077622885565791,NA,NA
Q08629,SPOCK1,-2.82643539277215,SPOCK1,-2.11630356303214,SPOCK1,-2.11833371077851
P61916,NPC2,-8.92668390955924,NA,NA,NA,NA
P78344,EIF4G2,-12.3631921332298,NA,NA,NA,NA
Q8NEY1,NAV1,-4.24959685720864,NAV1,-4.913086161009431,NAV1,-3.6088011993064
Q8IXT5,RBM12B,-11.6980383574518,NA,NA,NA,NA
P98172,EFNB1,-6.36357225333351,NA,NA,NA,NA
Q99567,NUP88,-6.78134612388054,NA,NA,NA,NA
Q6F5E8,CARMIL2,-7.1640887290186495,NA,NA,NA,NA
Q6KCM7,SLC25A25,3.8360027918221,NA,NA,NA,NA
P54756,EPHA5,-0.511684577815611,NA,NA,NA,NA
Q92997,DVL3,-11.0753302242705,NA,NA,NA,NA
Q96SU4,OSBPL9,-4.54339514291027,OSBPL9,-3.9096934688766,OSBPL9,-3.6790499815914495
O95373,IPO7,-12.4792873995082,NA,NA,NA,NA
Q9NW61,PLEKHJ1,1.07568459127746,NA,NA,NA,NA
Q9UBF2,COPG2,-6.47325533583616,COPG2,-6.1997983872966,COPG2,-5.9808368130388
Q9GZT9,EGLN1,-4.9066288071886,NA,NA,NA,NA
Q14108,SCARB2,-5.40950269604198,SCARB2,-5.10486520032634,NA,NA
Q9NUM4,TMEM106B,-2.71922260832325,TMEM106B,-2.54561437240186,TMEM106B,-2.06381412686645
Q9UNF0,PACSIN2,-5.934936587156,PACSIN2,-5.5729253060302,PACSIN2,-5.81947774404723
Q8NEZ5,FBXO22,-5.9502322523488,FBXO22,-4.67569565969628,NA,NA
Q9BW62,KATNAL1,-9.74399627340143,NA,NA,NA,NA
Q12955,ANK3,-11.1123588856774,NA,NA,NA,NA
Q9UQ80,PA2G4,-12.3976586665402,NA,NA,NA,NA
Q14576,ELAVL3,-7.490829860284419,NA,NA,NA,NA
A8MW92,PHF20L1,-4.89700531451594,NA,NA,NA,NA
Q9P2Q2,FRMD4A,-7.672484216279821,FRMD4A,-4.32914076353109,NA,NA
Q8IVU1,IGDCC3,-4.94762145594938,IGDCC3,-3.22295816685203,IGDCC3,-2.97391052324625
Q2NKJ3,CTC1,-0.423214715148996,NA,NA,NA,NA
Q99569,PKP4,-3.12014866428695,NA,NA,NA,NA
P63151,PPP2R2A,-4.75944842424276,NA,NA,NA,NA
Q6N022,TENM4,-10.4235415555726,TENM4,-10.3069149966224,NA,NA
Q9UPU3,SORCS3,-3.53075997838878,SORCS3,-2.73984105874834,SORCS3,-2.06337820352101
P17706,PTPN2,-2.75279524643042,NA,NA,NA,NA
Q96EZ8,MCRS1,-3.26013089504944,NA,NA,MCRS1,-3.29293428742137
P09001,MRPL3,-3.18256900540812,NA,NA,NA,NA
Q9UKV8,AGO2,-12.5307041325149,NA,NA,NA,NA
Q96ST3,SIN3A,-4.6694241992301295,SIN3A,-3.57558898398528,NA,NA
O14522,PTPRT,-4.44367160909015,PTPRT,-3.3421126441117,PTPRT,-2.75792358391432
Q6ZSY5,PPP1R3F,-5.15117181412174,PPP1R3F,-4.81095481671546,NA,NA
Q9H1B7,IRF2BPL,-4.81910244009915,IRF2BPL,-3.86365280470662,IRF2BPL,-2.67989777700355
P53999,SUB1,-8.599602507906889,SUB1,-8.61270430368637,NA,NA
P06241,FYN,-5.06064800126613,NA,NA,NA,NA
Q9NYB0,TERF2IP,-5.14318076096072,TERF2IP,-5.1525882711069,TERF2IP,-4.4479598753665694
O15027,SEC16A,-5.24532979454219,SEC16A,-4.48465135839502,SEC16A,-3.63456511699524
P61247,NA,NA,RPS3A,-6.1606930139779,NA,NA
O43312,NA,NA,MTSS1,-4.253018828658671,MTSS1,-3.33041737565335
P62380,NA,NA,TBPL1,-3.67956814789076,TBPL1,-3.6193767087250897
O15020,NA,NA,SPTBN2,-5.49321494052085,SPTBN2,-4.9489170123495105
P14735,NA,NA,IDE,-3.74486888909187,NA,NA
Q96S90,NA,NA,LYSMD1,-3.4192081950781,LYSMD1,-3.89221768522984
Q9UJ41,NA,NA,RABGEF1,-5.138399271992591,NA,NA
Q8IWT6,NA,NA,LRRC8A,-4.10520784525088,LRRC8A,-4.48374633171301
P48634,NA,NA,PRRC2A,-3.53271024807775,NA,NA
P51513,NA,NA,NOVA1,-5.5668814734238,NA,NA
Q9ULJ7,NA,NA,ANKRD50,-3.99481965087444,NA,NA
Q86UU1,NA,NA,PHLDB1,-3.59174920274202,PHLDB1,-3.45279189640152
Q75VX8,NA,NA,GAREM2,-4.4142933624879,NA,NA
Q9HCG8,NA,NA,CWC22,-3.83774357421058,CWC22,-4.14585110021546
Q9GZZ1,NA,NA,NAA50,-4.177955747740129,NA,NA
O00571,NA,NA,DDX3X,-3.1166329739441,DDX3X,-3.11625201266667
O94813,NA,NA,SLIT2,-4.59383942333185,NA,NA
Q7Z5G4,NA,NA,GOLGA7,-3.8068991334404494,NA,NA
Q9H8M5,NA,NA,CNNM2,-4.2053886404422,NA,NA
Q07866,NA,NA,KLC1,-5.64074238230811,NA,NA
Q8IXH7,NA,NA,NELFCD,-4.55415982234244,NA,NA
Q9Y285,NA,NA,FARSA,-5.18124127685386,NA,NA
O14730,NA,NA,RIOK3,-2.24905585591629,RIOK3,-1.76808783071556
P13798,NA,NA,APEH,-4.33761295778562,APEH,-4.77458196683415
Q8IWA4,NA,NA,MFN1,-3.6143730271631296,MFN1,-4.14360170487403
Q2TAL8,NA,NA,QRICH1,-2.21704820411002,QRICH1,-1.59602205742252
Q76G19,NA,NA,PDZD4,-3.0649158832896,PDZD4,-1.9315763284348
Q8NI27,NA,NA,THOC2,-4.47497675144636,NA,NA
Q6P1R4,NA,NA,DUS1L,-3.30834781018815,DUS1L,-3.69467380375254
P78559,NA,NA,MAP1A,-5.23116858730658,MAP1A,-5.24551448135236
Q7Z6M1,NA,NA,RABEPK,-4.21278991802295,NA,NA
O60828,NA,NA,PQBP1,-3.47575058523014,NA,NA
Q16827,NA,NA,PTPRO,-2.98086450548208,PTPRO,-3.01552580001151
O00273,NA,NA,DFFA,-4.813034987774871,NA,NA
O75190,NA,NA,DNAJB6,-3.31202833879661,DNAJB6,-2.7674535414139
P22694,NA,NA,PRKACB,-3.93506163050844,PRKACB,-3.74305141618304
A7MD48,NA,NA,SRRM4,-2.39528114387222,SRRM4,-1.91165683106064
O60216,NA,NA,RAD21,-4.202696630380751,RAD21,-4.01304797308235
Q8NFG4,NA,NA,FLCN,-2.4726798807053,NA,NA
O15379,NA,NA,HDAC3,-3.53308959611082,NA,NA
Q9NWZ5,NA,NA,UCKL1,-3.9707045461772,UCKL1,-4.41780356084108
Q9GZL7,NA,NA,WDR12,0.63167614683566,WDR12,0.58741677305443
Q9UL46,NA,NA,PSME2,-6.37154985436962,PSME2,-5.53793551013674
Q13873,NA,NA,BMPR2,-3.50673487935478,NA,NA
A6QL63,NA,NA,BTBD11,-1.73592146243546,NA,NA
Q08379,NA,NA,GOLGA2,-2.84414957317438,NA,NA
P55786,NA,NA,NPEPPS,-5.78261737185413,NPEPPS,-6.06351922473216
Q8IU81,NA,NA,IRF2BP1,-3.34221335070208,NA,NA
Q9BUZ4,NA,NA,TRAF4,-4.22013814919509,NA,NA
O00255,NA,NA,MEN1,-4.52237509860515,NA,NA
Q9Y6M1,NA,NA,IGF2BP2,-5.21425746153462,IGF2BP2,-5.0696746863517
Q8N5A5,NA,NA,ZGPAT,-3.82661384255376,ZGPAT,-2.89894119184782
Q99848,NA,NA,EBNA1BP2,-4.60876411609944,EBNA1BP2,-4.10622810514069
Q8N9I9,NA,NA,DTX3,-3.22626889540935,DTX3,-2.54050586322741
Q9UGH3,NA,NA,SLC23A2,-3.39960769680355,NA,NA
P63010,NA,NA,AP2B1,-7.99654631521784,NA,NA
O75489,NA,NA,NDUFS3,-5.7078525192883,NDUFS3,-5.56991366215546
Q8TDN6,NA,NA,BRIX1,-3.24514696439785,NA,NA
Q9Y5V3,NA,NA,MAGED1,-2.12875265788934,MAGED1,-1.58445536856968
P22307,NA,NA,SCP2,-5.22270158431379,NA,NA
Q92785,NA,NA,DPF2,-3.55523109744567,DPF2,-2.86998456030005
P48729,NA,NA,CSNK1A1,-3.18887282370111,CSNK1A1,-3.23799801708292
Q92609,NA,NA,TBC1D5,-2.9897642076764,NA,NA
O15270,NA,NA,SPTLC2,-3.62064182390534,SPTLC2,-3.27637111884955
Q9NZ63,NA,NA,C9orf78,-3.48112400114846,NA,NA
O60927,NA,NA,PPP1R11,-3.8271595699282495,NA,NA
Q6UXD5,NA,NA,SEZ6L2,-1.68205712267023,SEZ6L2,-1.46867615644006
Q9P258,NA,NA,RCC2,-4.66488321072928,RCC2,-3.9845941884869105
Q9Y4G8,NA,NA,RAPGEF2,-3.43811238057313,NA,NA
P78356,NA,NA,PIP4K2B,-4.65799094251415,PIP4K2B,-4.2529746809753295
P60880,NA,NA,SNAP25,-4.396545077030351,SNAP25,-4.665627522052191
P00367,NA,NA,GLUD1,-6.118322723860169,GLUD1,-6.67610242464384
Q9H5H4,NA,NA,ZNF768,-3.6680108172264703,ZNF768,-4.06881135814076
Q9NYY8,NA,NA,FASTKD2,-4.49500591638785,FASTKD2,-3.6354261914148305
Q9UMN6,NA,NA,KMT2B,-3.82845544606176,KMT2B,-3.33428549870124
P98175,NA,NA,RBM10,-4.010696557215431,NA,NA
P17405,NA,NA,SMPD1,-4.99600744714706,SMPD1,-4.605007343457809
O75044,NA,NA,SRGAP2,-4.127263534714969,SRGAP2,-4.38192425257429
Q5T7P8,NA,NA,SYT6,-4.04412728294492,SYT6,-2.5861079569475
Q9Y2I1,NA,NA,NISCH,-3.37139567656502,NISCH,-3.363080587352
Q8N5J2,NA,NA,MINDY1,-3.3779634351721,MINDY1,-3.51902851827944
Q9BWF3,NA,NA,RBM4,-2.58054762926598,NA,NA
Q643R3,NA,NA,LPCAT4,-3.98027600685892,LPCAT4,-2.74035205551368
P45954,NA,NA,ACADSB,-4.80067580486643,NA,NA
P62937,NA,NA,PPIA,-5.47112410171661,PPIA,-5.881477575721591
Q9UI36,NA,NA,DACH1,-2.51786410524585,DACH1,-2.322333491409
Q9NVG8,NA,NA,TBC1D13,-3.82822908004143,TBC1D13,-3.19434262387991
Q86UK7,NA,NA,ZNF598,-3.27485914606235,NA,NA
Q7Z5K2,NA,NA,WAPL,-3.1464133637003,NA,NA
A6NGN9,NA,NA,IGLON5,-3.87584912809281,NA,NA
P23470,NA,NA,PTPRG,-3.62164770972508,PTPRG,-2.59604973566339
O95721,NA,NA,SNAP29,-4.3735660597256,NA,NA
P11117,NA,NA,ACP2,-6.07888893023156,NA,NA
P43034,NA,NA,PAFAH1B1,-9.82700362031144,NA,NA
Q9UJC5,NA,NA,SH3BGRL2,-7.33421248649959,NA,NA
P18615,NA,NA,NELFE,-3.03860725557228,NELFE,-3.02660872935103
Q8N5H7,NA,NA,SH2D3C,-2.82069296953911,NA,NA
Q14BN4,NA,NA,SLMAP,-4.97813069273853,NA,NA
P50607,NA,NA,TUB,-0.768409877838765,NA,NA
Q9UBU9,NA,NA,NXF1,-4.87487355632104,NXF1,-3.72849752512872
Q5SQI0,NA,NA,ATAT1,-6.78492362098864,ATAT1,-5.87110822968472
P52701,NA,NA,MSH6,-10.7697940108388,NA,NA
Q6NTF9,NA,NA,RHBDD2,-6.74299521625389,NA,NA
O15260,NA,NA,SURF4,-6.42244142078951,SURF4,-5.98708860307442
P34931,NA,NA,HSPA1L,-5.05983464541307,NA,NA
Q5VTB9,NA,NA,RNF220,-4.08370409961432,RNF220,-3.56264348569944
O60858,NA,NA,TRIM13,-2.62501117986914,NA,NA
O75376,NA,NA,NCOR1,-2.47977655451914,NCOR1,-1.61947294996632
Q96CU9,NA,NA,FOXRED1,-5.87745895325558,NA,NA
Q9BRX2,NA,NA,PELO,-3.40568191688992,PELO,-3.11234065584907
Q9Y5W9,NA,NA,SNX11,-6.51770281847925,NA,NA
Q9HBU6,NA,NA,ETNK1,-2.53441241106687,NA,NA
P46109,NA,NA,CRKL,-7.304908797819299,CRKL,-6.305811860153329
O14828,NA,NA,SCAMP3,-3.34219424302035,NA,NA
O14735,NA,NA,CDIPT,-4.96819608091287,CDIPT,-5.1298959955006
Q2TAY7,NA,NA,SMU1,-5.64553001864562,NA,NA
Q14CW9,NA,NA,ATXN7L3,-1.0646722080058,NA,NA
Q9H254,NA,NA,SPTBN4,-1.87556734822326,NA,NA
Q9BRL6,NA,NA,SRSF8,-4.61624942975456,NA,NA
O95372,NA,NA,LYPLA2,-6.74830293042297,NA,NA
Q86U90,NA,NA,YRDC,-6.035781144042289,YRDC,-4.670724833799929
Q15788,NA,NA,NCOA1,-2.72515432796116,NA,NA
P49840,NA,NA,GSK3A,-4.370266692217871,GSK3A,-4.040310286116
Q5M775,NA,NA,SPECC1,-4.9603907414941295,NA,NA
A1A5C7,NA,NA,SLC22A23,-6.686404447038569,NA,NA
Q6DKJ4,NA,NA,NXN,-3.96725465496324,NXN,-3.96147995219159
Q9H1D9,NA,NA,POLR3F,-3.43100482936996,POLR3F,-3.8304086492337697
Q9Y2U8,NA,NA,LEMD3,-1.89484272274476,NA,NA
Q9H165,NA,NA,BCL11A,-3.06700591926707,NA,NA
P60763,NA,NA,RAC3,-4.555439043523,NA,NA
P48454,NA,NA,PPP3CC,-6.8972540075052,NA,NA
Q86WR0,NA,NA,CCDC25,-4.72415083708891,NA,NA
P50579,NA,NA,METAP2,-4.97375015657486,NA,NA
P57771,NA,NA,RGS8,-4.41616324200493,NA,NA
Q9H1V8,NA,NA,SLC6A17,-2.15051640954169,NA,NA
Q969R2,NA,NA,OSBP2,-5.94622262479172,OSBP2,-5.92464927204396
Q9UBB4,NA,NA,ATXN10,-3.8199517569949295,ATXN10,-2.65170543580228
O15400,NA,NA,STX7,-4.00248693866659,NA,NA
Q14331,NA,NA,FRG1,-5.819845018573689,NA,NA
O43505,NA,NA,B4GAT1,-2.63087925608303,NA,NA
Q9HD20,NA,NA,ATP13A1,-4.8192841073525,NA,NA
Q6IAA8,NA,NA,LAMTOR1,-4.51676721896247,NA,NA
Q8N9V3,NA,NA,WDSUB1,-2.83300327700487,NA,NA
Q7L3B6,NA,NA,CDC37L1,-0.274446070195646,CDC37L1,-0.417079048856043
Q96JQ0,NA,NA,DCHS1,-2.22309884552438,NA,NA
Q147X3,NA,NA,NAA30,-3.80758005150522,NAA30,-4.47897397368824
O14782,NA,NA,KIF3C,-2.80409454527899,KIF3C,-1.97090608013377
Q8NC96,NA,NA,NECAP1,-7.28989442630669,NA,NA
Q7Z7K6,NA,NA,CENPV,-6.07342586835147,NA,NA
Q8IZD9,NA,NA,DOCK3,-5.40166238731655,NA,NA
O00750,NA,NA,PIK3C2B,-4.51301922999894,NA,NA
Q8NFP9,NA,NA,NBEA,-4.468433826910551,NA,NA
Q99497,NA,NA,PARK7,-6.23402116962868,NA,NA
Q9BRQ0,NA,NA,PYGO2,-3.38451851472798,PYGO2,-2.63520480851691
P26358,NA,NA,DNMT1,-2.91861868926022,NA,NA
Q8WWI5,NA,NA,SLC44A1,-4.87389887403574,NA,NA
Q9NX40,NA,NA,OCIAD1,-3.9503726495798097,NA,NA
Q8IWZ3,NA,NA,ANKHD1,-4.73498611034071,ANKHD1,-4.28349693534945
Q9HCK5,NA,NA,AGO4,-4.016763592637671,AGO4,-3.6695028005292496
Q96M27,NA,NA,PRRC1,-5.694903804728231,NA,NA
Q674X7,NA,NA,KAZN,-4.18862875322668,KAZN,-3.6944538245659
Q96JJ6,NA,NA,JPH4,-2.35846993845393,JPH4,-2.37454083182315
P61129,NA,NA,ZC3H6,-1.90032362039484,NA,NA
P78318,NA,NA,IGBP1,-3.52935075742002,IGBP1,-3.18416602240872
Q8N1G1,NA,NA,REXO1,-3.83094608186068,NA,NA
P35790,NA,NA,CHKA,-3.64446573372978,NA,NA
Q6ICG6,NA,NA,KIAA0930,-3.58403385371953,NA,NA
Q9Y4D8,NA,NA,HECTD4,-9.90593141178195,NA,NA
Q8NCA5,NA,NA,FAM98A,-5.14100576086282,NA,NA
P14373,NA,NA,TRIM27,-3.23360185252131,TRIM27,-2.21038576240484
Q8IUD2,NA,NA,ERC1,-7.473477012336141,NA,NA
P09012,NA,NA,SNRPA,-6.082067701601511,NA,NA
Q9NP66,NA,NA,HMG20A,-1.95079769592476,NA,NA
Q02790,NA,NA,FKBP4,-6.11683207032003,FKBP4,-8.053963478245619
O95758,NA,NA,PTBP3,-3.5311822918494,PTBP3,-3.69732785114272
Q9BUN8,NA,NA,DERL1,-5.17329040568624,NA,NA
Q08945,NA,NA,SSRP1,-7.741091107041619,NA,NA
O75179,NA,NA,ANKRD17,-4.83828637920286,NA,NA
Q96F63,NA,NA,CCDC97,-3.43057346208339,CCDC97,-3.55630748701373
Q7L523,NA,NA,RRAGA,-5.09687492834916,RRAGA,-4.85100980672758
P55795,NA,NA,HNRNPH2,-4.1079918867445,NA,NA
Q15393,NA,NA,SF3B3,-6.40882233174612,NA,NA
Q8N9I0,NA,NA,SYT2,-2.48714779607731,NA,NA
O75396,NA,NA,SEC22B,-6.82117357519088,NA,NA
P35813,NA,NA,PPM1A,-5.802008315465351,NA,NA
Q9Y6I4,NA,NA,USP3,-4.46652773939978,USP3,-4.31578345845237
O14979,NA,NA,HNRNPDL,-7.554091033941,NA,NA
Q9NRG7,NA,NA,SDR39U1,-5.651717548584711,NA,NA
Q14686,NA,NA,NCOA6,-0.94921421090092,NA,NA
O95402,NA,NA,MED26,-1.85703351941287,NA,NA
Q9UPP1,NA,NA,PHF8,-4.48391952019,NA,NA
Q6P1Q0,NA,NA,LETMD1,-5.672059506465391,LETMD1,-5.719981068803071
O15399,NA,NA,GRIN2D,-1.33578920232613,NA,NA
P49327,NA,NA,FASN,-6.56613834525676,NA,NA
P29372,NA,NA,MPG,-3.7974192148253696,MPG,-3.17567209556264
Q9NV06,NA,NA,DCAF13,-2.86068056445543,NA,NA
P23443,NA,NA,RPS6KB1,-3.82351820453386,RPS6KB1,-3.2718949240541
P05060,NA,NA,CHGB,-2.46028904132303,NA,NA
P07437,NA,NA,TUBB,-8.5094700583513,NA,NA
Q14669,NA,NA,TRIP12,-4.460013796404031,TRIP12,-3.9499138567735694
Q2TBE0,NA,NA,CWF19L2,-3.41425252543689,CWF19L2,-2.544037756964
Q8TEY7,NA,NA,USP33,-2.78748520860611,NA,NA
O15344,NA,NA,MID1,-5.92810562015866,NA,NA
Q9NR46,NA,NA,SH3GLB2,-5.835189809581889,SH3GLB2,-6.15468272383265
Q92841,NA,NA,DDX17,-5.68093931499187,NA,NA
Q96N64,NA,NA,PWWP2A,-5.07214857406704,PWWP2A,-2.89526680422568
Q5VWQ0,NA,NA,RSBN1,-3.26931774328168,NA,NA
Q9UKB1,NA,NA,FBXW11,-2.83015221253511,NA,NA
Q96BY9,NA,NA,SARAF,-1.10078172245631,NA,NA
O94805,NA,NA,ACTL6B,-4.75270568238394,ACTL6B,-5.330276368122489
Q8N6N2,NA,NA,TTC9B,-3.50678469242384,TTC9B,-3.51594633631545
Q9C0D0,NA,NA,PHACTR1,-5.75549481540731,NA,NA
Q96C86,NA,NA,DCPS,-9.50759584961101,DCPS,-9.47514615283022
Q9UHG3,NA,NA,PCYOX1,-6.18771493994068,PCYOX1,-5.6011935352331506
Q5VUA4,NA,NA,ZNF318,-3.14045167026897,NA,NA
Q9HCM2,NA,NA,PLXNA4,-11.4163875902401,NA,NA
P48449,NA,NA,LSS,-5.455609618925871,NA,NA
Q684P5,NA,NA,RAP1GAP2,-4.41187658383134,RAP1GAP2,-3.59623886258872
Q92520,NA,NA,FAM3C,-2.95622341643699,FAM3C,-3.72126558842684
Q8NB37,NA,NA,GATD1,-3.02409561342987,GATD1,-2.82779001673332
Q10469,NA,NA,MGAT2,-1.92641457129103,NA,NA
Q9H857,NA,NA,NT5DC2,-4.19817347116666,NT5DC2,-3.8925690360518495
Q1L5Z9,NA,NA,LONRF2,-3.713474185345071,LONRF2,-3.6591404745339697
Q9NSI2,NA,NA,FAM207A,-3.23020879291952,FAM207A,-2.09331509370941
Q9NWU5,NA,NA,MRPL22,-6.85977857813924,NA,NA
Q9UKR5,NA,NA,ERG28,-4.78535904521434,NA,NA
Q9UGL1,NA,NA,KDM5B,-2.75724579840749,KDM5B,-2.70651425421906
Q92529,NA,NA,SHC3,-3.25498035427752,SHC3,-3.51901782947762
Q9H8M7,NA,NA,MINDY3,-4.06840812400237,NA,NA
P18433,NA,NA,PTPRA,-3.11134215620131,PTPRA,-3.08339548614046
P53677,NA,NA,AP3M2,-4.33912658268546,NA,NA
Q96RE7,NA,NA,NACC1,-3.94947944635526,NA,NA
Q9BZM4,NA,NA,ULBP3,-3.7859925767367697,NA,NA
Q9Y5B8,NA,NA,NME7,-4.71904583695377,NME7,-3.29492349179611
Q9Y4F5,NA,NA,CEP170B,-2.63734018654809,CEP170B,-2.506898114121
Q96C03,NA,NA,MIEF2,-2.74986026669991,NA,NA
Q5T5Y3,NA,NA,CAMSAP1,-3.94087399836193,CAMSAP1,-3.49163854021262
P46926,NA,NA,GNPDA1,-5.92198078194646,NA,NA
Q9NZI8,NA,NA,IGF2BP1,-10.4841030517042,NA,NA
Q969T9,NA,NA,WBP2,-7.576920730070911,NA,NA
P46821,NA,NA,MAP1B,-8.87819291516144,NA,NA
P37235,NA,NA,HPCAL1,-4.3746152860568,NA,NA
Q92805,NA,NA,GOLGA1,-2.23335040094864,NA,NA
Q15858,NA,NA,SCN9A,-3.95618015136712,NA,NA
Q7Z4K8,NA,NA,TRIM46,-4.625945967184809,NA,NA
Q9Y580,NA,NA,RBM7,-3.91228138727626,NA,NA
Q9H3R0,NA,NA,KDM4C,-2.59039229575182,NA,NA
Q96T58,NA,NA,SPEN,-3.44987202882173,NA,NA
Q8NF37,NA,NA,LPCAT1,-4.903275834477671,LPCAT1,-5.1320975138448
Q96FE5,NA,NA,LINGO1,-4.51257838782717,LINGO1,-5.390527409190271
Q92759,NA,NA,GTF2H4,-6.1719296514992,NA,NA
P36873,NA,NA,PPP1CC,-4.17169638718186,NA,NA
Q9ULJ6,NA,NA,ZMIZ1,-2.5860719236654,ZMIZ1,-1.43467772041029
O14682,NA,NA,ENC1,-4.322587955123471,NA,NA
P10645,NA,NA,CHGA,-5.2148767101384,NA,NA
Q9P1Z2,NA,NA,CALCOCO1,-4.16389743476297,NA,NA
A6NNY8,NA,NA,USP27X,-4.248702377698369,USP27X,-3.84305415082321
Q8IW70,NA,NA,TMEM151B,-4.198061273288751,NA,NA
Q53EL6,NA,NA,PDCD4,-4.95695123988852,PDCD4,-2.81128145725546
O95405,NA,NA,ZFYVE9,-3.06581460027856,NA,NA
Q14202,NA,NA,ZMYM3,-4.01444927968803,NA,NA
Q14847,NA,NA,LASP1,-10.661399097572,NA,NA
Q9BTU6,NA,NA,PI4K2A,-5.401799660883849,PI4K2A,-4.276987649189169
Q15386,NA,NA,UBE3C,-4.79234958799832,UBE3C,-4.48254369601392
O00203,NA,NA,AP3B1,-4.66483901068396,NA,NA
Q9Y2S7,NA,NA,POLDIP2,-4.06648042912312,POLDIP2,-3.8006882117365697
Q8IUZ0,NA,NA,LRRC49,-4.16498401222104,NA,NA
Q13315,NA,NA,ATM,-11.36352604293,ATM,-5.651902313328191
A5PKW4,NA,NA,PSD,-1.68537904258827,NA,NA
O15042,NA,NA,U2SURP,-3.9784450337049,NA,NA
Q9BRJ6,NA,NA,C7orf50,-5.96156962910254,C7orf50,-5.28250990423148
Q96LT9,NA,NA,RNPC3,-4.86924094598071,NA,NA
Q6PIJ6,NA,NA,FBXO38,-3.61949116192366,FBXO38,-2.01702959213472
Q8TAE8,NA,NA,GADD45GIP1,-4.88247640440685,NA,NA
O60347,NA,NA,TBC1D12,-0.607283604885891,TBC1D12,0.49371575362602
Q8WXG6,NA,NA,MADD,-12.0571888930716,NA,NA
Q9GZN1,NA,NA,ACTR6,-3.11106014528084,ACTR6,-3.01498659881671
Q9NRF8,NA,NA,CTPS2,-5.30123046504796,NA,NA
Q9NR31,NA,NA,SAR1A,-2.96160211036304,NA,NA
Q96P16,NA,NA,RPRD1A,-3.04469484957085,NA,NA
Q9BWU0,NA,NA,SLC4A1AP,-3.54021647824505,SLC4A1AP,-2.93689509418656
Q9Y2Q5,NA,NA,LAMTOR2,-3.89252189086416,LAMTOR2,-4.39236770929208
Q8NAF0,NA,NA,ZNF579,-5.38472790547671,NA,NA
Q9UEU0,NA,NA,VTI1B,-11.2718534989718,NA,NA
Q00839,NA,NA,HNRNPU,-9.36930667873975,NA,NA
P38646,NA,NA,HSPA9,-8.57898175565948,NA,NA
Q7Z5J4,NA,NA,RAI1,-4.9415608668335,NA,NA
Q9H3P2,NA,NA,NELFA,-3.988717529254751,NELFA,-4.696898991701129
Q9Y4C5,NA,NA,CHST2,-9.809579416113513,NA,NA
Q13425,NA,NA,SNTB2,-6.61243328325859,NA,NA
O94812,NA,NA,BAIAP3,-2.8895784053108,BAIAP3,-1.87434389917026
Q6UWE0,NA,NA,LRSAM1,-10.3817146486886,NA,NA
Q9HAR2,NA,NA,ADGRL3,-3.57206197136238,ADGRL3,-2.85826326520867
Q10471,NA,NA,GALNT2,-3.35315238504316,NA,NA
Q9UM19,NA,NA,HPCAL4,0.89288460909106,NA,NA
P07949,NA,NA,RET,-3.6839586734264897,RET,-2.73093346008736
Q9Y5I4,NA,NA,PCDHAC2,-3.33369497254379,PCDHAC2,-3.98562754796912
P37837,NA,NA,TALDO1,-9.237312506632462,NA,NA
P61962,NA,NA,DCAF7,-5.62928317497608,NA,NA
Q0VG06,NA,NA,FAAP100,-4.35712482144242,FAAP100,-4.07743283418944
Q86XP3,NA,NA,DDX42,-3.93827695203339,DDX42,-3.54790564361626
A6NHL2,NA,NA,TUBAL3,-5.32980848302177,NA,NA
Q9P107,NA,NA,GMIP,-3.93521724268046,NA,NA
Q9NUJ3,NA,NA,TCP11L1,-4.09943640387143,NA,NA
Q9NZN8,NA,NA,CNOT2,-4.18849485005122,NA,NA
O14497,NA,NA,ARID1A,-4.99276012255942,NA,NA
Q58EX2,NA,NA,SDK2,-5.49908977014559,NA,NA
P22304,NA,NA,IDS,-4.84776986762163,NA,NA
P56945,NA,NA,BCAR1,-2.65125520723872,NA,NA
O95071,NA,NA,UBR5,-4.0843982174725,UBR5,-3.31774905230768
O95989,NA,NA,NUDT3,-4.7712579626467,NA,NA
P35052,NA,NA,GPC1,-4.95656216356832,NA,NA
Q9UN75,NA,NA,PCDHA12,-3.40376237922041,PCDHA12,-3.19055945746016
Q5VU43,NA,NA,PDE4DIP,-5.75523520777835,NA,NA
Q9Y2H9,NA,NA,MAST1,-10.0346931057951,NA,NA
Q96FW1,NA,NA,OTUB1,-6.62893676831176,NA,NA
P78509,NA,NA,RELN,-4.13234048672512,RELN,-2.61233823715614
Q14964,NA,NA,RAB39A,-3.39217409503943,NA,NA
O95996,NA,NA,APC2,-3.30209494220337,APC2,-2.28577930095634
Q9Y5L0,NA,NA,TNPO3,-7.44643706594061,NA,NA
Q96PE2,NA,NA,ARHGEF17,-3.18806555475526,ARHGEF17,-2.58400302149334
O14733,NA,NA,MAP2K7,-2.16041536065231,NA,NA
Q6ZTW0,NA,NA,TPGS1,-3.736385201376,TPGS1,-3.58375157849437
Q6ZT07,NA,NA,TBC1D9,-2.44930034306718,TBC1D9,-2.14926090579815
P51665,NA,NA,PSMD7,-11.5086353568737,NA,NA
Q9Y6K1,NA,NA,DNMT3A,-6.66411537638957,NA,NA
Q9BQG0,NA,NA,MYBBP1A,-8.85889032636519,NA,NA
Q70CQ3,NA,NA,USP30,-11.004451276771,NA,NA
O15126,NA,NA,SCAMP1,-4.72811558209624,NA,NA
Q6PCB5,NA,NA,RSBN1L,-4.1892316286524,NA,NA
P15586,NA,NA,GNS,-4.9689841590387,NA,NA
P22314,NA,NA,UBA1,-7.9583679656677795,NA,NA
O43173,NA,NA,ST8SIA3,-3.54270488311495,ST8SIA3,-3.17671142801604
Q9P2K6,NA,NA,KLHL42,-4.47452801803636,NA,NA
Q8N1I0,NA,NA,DOCK4,-11.8644291602345,NA,NA
P61160,NA,NA,ACTR2,-6.37543394593651,NA,NA
O75427,NA,NA,LRCH4,-4.19634827110582,NA,NA
Q93050,NA,NA,ATP6V0A1,-5.16797563577407,ATP6V0A1,-4.6395129439833
P12955,NA,NA,PEPD,-4.527821909817511,NA,NA
Q99447,NA,NA,PCYT2,-3.6760606760928702,NA,NA
Q3KQU3,NA,NA,MAP7D1,-10.0928482151168,NA,NA
Q9Y2X7,NA,NA,GIT1,-4.93990957668006,GIT1,-4.49475045973108
O95376,NA,NA,ARIH2,-4.22629787761448,NA,NA
P52429,NA,NA,DGKE,-5.27294586893186,NA,NA
Q75T13,NA,NA,PGAP1,-5.95068312424218,NA,NA
P06576,NA,NA,ATP5F1B,-6.17035017601739,ATP5F1B,-5.36051974578741
Q9NVT9,NA,NA,ARMC1,-5.38644115376036,NA,NA
Q8N9T8,NA,NA,KRI1,-5.46760780027854,NA,NA
O60716,NA,NA,CTNND1,-4.2716870481587295,CTNND1,-3.8112719014821694
Q9BRK5,NA,NA,SDF4,-9.11750462494114,NA,NA
Q96AY4,NA,NA,TTC28,-11.4143375412799,NA,NA
Q06210,NA,NA,GFPT1,-3.22773100905332,GFPT1,-2.54131465242536
Q8N8R5,NA,NA,C2orf69,-5.2851663196138094,NA,NA
O95394,NA,NA,PGM3,-4.199459051118231,NA,NA
Q3YEC7,NA,NA,RABL6,-6.10327233522086,RABL6,-5.57156668085342
Q9BWD1,NA,NA,ACAT2,-7.256154446814129,ACAT2,-6.97363024947638
Q9BXJ3,NA,NA,C1QTNF4,-3.16126298077084,NA,NA
P48426,NA,NA,PIP4K2A,-4.60441203619251,NA,NA
Q96FK6,NA,NA,WDR89,-5.57327271340072,NA,NA
Q9H2Y7,NA,NA,ZNF106,0.28968884462469,NA,NA
Q6SZW1,NA,NA,SARM1,-6.274389881852289,NA,NA
O75592,NA,NA,MYCBP2,-5.3920199453874,NA,NA
P49902,NA,NA,NT5C2,-7.52064068202896,NT5C2,-7.479113035953111
Q8N9F7,NA,NA,GDPD1,-11.7052328664297,NA,NA
Q9HCM7,NA,NA,FBRSL1,-3.8603670698210304,FBRSL1,-2.98675759716808
P07384,NA,NA,CAPN1,-10.9164019644495,NA,NA
P61019,NA,NA,RAB2A,-8.08166131663487,NA,NA
Q9UQB3,NA,NA,CTNND2,-3.96124702229194,CTNND2,-3.36495792664587
C9J069,NA,NA,AJM1,-2.68946890846019,NA,NA
P11137,NA,NA,MAP2,-9.73649161926842,NA,NA
Q12972,NA,NA,PPP1R8,-4.17643829684629,NA,NA
Q9Y4K4,NA,NA,MAP4K5,-4.28595267566206,NA,NA
P20337,NA,NA,RAB3B,-6.93100004291868,NA,NA
P05067,NA,NA,APP,-11.6730722619636,NA,NA
P21579,NA,NA,SYT1,-4.931632876305191,NA,NA
Q6ZW49,NA,NA,PAXIP1,-2.91079114499324,NA,NA
O60503,NA,NA,ADCY9,-4.91362159052954,NA,NA
Q155Q3,NA,NA,DIXDC1,-1.38083250737681,NA,NA
Q96PQ0,NA,NA,SORCS2,-11.6533548567431,NA,NA
Q9NRL3,NA,NA,STRN4,-4.24105892867128,STRN4,-4.28502468708457
Q8WVM0,NA,NA,TFB1M,-2.56973599460826,NA,NA
P62829,NA,NA,RPL23,-2.40248993171032,NA,NA
Q96KA5,NA,NA,CLPTM1L,-4.93351218649042,NA,NA
P35249,NA,NA,RFC4,-1.30324667254465,NA,NA
Q96EC8,NA,NA,YIPF6,-1.3663296496174,NA,NA
Q8WUA2,NA,NA,PPIL4,-3.43890147445518,NA,NA
P98170,NA,NA,XIAP,-3.38223655009077,NA,NA
Q15208,NA,NA,STK38,-3.8718925483086704,NA,NA
Q15102,NA,NA,PAFAH1B3,-6.30277000076837,NA,NA
Q2V2M9,NA,NA,FHOD3,-2.35667164571423,FHOD3,-2.57236761979198
P23193,NA,NA,TCEA1,-3.31684501055268,NA,NA
Q8WU20,NA,NA,FRS2,-11.0057632645564,NA,NA
Q9C0J8,NA,NA,WDR33,-3.56945850628951,WDR33,-2.40323749189038
Q9Y4H2,NA,NA,IRS2,-2.68565910697698,IRS2,-1.69255099109756
Q8N568,NA,NA,DCLK2,-4.8655122148728704,NA,NA
Q8WX77,NA,NA,IGFBPL1,-3.9236648887502,IGFBPL1,-3.8976147956375296
Q658Y4,NA,NA,FAM91A1,-4.97421212632799,FAM91A1,-4.79409165238918
O95182,NA,NA,NDUFA7,-7.8237946692955695,NA,NA
P30044,NA,NA,PRDX5,-12.151768271684,NA,NA
Q92953,NA,NA,KCNB2,-3.67355722882126,NA,NA
Q9BVL2,NA,NA,NUP58,-6.92584942945491,NA,NA
Q9BXQ6,NA,NA,TMEM121B,-3.59758254751097,TMEM121B,-3.30782747543338
Q9P265,NA,NA,DIP2B,-6.09936579633474,NA,NA
Q9Y5Z7,NA,NA,HCFC2,-2.54546435302696,HCFC2,-1.99049648464984
Q12931,NA,NA,TRAP1,-8.253429715558129,NA,NA
Q6P2Q9,NA,NA,PRPF8,-10.9833274373771,NA,NA
P00441,NA,NA,SOD1,-6.50747968046493,SOD1,-5.5691725740479
Q9H6T3,NA,NA,RPAP3,-3.084496821515,RPAP3,-3.12420225991611
O75153,NA,NA,CLUH,-5.46305304393016,NA,NA
Q86SK9,NA,NA,SCD5,-2.95380133840135,SCD5,-2.3649809817759
Q17R31,NA,NA,TATDN3,-4.838557690637511,NA,NA
Q9NPZ5,NA,NA,B3GAT2,-4.00425174435296,B3GAT2,-3.19949554698806
Q9P0J1,NA,NA,PDP1,-3.9972126451385503,PDP1,-5.38509085517786
Q9BTC8,NA,NA,MTA3,-3.4033065936425,MTA3,-3.61986036774782
Q96SB4,NA,NA,SRPK1,-2.02537535816467,SRPK1,-3.0830174271771
P52272,NA,NA,HNRNPM,-7.940416475324151,NA,NA
P51148,NA,NA,RAB5C,-3.91452298581652,RAB5C,-4.25153766751503
P19784,NA,NA,CSNK2A2,-5.49199892015127,NA,NA
Q9UHQ9,NA,NA,CYB5R1,-9.18836156990848,NA,NA
P60660,NA,NA,MYL6,-4.21241031123592,MYL6,-4.12928073448969
Q9UPN6,NA,NA,SCAF8,-2.88028550146614,SCAF8,-2.31666807659467
Q8WU79,NA,NA,SMAP2,-3.71197991383634,SMAP2,-3.39826270748873
O75054,NA,NA,IGSF3,-7.313254965762431,IGSF3,-5.56003078275483
Q01804,NA,NA,OTUD4,-0.907184757912453,NA,NA
Q9Y6G5,NA,NA,COMMD10,-5.05378423553656,NA,NA
P49116,NA,NA,NR2C2,-2.75158332619692,NA,NA
O76070,NA,NA,SNCG,-9.78043963933312,SNCG,-9.10690734252362
Q9NR80,NA,NA,ARHGEF4,-4.01182143364476,NA,NA
Q9NYJ8,NA,NA,TAB2,-3.84270735732982,NA,NA
Q96NI6,NA,NA,LRFN5,-3.83055954548228,LRFN5,-4.01836858124922
Q15554,NA,NA,TERF2,-11.9178468541096,NA,NA
Q6RFH5,NA,NA,WDR74,-3.9506868114782896,NA,NA
Q9C0C4,NA,NA,SEMA4C,-6.44095210480578,NA,NA
Q9UPT6,NA,NA,MAPK8IP3,-7.915221056944991,NA,NA
Q86UA1,NA,NA,PRPF39,-4.64988522092594,NA,NA
Q14C86,NA,NA,GAPVD1,-9.19391289023214,NA,NA
O95486,NA,NA,SEC24A,-4.53266985516608,NA,NA
Q02878,NA,NA,RPL6,-5.95208959890732,NA,NA
Q9NVS2,NA,NA,MRPS18A,-6.36627508712129,NA,NA
Q9NWQ8,NA,NA,PAG1,-3.12013715178198,PAG1,-3.07157645142831
Q15070,NA,NA,OXA1L,0.04214156475231,NA,NA
Q9H1Z4,NA,NA,WDR13,-4.07876396313902,NA,NA
Q6IA86,NA,NA,ELP2,-4.267857297263929,NA,NA
O15164,NA,NA,TRIM24,-2.24111753967449,NA,NA
Q8NCM8,NA,NA,DYNC2H1,-9.00628419048566,NA,NA
P49641,NA,NA,MAN2A2,-3.1934062217319,MAN2A2,-2.37923461177531
Q5RI15,NA,NA,COX20,-5.32067747681151,COX20,-4.23810584045009
P11171,NA,NA,EPB41,-12.6192793808525,NA,NA
P31629,NA,NA,HIVEP2,-2.73236805868818,HIVEP2,-2.01153147054943
Q9NZC7,NA,NA,WWOX,-0.758917032755959,NA,NA
Q8NBJ4,NA,NA,GOLM1,-3.45972307709599,NA,NA
Q9Y5F9,NA,NA,PCDHGB6,-4.67583069421468,NA,NA
P00387,NA,NA,CYB5R3,-5.52562890176294,CYB5R3,-4.33427978560057
Q9Y250,NA,NA,LZTS1,-3.7660371339554097,LZTS1,-3.23047776718942
O14531,NA,NA,DPYSL4,-7.8286430018289295,DPYSL4,-9.67415533357361
Q5JTZ9,NA,NA,AARS2,-4.61526553078226,NA,NA
O95573,NA,NA,ACSL3,-7.5714667649595695,NA,NA
Q9BY67,NA,NA,CADM1,-3.23905369253854,CADM1,-4.11187949150959
Q9ULP9,NA,NA,TBC1D24,-5.39298643408136,TBC1D24,-6.66202982125426
Q9C0E8,NA,NA,LNPK,-5.9402084271663504,NA,NA
Q2M389,NA,NA,WASHC4,-7.07126148982849,NA,NA
P61201,NA,NA,COPS2,-11.7197126201949,NA,NA
P51452,NA,NA,DUSP3,-4.39438816316551,NA,NA
O94829,NA,NA,IPO13,-3.49908566196471,IPO13,-3.6835356584745695
P25098,NA,NA,GRK2,-5.23878555052194,NA,NA
Q9UGJ1,NA,NA,TUBGCP4,-3.64996947856628,NA,NA
Q8N8U2,NA,NA,CDYL2,-4.19491567207065,NA,NA
P78310,NA,NA,CXADR,-8.12105648055431,NA,NA
P78417,NA,NA,GSTO1,-6.97226140459563,NA,NA
O60264,NA,NA,SMARCA5,-8.51716927591703,NA,NA
Q9P0J0,NA,NA,NDUFA13,-5.38256774007851,NA,NA
Q8WWM7,NA,NA,ATXN2L,-10.2542751833065,NA,NA
O43405,NA,NA,COCH,-2.15468763461383,COCH,-2.03337253684019
Q6ZSZ5,NA,NA,ARHGEF18,-4.77681607323846,NA,NA
Q96FJ0,NA,NA,STAMBPL1,-3.55939662321893,STAMBPL1,-3.12432598037711
O75037,NA,NA,KIF21B,-6.05828935903886,NA,NA
Q9UJX6,NA,NA,ANAPC2,-5.029585001634009,NA,NA
O60701,NA,NA,UGDH,-4.837060967409791,NA,NA
Q9BXS5,NA,NA,AP1M1,-6.16432093770187,NA,NA
Q96GM5,NA,NA,SMARCD1,-4.71994697072906,NA,NA
Q8TF61,NA,NA,FBXO41,-4.55128679568589,FBXO41,-4.195805831813191
Q6ZRP7,NA,NA,QSOX2,-2.84456736591726,NA,NA
P62993,NA,NA,GRB2,-5.56955421309983,NA,NA
Q9UM73,NA,NA,ALK,-4.11124854258931,NA,NA
O95861,NA,NA,BPNT1,-5.36673152792142,NA,NA
Q92925,NA,NA,SMARCD2,-1.98673973560611,SMARCD2,-1.6723990982584
Q93073,NA,NA,SECISBP2L,-3.90286117019876,NA,NA
Q16512,NA,NA,PKN1,-2.8876334943064,NA,NA
Q92890,NA,NA,UFD1,-5.38083040915283,NA,NA
Q16401,NA,NA,PSMD5,-6.37385981809632,NA,NA
P29083,NA,NA,GTF2E1,-5.06897359705131,NA,NA
O60291,NA,NA,MGRN1,-4.88807047324362,MGRN1,-3.7232328016676495
Q6ZMI0,NA,NA,PPP1R21,-6.0875349032207104,NA,NA
Q9C0D7,NA,NA,ZC3H12C,-3.49967225772408,NA,NA
O60477,NA,NA,BRINP1,-3.38226205499333,NA,NA
O43683,NA,NA,BUB1,-4.92422329182737,BUB1,-4.2478915530976
Q86UW6,NA,NA,N4BP2,-3.81749231104234,NA,NA
Q9BV35,NA,NA,SLC25A23,-1.00669428596907,NA,NA
P0DPB6,NA,NA,POLR1D,-4.25706692965676,NA,NA
Q99504,NA,NA,EYA3,-0.072384157512853,NA,NA
Q7LBC6,NA,NA,KDM3B,-4.68292268806404,NA,NA
Q9NP90,NA,NA,RAB9B,-1.65338503909033,NA,NA
Q9UQF2,NA,NA,MAPK8IP1,-2.99616269255031,NA,NA
P43681,NA,NA,CHRNA4,-5.08451327507484,NA,NA
O60245,NA,NA,PCDH7,-3.4517354600623,PCDH7,-3.41193199112261
A3KN83,NA,NA,SBNO1,-4.93916392366846,NA,NA
Q9Y5B9,NA,NA,SUPT16H,-6.67601308411579,SUPT16H,-7.102150473168511
O43427,NA,NA,FIBP,-5.4628562823934494,NA,NA
Q96MX3,NA,NA,ZNF48,-3.48599189720431,NA,NA
Q96TA2,NA,NA,YME1L1,-7.866289092003591,NA,NA
O94880,NA,NA,PHF14,-6.01496832158275,NA,NA
O94876,NA,NA,TMCC1,-2.49543007391806,NA,NA
Q04917,NA,NA,YWHAH,-8.38902430656483,NA,NA
O43164,NA,NA,PJA2,-3.23278516584531,NA,NA
Q7L014,NA,NA,DDX46,-6.451162241563471,NA,NA
Q2Y0W8,NA,NA,SLC4A8,-5.789358282927871,NA,NA
Q96DZ1,NA,NA,ERLEC1,-5.1225539123158,NA,NA
Q9H6K5,NA,NA,PRR36,-5.35366477883052,PRR36,-4.43560264382028
Q13126,NA,NA,MTAP,-5.73070295625204,NA,NA
Q6P6B7,NA,NA,ANKRD16,-5.44874933010182,NA,NA
Q9BT40,NA,NA,INPP5K,-5.22353446627925,NA,NA
Q6R2W3,NA,NA,ZBED9,-3.14449523152354,ZBED9,-2.41383292028186
Q13191,NA,NA,CBLB,-4.293923058052391,NA,NA
Q5SYC1,NA,NA,CLVS2,-4.76553998420012,CLVS2,-4.732262170017551
Q9Y3Z3,NA,NA,SAMHD1,-12.6848077386033,NA,NA
Q6P1M0,NA,NA,SLC27A4,-5.36724808924224,NA,NA
Q9Y3A6,NA,NA,TMED5,-4.23480678626779,NA,NA
O95502,NA,NA,NPTXR,-5.17340840815964,NA,NA
Q96JN8,NA,NA,NEURL4,-3.57551396810325,NA,NA
P11274,NA,NA,BCR,-5.194712095043791,NA,NA
Q92560,NA,NA,BAP1,-3.26387143786815,NA,NA
Q9ULK0,NA,NA,GRID1,-1.75070863971394,NA,NA
O60488,NA,NA,ACSL4,-12.5932108967505,NA,NA
Q96JK2,NA,NA,DCAF5,-4.16329691519412,NA,NA
Q96AX9,NA,NA,MIB2,-2.80424165857137,NA,NA
Q86VP1,NA,NA,TAX1BP1,-3.21580891218676,TAX1BP1,-2.54607969548414
Q9NUS5,NA,NA,AP5S1,-4.31382612083932,NA,NA
Q64LD2,NA,NA,WDR25,-5.042478566394711,NA,NA
Q5TCY1,NA,NA,TTBK1,-3.77062246734188,TTBK1,-3.50891125775887
Q9BQ95,NA,NA,ECSIT,-5.03948427044168,ECSIT,-4.73773639709534
Q13523,NA,NA,PRPF4B,-4.74693580698731,NA,NA
Q9NZ56,NA,NA,FMN2,-4.5858479031212,NA,NA
Q09161,NA,NA,NCBP1,-11.4850204180905,NA,NA
Q96E22,NA,NA,NUS1,-2.6686424996963,NA,NA
Q9Y6X4,NA,NA,FAM169A,-6.99755284746497,NA,NA
Q96RN5,NA,NA,MED15,-3.6667817369218896,MED15,-3.78273891056978
Q9Y5H9,NA,NA,PCDHA2,-3.87156681194335,NA,NA
Q9Y3A2,NA,NA,UTP11,-7.3577681921647695,NA,NA
Q9UQ16,NA,NA,DNM3,-7.43577640053,NA,NA
Q9H2E6,NA,NA,SEMA6A,-3.2526205466862,NA,NA
Q96AJ9,NA,NA,VTI1A,-4.94179066941943,NA,NA
Q9UH73,NA,NA,EBF1,-1.89092463567374,EBF1,-1.86187264364054
Q9BT73,NA,NA,PSMG3,-6.33236322168407,NA,NA
Q9BY43,NA,NA,CHMP4A,-6.2125020752977695,NA,NA
P05026,NA,NA,ATP1B1,-9.84558834191973,NA,NA
P51674,NA,NA,GPM6A,-8.0766224929892,NA,NA
Q96P47,NA,NA,AGAP3,-5.41387803588327,NA,NA
Q8N608,NA,NA,DPP10,-5.59334277431406,NA,NA
P27544,NA,NA,CERS1,0.9522058742859,NA,NA
Q8TAQ2,NA,NA,SMARCC2,-4.864228910489191,NA,NA
P40692,NA,NA,MLH1,-4.91418281179492,NA,NA
Q14166,NA,NA,TTLL12,-8.34762401301996,NA,NA
O60506,NA,NA,SYNCRIP,-6.94580445715244,SYNCRIP,-8.620278016665821
O43172,NA,NA,PRPF4,-6.94973262334458,NA,NA
Q7Z5N4,NA,NA,SDK1,-4.549851288308,SDK1,-3.28859118986988
Q9UJA5,NA,NA,TRMT6,-5.20385978239858,NA,NA
O75874,NA,NA,IDH1,-11.1883485884377,NA,NA
Q96KQ7,NA,NA,EHMT2,-5.12601675768032,EHMT2,-3.72640692826328
Q9ULB1,NA,NA,NRXN1,-4.137684836907329,NRXN1,-3.47902120417228
Q15648,NA,NA,MED1,-6.48657345827994,NA,NA
Q6PJG6,NA,NA,BRAT1,-3.99537620927498,NA,NA
Q9ULN7,NA,NA,PNMA8B,-3.27844758957291,PNMA8B,-2.50339640974186
Q9H3F6,NA,NA,KCTD10,-2.36673822165613,NA,NA
Q8WU90,NA,NA,ZC3H15,-4.4492939927692,NA,NA
Q9C0B1,NA,NA,FTO,-8.55435206212895,NA,NA
Q9BWH6,NA,NA,RPAP1,-4.221200007215151,NA,NA
O76062,NA,NA,TM7SF2,-1.21176889312891,NA,NA
Q6PD74,NA,NA,AAGAB,-7.09903117614163,NA,NA
P59923,NA,NA,ZNF445,-9.89885929068484,NA,NA
Q8N5D0,NA,NA,WDTC1,-2.32275447796169,NA,NA
Q8N0U8,NA,NA,VKORC1L1,-9.96919333138569,NA,NA
Q96PK6,NA,NA,RBM14,-6.073254897277311,NA,NA
Q96KG9,NA,NA,SCYL1,-5.617087579482631,NA,NA
P49918,NA,NA,CDKN1C,-3.17898363227889,CDKN1C,-2.30045208690585
Q14980,NA,NA,NUMA1,-5.05652605463596,NA,NA
Q96A33,NA,NA,CCDC47,-3.26618729325796,NA,NA
P63104,NA,NA,YWHAZ,-11.7633261841085,NA,NA
Q9NPF5,NA,NA,DMAP1,-3.42175926493695,DMAP1,-2.7355010121055
Q03001,NA,NA,DST,-11.0148508201409,NA,NA
Q13485,NA,NA,SMAD4,-4.057753434027609,SMAD4,-3.49733883373337
Q76NI1,NA,NA,KNDC1,-3.77279142464376,NA,NA
P60891,NA,NA,PRPS1,-7.1110484075634,PRPS1,-6.78422722845528
Q96EV2,NA,NA,RBM33,-5.37917822922545,NA,NA
Q9BV68,NA,NA,RNF126,-3.04809545194638,RNF126,-4.47640071361978
P09661,NA,NA,SNRPA1,-5.065954963607871,NA,NA
P09525,NA,NA,ANXA4,-11.7738771922885,NA,NA
Q92618,NA,NA,ZNF516,-3.885009403681031,ZNF516,-2.45841869456922
Q15637,NA,NA,SF1,-6.19565057987364,NA,NA
Q9Y2K7,NA,NA,KDM2A,-3.54191635234662,NA,NA
Q14249,NA,NA,ENDOG,-3.4174553637281,NA,NA
P22626,NA,NA,HNRNPA2B1,-6.59006318622231,NA,NA
Q8IZ07,NA,NA,ANKRD13A,-4.86621970013929,NA,NA
Q13283,NA,NA,G3BP1,-6.81220776844794,NA,NA
P09651,NA,NA,HNRNPA1,-6.639237664479969,HNRNPA1,-7.13319647863178
Q15276,NA,NA,RABEP1,-8.575561274139151,NA,NA
O00534,NA,NA,VWA5A,-12.1108463644223,NA,NA
Q9H425,NA,NA,C1orf198,-4.66154711477931,NA,NA
Q9Y2Q0,NA,NA,ATP8A1,-5.96023967494792,NA,NA
Q9P286,NA,NA,PAK5,-4.63004491315616,NA,NA
P36894,NA,NA,BMPR1A,-4.4482406990107295,NA,NA
Q8N4S0,NA,NA,CCDC82,-3.37065002615188,NA,NA
Q05BQ5,NA,NA,MBTD1,-5.80716716896367,NA,NA
Q13011,NA,NA,NA,NA,ECH1,-6.58360147388002
Q8IWV8,NA,NA,NA,NA,UBR2,-3.8470215353619106
O43151,NA,NA,NA,NA,TET3,-2.03994019618243
Q7Z4V5,NA,NA,NA,NA,HDGFL2,-8.17391072577944
Q9UIF9,NA,NA,NA,NA,BAZ2A,-4.9432347650418
Q7KZ85,NA,NA,NA,NA,SUPT6H,-4.3898561688958
Q9UIC8,NA,NA,NA,NA,LCMT1,-6.414127016183169
O94921,NA,NA,NA,NA,CDK14,-4.07204703446052
P23743,NA,NA,NA,NA,DGKA,-3.26470389071113
Q96EY1,NA,NA,NA,NA,DNAJA3,-4.21700604992326
Q5ZPR3,NA,NA,NA,NA,CD276,-6.69528934199342
P63244,NA,NA,NA,NA,RACK1,-5.59724310962064
Q13772,NA,NA,NA,NA,NCOA4,-2.0530086541977
O95057,NA,NA,NA,NA,DIRAS1,-4.00714217362852
P22303,NA,NA,NA,NA,ACHE,-2.02719326777181
P27695,NA,NA,NA,NA,APEX1,-8.66382621459175
Q02252,NA,NA,NA,NA,ALDH6A1,-5.13666789570621
Q9UHN1,NA,NA,NA,NA,POLG2,-5.05906942969286
O95864,NA,NA,NA,NA,FADS2,-3.13259283451829
Q9Y4P1,NA,NA,NA,NA,ATG4B,-7.475745744134151
P55265,NA,NA,NA,NA,ADAR,-4.40709502356603
Q96HE7,NA,NA,NA,NA,ERO1A,-7.394834291562249
Q16585,NA,NA,NA,NA,SGCB,-3.63621281880531
Q9UKC9,NA,NA,NA,NA,FBXL2,-4.091072384812249
Q9ULP0,NA,NA,NA,NA,NDRG4,-9.12208925353598
Q8N766,NA,NA,NA,NA,EMC1,-5.66863048069286
Q01484,NA,NA,NA,NA,ANK2,-9.365789901051329
P62241,NA,NA,NA,NA,RPS8,-8.2829630849978
Q9BX68,NA,NA,NA,NA,HINT2,-5.77386819524776
Q9NV31,NA,NA,NA,NA,IMP3,-2.9752617219807
P49674,NA,NA,NA,NA,CSNK1E,-4.367142269277671
Q9UL15,NA,NA,NA,NA,BAG5,-7.14864729435602
Q13490,NA,NA,NA,NA,BIRC2,-3.7688820257331104
Q8WV44,NA,NA,NA,NA,TRIM41,-3.05830789679693
Q9Y5A7,NA,NA,NA,NA,NUB1,-1.76461459056539
Q15417,NA,NA,NA,NA,CNN3,-10.1117035773807
Q9HCH0,NA,NA,NA,NA,NCKAP5L,-3.0288276862853
Q09472,NA,NA,NA,NA,EP300,-5.1518406054963
Q9Y608,NA,NA,NA,NA,LRRFIP2,-4.503713060537151
Q8IVL1,NA,NA,NA,NA,NAV2,-3.75890228653574
Q15334,NA,NA,NA,NA,LLGL1,-5.28342110619496
Q9BQI5,NA,NA,NA,NA,SGIP1,-3.7411729542914895
O94964,NA,NA,NA,NA,SOGA1,-2.93923851708344
O95848,NA,NA,NA,NA,NUDT14,-6.95468349891354
P52594,NA,NA,NA,NA,AGFG1,-6.98923055276603
P78332,NA,NA,NA,NA,RBM6,-6.689489881472991
Q9GZS1,NA,NA,NA,NA,POLR1E,-1.23110289143663
O15550,NA,NA,NA,NA,KDM6A,-1.98682517178191
Q9BT67,NA,NA,NA,NA,NDFIP1,-2.71859612575874
P52756,NA,NA,NA,NA,RBM5,-4.13839194819212
Q53T59,NA,NA,NA,NA,HS1BP3,-6.13453784006446
P35568,NA,NA,NA,NA,IRS1,-3.08788986398064
Q8NEU8,NA,NA,NA,NA,APPL2,-5.1987627783066
P62979,NA,NA,NA,NA,RPS27A,-2.36023061711854
Q9BYP7,NA,NA,NA,NA,WNK3,-4.01289782315359
O95487,NA,NA,NA,NA,SEC24B,-5.3360740138313
Q5TGY3,NA,NA,NA,NA,AHDC1,-3.43504032252939
O00192,NA,NA,NA,NA,ARVCF,-3.8612076487160705
P04035,NA,NA,NA,NA,HMGCR,-3.56073413552169
Q96RD6,NA,NA,NA,NA,PANX2,-4.0556236068979
Q15018,NA,NA,NA,NA,ABRAXAS2,-4.962967451914791
Q92734,NA,NA,NA,NA,TFG,-3.28587319392564
P85037,NA,NA,NA,NA,FOXK1,-2.7895039376777
Q15061,NA,NA,NA,NA,WDR43,-5.30950433166026
O14924,NA,NA,NA,NA,RGS12,-4.3233277604782305
P61225,NA,NA,NA,NA,RAP2B,-7.97258732813509
O43296,NA,NA,NA,NA,ZNF264,-1.81713084225762
O75792,NA,NA,NA,NA,RNASEH2A,-0.579069687903228
Q29RF7,NA,NA,NA,NA,PDS5A,-3.21868912618136
P04156,NA,NA,NA,NA,PRNP,-3.50548472374613
Q96DF8,NA,NA,NA,NA,ESS2,-2.4708587670285
Q05048,NA,NA,NA,NA,CSTF1,-3.8278481335988896
Q92747,NA,NA,NA,NA,ARPC1A,-7.1146018133734
O95801,NA,NA,NA,NA,TTC4,-2.565280137567
P19838,NA,NA,NA,NA,NFKB1,-3.83279614471818
Q86XX4,NA,NA,NA,NA,FRAS1,-2.55069507708199
Q01538,NA,NA,NA,NA,MYT1,-3.1426587910529
Q9BQ52,NA,NA,NA,NA,ELAC2,-5.90227470685408
Q9GZY8,NA,NA,NA,NA,MFF,-3.8036802009538
Q92979,NA,NA,NA,NA,EMG1,-4.73662605759156
Q99459,NA,NA,NA,NA,CDC5L,-6.974947679446
O95271,NA,NA,NA,NA,TNKS,-3.7914454205066703
Q9UPU7,NA,NA,NA,NA,TBC1D2B,-3.16973351219894
Q9UPU5,NA,NA,NA,NA,USP24,-9.743626569841219
Q8N5C8,NA,NA,NA,NA,TAB3,-3.07797575677705
Q9BYD1,NA,NA,NA,NA,MRPL13,-5.08179736869878
Q92574,NA,NA,NA,NA,TSC1,-4.595827400119711
Q9UGN5,NA,NA,NA,NA,PARP2,-2.42062409634941
Q8N8A6,NA,NA,NA,NA,DDX51,-3.51067697678479
O43913,NA,NA,NA,NA,ORC5,-2.81440982012103
Q8ND83,NA,NA,NA,NA,SLAIN1,-2.89204225151477
O14686,NA,NA,NA,NA,KMT2D,-3.14501251531202
Q8N163,NA,NA,NA,NA,CCAR2,-4.9902231511298
O95479,NA,NA,NA,NA,H6PD,-4.537246495458991
Q9BRS2,NA,NA,NA,NA,RIOK1,-2.15553342300254
P43378,NA,NA,NA,NA,PTPN9,-2.60165333014465
Q76I76,NA,NA,NA,NA,SSH2,-2.99620685273769
P46060,NA,NA,NA,NA,RANGAP1,-9.24788629210292
Q9UHC6,NA,NA,NA,NA,CNTNAP2,-3.75907276955884
Q9HD26,NA,NA,NA,NA,GOPC,-3.62154372910144
P17980,NA,NA,NA,NA,PSMC3,-7.32098589080576
Q8N0V4,NA,NA,NA,NA,LGI2,-3.7043913064360705
O75688,NA,NA,NA,NA,PPM1B,-4.5745899770192
Q9Y6X3,NA,NA,NA,NA,MAU2,-4.83032621313382
Q9NRF2,NA,NA,NA,NA,SH2B1,-3.94254963586998
Q8N461,NA,NA,NA,NA,FBXL16,-3.45306282710573
Q92530,NA,NA,NA,NA,PSMF1,-3.49161942950249
Q9H2X9,NA,NA,NA,NA,SLC12A5,-2.81505709464381
Q96S38,NA,NA,NA,NA,RPS6KC1,-4.39189206127467
O15417,NA,NA,NA,NA,TNRC18,-1.90071078481959
P09471,NA,NA,NA,NA,GNAO1,-6.07177013005807
Q8N126,NA,NA,NA,NA,CADM3,-6.52130254718664
Q9BRP4,NA,NA,NA,NA,PAAF1,-3.5990216406282
Q96EF0,NA,NA,NA,NA,MTMR8,-2.82404733166804
Q5H8A4,NA,NA,NA,NA,PIGG,-4.29911027240964
A8MXV4,NA,NA,NA,NA,NUDT19,-4.14423387711786
Q15785,NA,NA,NA,NA,TOMM34,-3.98014987786965
Q9HCQ5,NA,NA,NA,NA,GALNT9,-2.16639890494736
P11717,NA,NA,NA,NA,IGF2R,-5.14544413740555
Q09019,NA,NA,NA,NA,DMWD,-2.49786089364547
Q9BZK7,NA,NA,NA,NA,TBL1XR1,-2.58676332400427
Q5GH76,NA,NA,NA,NA,XKR4,-3.8935836888208497
Q96AQ6,NA,NA,NA,NA,PBXIP1,-5.4340013603487
P62879,NA,NA,NA,NA,GNB2,-4.95161420860186
O75127,NA,NA,NA,NA,PTCD1,-3.10831110986334
O95639,NA,NA,NA,NA,CPSF4,-3.5865553718673
P21281,NA,NA,NA,NA,ATP6V1B2,-5.31582438855152
A4D1P6,NA,NA,NA,NA,WDR91,-4.94449257912652
Q8WXF7,NA,NA,NA,NA,ATL1,-9.02416179170941
Q9NVN3,NA,NA,NA,NA,RIC8B,-5.01914226756619
Q15375,NA,NA,NA,NA,EPHA7,-2.49144634768044
Q92871,NA,NA,NA,NA,PMM1,-5.2516904291306
Q9Y6E2,NA,NA,NA,NA,BZW2,-4.83798045171535
O43865,NA,NA,NA,NA,AHCYL1,-4.90700041568433
Q12974,NA,NA,NA,NA,PTP4A2,-5.2171088776211905
Q9H7B2,NA,NA,NA,NA,RPF2,-7.2191760933129405
Q9H0S4,NA,NA,NA,NA,DDX47,-5.0410270331222895
Q9BQA1,NA,NA,NA,NA,WDR77,-5.375204867032729
Q6DKI1,NA,NA,NA,NA,RPL7L1,-5.48141253056109
P17028,NA,NA,NA,NA,ZNF24,-3.05140998261423
Q15742,NA,NA,NA,NA,NAB2,-2.35550101731621
Q8TC07,NA,NA,NA,NA,TBC1D15,-4.746274292564711
Q9H2C0,NA,NA,NA,NA,GAN,-4.15161832737733
Q16560,NA,NA,NA,NA,SNRNP35,-5.02330408831311
P04049,NA,NA,NA,NA,RAF1,-5.26273761428734
Q9UFF9,NA,NA,NA,NA,CNOT8,-4.170111768497231
Q9P2R6,NA,NA,NA,NA,RERE,-2.55247189129861
Q53GL0,NA,NA,NA,NA,PLEKHO1,-9.27414518973447
P38117,NA,NA,NA,NA,ETFB,-5.89399906660492
Q8NI60,NA,NA,NA,NA,COQ8A,-3.82617393642148
Q86TP1,NA,NA,NA,NA,PRUNE1,-4.55047417489952
P30086,NA,NA,NA,NA,PEBP1,-8.339265972959751
P15289,NA,NA,NA,NA,ARSA,-7.17780519183802
Q13449,NA,NA,NA,NA,LSAMP,-6.66444736934481
Q9Y4F1,NA,NA,NA,NA,FARP1,-5.54745856846661
O95319,NA,NA,NA,NA,CELF2,-3.2286648870237
Q92692,NA,NA,NA,NA,NECTIN2,-5.19491668324648
Q2KHT3,NA,NA,NA,NA,CLEC16A,-2.31904021718719
P33991,NA,NA,NA,NA,MCM4,-3.01298610823456
O94967,NA,NA,NA,NA,WDR47,-7.87736874383117
Q9Y4X4,NA,NA,NA,NA,KLF12,-2.75592421311465
Q9BRR6,NA,NA,NA,NA,ADPGK,-5.6319843066971504
Q96T76,NA,NA,NA,NA,MMS19,-4.9650642101388
Q86WB0,NA,NA,NA,NA,ZC3HC1,-5.4295665019183
P19388,NA,NA,NA,NA,POLR2E,-6.98485938612334
Q6ULP2,NA,NA,NA,NA,AFTPH,-2.42766307338976
Q8IV38,NA,NA,NA,NA,ANKMY2,-2.9632410072562
Q96T37,NA,NA,NA,NA,RBM15,-6.26873696502169
Q8NAV1,NA,NA,NA,NA,PRPF38A,-5.81575267616226
Q15904,NA,NA,NA,NA,ATP6AP1,-5.427653160673151
Q3SXM5,NA,NA,NA,NA,HSDL1,-6.151163581983431
Q5MIZ7,NA,NA,NA,NA,PPP4R3B,-2.34324099092674
Q9NS39,NA,NA,NA,NA,ADARB2,-0.654814473921599
Q9GZR7,NA,NA,NA,NA,DDX24,-5.438159771330209
P53396,NA,NA,NA,NA,ACLY,-9.77525723222721
Q8IVL0,NA,NA,NA,NA,NAV3,-4.48242159785836
Q9BZR6,NA,NA,NA,NA,RTN4R,-0.586141615290621
Q9BZ72,NA,NA,NA,NA,PITPNM2,-3.7912548004698303
Q8N5Y2,NA,NA,NA,NA,MSL3,-5.66514574690858
P04062,NA,NA,NA,NA,GBA,-6.07220559729859
P49815,NA,NA,NA,NA,TSC2,-4.338730998859
Q96RT7,NA,NA,NA,NA,TUBGCP6,-2.67563698862003
Q9Y2X0,NA,NA,NA,NA,MED16,-5.56599785005704
Q9Y2G0,NA,NA,NA,NA,EFR3B,-4.05353804203562
O00487,NA,NA,NA,NA,PSMD14,-6.349481266836791
Q9Y2E5,NA,NA,NA,NA,MAN2B2,-6.24278559804441
Q8N9R8,NA,NA,NA,NA,SCAI,-4.82818540874731
Q08AM6,NA,NA,NA,NA,VAC14,-5.01749684182987
Q9BTE3,NA,NA,NA,NA,MCMBP,-5.54415567189016
P62847,NA,NA,NA,NA,RPS24,-5.32080183185145
O00468,NA,NA,NA,NA,AGRN,-4.13169348311818
Q9P0K9,NA,NA,NA,NA,FRRS1L,3.4421579340189
O95757,NA,NA,NA,NA,HSPA4L,-3.47267034985442
O95819,NA,NA,NA,NA,MAP4K4,-4.89619518764201
Q5GH72,NA,NA,NA,NA,XKR7,-6.01834357805846
P62263,NA,NA,NA,NA,RPS14,-5.09590889372309
Q8NBJ7,NA,NA,NA,NA,SUMF2,-3.52225352289134
Q8WZ82,NA,NA,NA,NA,OVCA2,-4.96622124468244
O95340,NA,NA,NA,NA,PAPSS2,-3.23373111697194
Q5T8D3,NA,NA,NA,NA,ACBD5,-4.16572157192959
O75882,NA,NA,NA,NA,ATRN,-3.30022814709104
Q12923,NA,NA,NA,NA,PTPN13,-5.68789827870096
O96000,NA,NA,NA,NA,NDUFB10,-5.447074557626729
P54098,NA,NA,NA,NA,POLG,-5.13573102584335
P30048,NA,NA,NA,NA,PRDX3,-5.92944814183094
Q68CQ4,NA,NA,NA,NA,DIEXF,-4.091671339192129
Q9Y5E9,NA,NA,NA,NA,PCDHB14,-4.64739085817944
Q8TCT7,NA,NA,NA,NA,SPPL2B,-5.44834392256921
Q8TBC5,NA,NA,NA,NA,ZSCAN18,-4.33476406882605
Q9UKZ9,NA,NA,NA,NA,PCOLCE2,-4.85921543342194
Q7L2E3,NA,NA,NA,NA,DHX30,-6.73914797444808
P45974,NA,NA,NA,NA,USP5,-5.7526458902016
Q92729,NA,NA,NA,NA,PTPRU,-3.21286659590931
Q9NZ32,NA,NA,NA,NA,ACTR10,-5.17995943832581
Q8TB52,NA,NA,NA,NA,FBXO30,-2.99637734949804
Q9UK99,NA,NA,NA,NA,FBXO3,-3.43237581595028
O43169,NA,NA,NA,NA,CYB5B,-5.367361976750209
Q96FV2,NA,NA,NA,NA,SCRN2,-2.91076231294415
O60318,NA,NA,NA,NA,MCM3AP,-4.49907090800036
A7KAX9,NA,NA,NA,NA,ARHGAP32,-6.00428736844753
P48651,NA,NA,NA,NA,PTDSS1,-3.29287752444862
Q86XE3,NA,NA,NA,NA,MICU3,-5.55738730353658
Q9H7P9,NA,NA,NA,NA,PLEKHG2,-3.44963303510534
P15622,NA,NA,NA,NA,ZNF250,-3.35008088936894
Q9ULV4,NA,NA,NA,NA,CORO1C,-5.57276899100589
Q8WU76,NA,NA,NA,NA,SCFD2,-5.9860469961877
Q9UJ14,NA,NA,NA,NA,GGT7,-5.9274538686760305
O43524,NA,NA,NA,NA,FOXO3,-3.2419881089272
P21953,NA,NA,NA,NA,BCKDHB,-4.6444078947789
Q16539,NA,NA,NA,NA,MAPK14,-0.048362745619794
Q5GH73,NA,NA,NA,NA,XKR6,-4.68383904888905
Q9ULI0,NA,NA,NA,NA,ATAD2B,-5.9406533439338896
Q0VDG4,NA,NA,NA,NA,SCRN3,-5.28080059857533
O75970,NA,NA,NA,NA,MPDZ,-4.7202438119032895
Q12860,NA,NA,NA,NA,CNTN1,-7.395938255244861
Q5VSG8,NA,NA,NA,NA,MANEAL,-1.98812076288386
Q9UNH7,NA,NA,NA,NA,SNX6,-5.60588046299514
O95140,NA,NA,NA,NA,MFN2,-4.24373966653722
Q14457,NA,NA,NA,NA,BECN1,-1.83804889565885
Q96GQ7,NA,NA,NA,NA,DDX27,-5.731332385016169
Q9HBF4,NA,NA,NA,NA,ZFYVE1,-4.47973042821476
P61421,NA,NA,NA,NA,ATP6V0D1,-7.29664741114249
P58004,NA,NA,NA,NA,SESN2,-6.137179074425791
Q8WVM7,NA,NA,NA,NA,STAG1,-4.92427815602181
Q8WVZ9,NA,NA,NA,NA,KBTBD7,-3.54360283256816
Q9UHK6,NA,NA,NA,NA,AMACR,-4.654847150373111
O15079,NA,NA,NA,NA,SNPH,-5.77770625247146
Q9Y2I8,NA,NA,NA,NA,WDR37,-5.95908038191604
Q15650,NA,NA,NA,NA,TRIP4,-3.4065803008335
P23246,NA,NA,NA,NA,SFPQ,-9.00841300111733
Q14697,NA,NA,NA,NA,GANAB,-6.82579722166383
Q15599,NA,NA,NA,NA,SLC9A3R2,-3.01251274841459
Q9HCG7,NA,NA,NA,NA,GBA2,-5.486482513811151
Q9HCD5,NA,NA,NA,NA,NCOA5,-5.40482674192662
O94966,NA,NA,NA,NA,USP19,-6.44793791287709
Q9UN74,NA,NA,NA,NA,PCDHA4,-2.10294756428282
Q9UJF2,NA,NA,NA,NA,RASAL2,-3.64649061144962
Q8IZ21,NA,NA,NA,NA,PHACTR4,-4.63981147651529
Q9UID3,NA,NA,NA,NA,VPS51,-4.64259512554058
