PG.ProteinGroups,P0,P50
Q96CX2,-23.2534966642115,-3.69855524048455
Q9Y4C2,-11.0834739120459,-3.31524648879666
P40925,-23.2534966642115,-5.69088052624446
Q14318,-11.2444084340434,-3.25423148671133
P08579,-12.3279826846145,-6.00989942715165
Q9BRJ7,-8.34482433304704,-4.81739510482828
O95155,-23.2534966642115,-5.3917061696391
Q96Q42,-13.8002012732311,-4.44751593919064
Q9Y512,-14.858625355493,-6.15189567363565
Q9HA65,-11.6491784546586,-4.43847701127337
Q0PNE2,-0.806199376510397,-23.2534966642115
Q9NRN7,-23.2534966642115,-4.20745517719001
Q06455,-23.2534966642115,-2.4249804896034
Q9BWM7,-23.2534966642115,-5.07315431706589
O94856,-23.2534966642115,-4.71460472873031
Q92604,-23.2534966642115,-5.04568830806386
P54105,-23.2534966642115,-5.27715899372041
P19086,-8.82171539252218,-5.56136573201501
O15498,-23.2534966642115,-6.27990237282908
Q24JP5,-6.93022557963334,-3.44609812892521
O95297,-12.666404890046,-6.11453256188443
Q9NPH2,-23.2534966642115,-4.51342737196259
Q8N806,-15.2477878959552,-3.31697226571904
Q14671,-10.1108056624095,-3.66892846335288
O43924,-19.0207643024394,-4.32187241185848
P47756,-13.3997616665372,-5.02549798347217
P26196,-13.7443931330509,-5.45120425178351
P09104,-23.2534966642115,-8.9767622726239
P11413,-12.2186581725461,-5.34127596174204
O94776,-11.2237521038919,-3.59870492190378
Q9H6U8,-23.2534966642115,-6.34422717108677
Q9P291,-15.0239976370069,-4.31123798683012
Q68D91,-23.2534966642115,-5.26881052987752
O75326,-9.62498850910869,-3.46660391968513
Q9UPW5,-12.3775252912175,-5.35031894008411
O60231,-14.5082185009229,-5.03349984608748
Q9Y4X5,-15.2641843407326,-3.6870338585106
Q96MZ0,-23.2534966642115,-5.8093275982272
Q86Y82,-23.2534966642115,-4.12726070770517
Q8NCB2,-11.1245258073845,-5.64554737731328
P25787,-15.6271329307691,-7.21842216207202
Q8IV08,-23.2534966642115,-3.99872253104207
P51149,-15.4098805244399,-8.15124921851031
P13489,-12.8534688141477,-5.50135249218099
Q9Y3A3,-23.2534966642115,-6.73580069763049
Q96B54,-11.9017256111778,-3.14468417849369
O15394,-13.1100998860824,-3.56219596110433
Q15771,-23.2534966642115,-4.42658355191913
P63096,-23.2534966642115,-5.33774490430919
P52292,-12.4865217555553,-3.21193672196746
Q13586,-23.2534966642115,-5.03246515149837
Q96SW2,-23.2534966642115,-4.29203628207595
P51812,-23.2534966642115,-4.4180764305376
O43292,-9.23939777598171,-4.60292836947354
Q96MY1,-23.2534966642115,-2.71355148790147
Q9UQL6,-5.4446532901541,-0.836919749836729
Q13951,-23.2534966642115,-4.67609143096881
Q9H2V7,-23.2534966642115,-4.45109217262088
Q9UI30,-23.2534966642115,-4.74637046478449
Q96S59,-6.76224307442318,-3.39682267198457
P51116,-10.0991882159273,-3.97416304830519
Q8TAD8,-23.2534966642115,-3.9062982007707
Q5JU69,-23.2534966642115,-4.98801763652262
P19404,-23.2534966642115,-7.68614189226488
Q9NP72,-8.58327221611381,-3.95368634344316
Q9H0E2,-23.2534966642115,-4.56461901052825
Q8N350,-7.1425568140974,-4.79473863608409
Q8NFT8,-7.38995558929106,-2.86126219105765
O00560,-23.2534966642115,-7.54093561030801
P51784,-10.6984453399175,-4.95339429828524
Q6IEE7,-7.58961453074705,-3.76723228656808
Q8NFZ8,-23.2534966642115,-3.9800603645251
Q9BTT0,-23.2534966642115,-7.51224161628163
O75164,-23.2534966642115,-4.45191874876278
Q8TC26,-12.0598611935902,-5.94050193526627
Q92993,-23.2534966642115,-5.54869652871432
Q8IV32,-7.75936245374124,-3.05036595413911
Q96AY3,-1.58862002783612,-3.24144781183847
Q9P2S2,-11.8631634525233,-4.30011529518349
P42224,-15.8570255144338,-4.47747184227024
Q9HCD6,-10.325200110675,-3.66985867060623
Q8IVW6,-11.404128570487,-3.22757840009757
Q96IG2,-13.7835715880383,-4.9410566508773
Q86U70,-17.1667576242019,-4.1700425870147
Q8N2K0,-13.2359444307758,-4.88458817480874
O43526,-5.95589686527402,-3.40479417382719
Q9BYV9,-13.1260467620822,-3.67182572280551
P61006,-23.2534966642115,-5.5065054203844
Q9P2Y5,-11.1647779462781,0.165178190510872
Q14344,-12.7428569599991,-5.72407715183345
Q96PB7,-3.75684546242217,-2.72255355316863
P50542,-12.1793424620311,-4.93802904043049
Q4KMQ2,-3.2904357238833,-23.2534966642115
Q9H4M3,-8.14562436749207,-4.06588803895356
O00506,-13.0675289140013,-4.97736853270599
Q9P0I2,-23.2534966642115,-5.11657043619214
Q6L8Q7,-20.5251133702023,-7.74534796525239
O43252,-15.3493393814252,-4.47836101171647
P61018,-7.9752637318147,-4.18098883128501
P56211,-10.7897549453753,-3.89086555981939
Q9H3K2,-13.5526590246952,-7.11539980002297
O94985,-6.10177895856801,-3.016804203639
Q9Y3I1,-15.8517802975041,-4.52770921760948
Q9BZA7,-13.4702053164981,-6.1019647607339
P07858,-23.2534966642115,-5.777773671541
P38606,-14.1040939329965,-5.47345009552308
P42229,-5.67288214943398,-2.66843905008759
O14775,-8.99599493922478,-5.44955884962777
Q9ULU8,-15.1161878813272,-7.83747375174714
Q9Y315,-23.2534966642115,-6.93980341141163
O96005,-11.9276106430749,-6.44299952264703
Q92945,-14.0154029671559,-5.41818613386105
Q8IUH5,-23.2534966642115,-4.05079587232309
O94898,-23.2534966642115,-4.29331375845274
P35716,-5.31456338151008,-2.35384845053935
Q9Y3C6,-15.4305552081587,-7.33803742928647
O75746,-14.9389201489352,-6.15333825588088
Q86XL3,-13.4072456812708,-4.52040611031333
Q13895,-13.8152935010505,-3.70958218338487
P26378,-23.2534966642115,-3.9405596958461
Q86Y79,-13.0027587958642,-3.84061068847568
Q96S55,-11.2164882660539,-4.34226851870501
Q9UQ35,-23.2534966642115,-5.19395319312704
Q92879,-23.2534966642115,-5.24367492885378
Q9Y2H5,-23.2534966642115,-3.30129504228903
Q9BRK4,-13.2018014161585,-2.93814426653459
P48664,-23.2534966642115,-3.77971482695978
A1L0T0,-12.8586608105781,-5.27673856236577
Q6PI78,-14.7492461483722,-5.66914051107539
O94910,-23.2534966642115,-3.56837681724536
P50148,-23.2534966642115,-5.76142500090012
Q9UHV9,-23.2534966642115,-6.90739857777782
Q9GZM8,-15.5977393200294,-4.02568826709338
P15822,-8.72078533628699,-1.55788505524806
Q9Y6D9,-23.2534966642115,-5.033619710068
Q9Y216,-6.45677867234413,-3.66990011009187
Q13526,-23.2534966642115,-5.55168828842823
Q969G2,-23.2534966642115,-3.79759570451094
Q9NZV5,-5.61188975499058,-3.81165801109744
Q08174,-8.33908755481884,-3.82113753664881
Q6VAB6,-12.6990528282375,-5.16776360606673
Q96GS4,-23.2534966642115,-6.00370726609085
Q96DE0,-23.2534966642115,-4.6380795234155
Q5T3F8,-7.42439279727096,-4.30598248487376
Q9HCN4,-23.2534966642115,-6.27486967953686
Q9UI10,-23.2534966642115,-5.99497541940156
Q8N158,-15.1986326513807,-5.04649885548033
Q15262,-14.4757571748939,-3.40782224680631
Q5T7V8,-0.228668366729349,-12.112191604086
Q14728,-13.8902484711919,-6.41994657093923
P57678,-8.70826454090563,-5.3863960148183
Q9P2G1,-16.831365896739,-5.56055413146032
O00264,-11.718601668043,-4.90162985952573
Q6PID6,-23.2534966642115,-4.81585708727176
Q8IUL8,-13.9583203730662,-4.00266863763231
Q9P2R3,-12.991118031532,-6.07001805488008
Q6YN16,-23.2534966642115,1.16377684994617
P07741,-23.2534966642115,-5.7402250933318
P18669,-9.79785363128041,-8.58644340960526
P56159,-11.5268123559461,-4.41619926486121
Q9Y693,-17.5050213734882,-3.92590906383184
Q14651,-1.62748473687465,-3.40880596999987
Q86UN3,-13.0788927631817,-4.01911628597441
Q9H444,-8.61796948473587,-5.11186374168549
Q7L775,-23.2534966642115,-4.93482632779887
O75182,-23.2534966642115,-4.07632588877697
Q9H307,-5.9804185186122,-10.0002120582844
P68106,-23.2534966642115,-5.25595670575451
O60422,-2.98131746299679,-1.73364241283635
O43639,-11.0206051966999,-3.90476616427368
Q53FT3,-14.8499207341885,-6.5122659572189
P48051,-1.99273052876716,-8.90300870787839
Q12926,-23.2534966642115,-4.48584036595878
Q06136,-12.0249933357581,-7.18836642881315
Q13838,-17.9203388847484,-8.98036710578058
Q9UHR5,-23.2534966642115,-4.89833678863428
Q8IXK0,-7.03115180751436,-3.75231658973876
Q9BU61,-13.5787063630512,-1.94832543872101
Q9BR01,-2.10937247031474,-0.647791227206761
Q15257,-10.7878645607157,-6.04782659842261
O00233,-23.2534966642115,-5.73728431995725
Q9ULK4,-14.8913467461032,-5.48652233590244
Q96FT7,-23.2534966642115,-5.90707644476375
O43602,-13.2420722426098,-4.52286461299493
Q9BX66,-17.0161888640767,-4.89040026180222
Q9P0J7,-12.1200779842323,-4.4969952199192
P52597,-13.5229962002763,-7.43705695498597
Q5VTL8,-23.2534966642115,-4.98700916422683
Q9P2G3,-12.0469207717302,-4.74724641243638
O95336,-23.2534966642115,-6.2034444887731
O00451,-23.2534966642115,-5.05976798066836
A6NJT0,-10.1385414993141,-2.91011361863929
Q9C0D9,-5.20791483031762,-19.3755035324385
Q8NI37,-5.55491101059711,-0.875292419168215
Q06587,-23.2534966642115,-4.35602416123847
O75038,-3.91508988247117,-2.34947288974666
Q8TEW0,-16.4206249554652,-4.77803493264632
Q8IYB1,-15.4308674845034,-5.0737061299924
Q08554,-0.155437828117824,-23.2534966642115
Q13596,-11.4561697307355,-5.71336202097337
Q16799,-15.1141157012971,-6.12258684480949
O14628,-4.31383618184235,-3.42518359967006
Q9HBE1,-12.6116297089505,-2.32645170346349
O43929,-6.58759277430491,-2.89458162463875
Q9HCJ2,-23.2534966642115,-0.394979795928681
Q8N8L6,-12.2021915515103,-3.78554907317046
Q9UQ03,-11.5622541607299,-6.17176766820556
Q9P2N5,-23.2534966642115,-4.03152137147136
Q9H6J7,0.0196734523617652,0.61572974474769
Q9NYQ7,-11.7067352139719,-5.78818706330201
Q13501,-5.95746589630174,-4.67124886301195
Q9NZ53,-12.9292622077519,-3.65042738546007
P46379,-12.5996599201248,-4.41438677779324
Q6T4R5,0.321237658054076,-23.2534966642115
Q9H496,-15.4366448985582,-4.4699841100473
P02786,-15.2754713453498,-4.77445466910024
Q8WUU5,-14.8478046837185,-4.37228202919685
A1L020,-13.5503631147199,-3.59996413093408
Q9ULI4,-13.3470644096557,-4.19559841312185
Q9Y376,-13.2349405885377,-4.61481713282783
P24666,-7.32741588455971,-5.01436793744881
Q92558,-12.2818047495902,-6.1019353790553
Q9UP83,-9.06218341599039,-7.17875371689548
Q9Y4F3,-13.4460550975675,-3.9655744203456
O94868,-5.46720482546329,-2.87211905610159
Q8WUN7,-9.47072530442513,-2.26186829924748
Q16706,-4.03655922559176,-2.1302673458591
Q15126,-23.2534966642115,-5.39791729764767
Q16718,-5.83721491602744,-4.09988303499179
Q9BRD0,-5.16467136534677,-3.68027957736523
Q12797,-3.72569229074927,-2.04715978702211
Q86VW0,-8.29519890313959,-3.8853281222235
Q8WTW4,-0.556407968405253,-9.03098607848696
O94953,-14.7432463355339,-3.90385997653696
P36954,-9.63097206838968,-5.109677925805
Q8NFP4,-13.8463119514061,-6.34142208537093
O15173,-11.8603815135114,-5.20291454843528
P08243,-12.1253783604707,-8.13446147966078
Q13569,-7.89647689434212,-3.05544939525042
Q9C0I3,-1.32126581182036,-0.184042951435349
Q02543,-8.7282766967875,-6.2691861527701
Q9NRW7,-11.0805768301672,-4.63763407608256
P16298,-23.2534966642115,-5.75997853601655
P18074,-11.3248413638488,-4.54847182206714
Q96K37,-23.2534966642115,-4.75609735938157
Q8WYK1,-13.8081327141966,-4.16642785788014
Q13825,-12.3802541877634,-4.75124420741517
Q6Y7W6,-18.9346744394985,-4.26804382572065
O15068,-23.2534966642115,-4.5712108474654
P16949,-9.88685348909747,-6.3464869959022
Q15560,-13.8142750945819,-1.60901720130601
O15213,-8.80911822654194,-5.70582667822006
P31930,-8.89371182101399,-6.492744045564
Q8N1G4,-23.2534966642115,-6.10784275102805
P28799,-0.899061698155586,-0.471139818454352
O94952,-13.0231428425885,-3.1225949369656
Q9UKE5,-5.18723231879331,-3.24939161585197
O75385,-15.2840301258122,-2.55944359202953
P25705,-23.2534966642115,-7.29362044530272
Q5JU85,-12.3093697799368,-1.54428110844711
Q9NQG5,-23.2534966642115,-4.93502344028199
Q6ZN54,-3.07223178342924,-1.7161228026263
Q99873,-10.5899900660451,-6.67080495410953
P55011,-5.32885783522265,-4.11986484729148
P43004,-13.6931424307388,-5.49459784888336
Q12765,-23.2534966642115,-5.96612456270723
O75390,-16.1096541447196,-7.8488883424606
Q86V97,-9.56202276308935,-4.60895742962285
O75093,-23.2534966642115,-4.09055666328423
P62701,-23.2534966642115,-8.61392395090933
P35222,-16.7384716100062,-3.92935890397359
P48730,-13.7939922287461,-3.03361659101551
Q9H1V8,-3.23639570908415,-4.5057989398677
Q99733,-11.1138488750582,-8.45766889390882
Q96A35,-12.2126328686917,-5.81352360320248
Q9Y5R8,1.1976840808168,1.70089871987579
Q9H4A3,-8.89440327343729,-4.66358047681996
Q9Y2B0,-23.2534966642115,-7.19556778108081
Q13492,-6.38052406697165,-4.71992992141183
Q9NXG6,-12.9143731470392,-3.56968335343637
Q52WX2,-23.2534966642115,-4.21469331526413
Q9P2K5,-13.2931739554523,-7.23093780665092
Q6IS24,-2.3740989695004,-10.2683755946874
P60510,-12.7354007025035,-4.84827476713208
Q9UNF1,-23.2534966642115,-6.48962810223377
Q6ZVC0,-4.29468610387911,-2.72108844708813
Q9BU76,-1.83264803199586,4.3970662118319
Q8NBI6,-23.2534966642115,-4.71357950455608
Q96F07,-13.5487924189734,-7.17757208440889
P84095,-15.0046131078705,-2.59546345195455
O43920,-7.08865803570394,-5.64211546394079
P61086,-8.20860895484912,-4.58008904719556
P22695,-23.2534966642115,-6.6154547116125
Q495W5,1.68455496061846,-11.9969383681178
P42892,-23.2534966642115,-4.60424019462433
Q8N0Z6,-13.0422125510662,-5.35031796398225
Q96NX9,-11.262672424796,-1.65183808541367
Q15819,-7.96610583114313,-5.52404923112969
Q9UBB9,-10.7719129001614,-4.52034208362
Q5TGI0,-14.3341137335669,-4.45153551928811
O43310,-9.31787667862286,-3.37368063134345
Q719H9,-4.18205071795861,-2.64792812048605
Q9H9T3,-23.2534966642115,-5.98461097092784
Q12852,-23.2534966642115,-4.96357656888393
O75347,-11.8292984502848,-7.48625045996906
Q86X27,-3.86209935351781,-2.71476207539102
Q8N1B4,-23.2534966642115,-4.81982855613371
Q12824,-6.19675153216728,-3.77394218925916
Q8WXF1,-13.0057240036973,-6.25268266794741
P07738,-11.5430084611915,-7.02599067405163
P10586,-11.4511226767038,-4.29007588749401
Q99856,-23.2534966642115,-4.33478066866745
Q9BQ39,-13.7751566244206,-5.41796226276721
Q9NWS8,-3.99711168109889,-13.604167107973
Q15717,-11.3666960818115,-5.26716097595115
Q6P1X6,-10.894823656036,-5.84349369734319
Q9BXB4,-8.73272736083073,-4.09326621328532
Q9C0C2,-11.3955411220224,-5.55840138795203
Q5JSZ5,-13.2299576110275,-3.91986407959748
Q15048,-10.0830352970688,-4.97808162088447
Q96GD3,-13.2934660895897,-1.13329675527318
P59998,-9.73167902939797,-6.14975605735841
Q6NUM9,-11.421068495214,-5.41168081923534
P36578,-11.3274333526829,-6.78691767083283
Q8IXQ5,-4.79558128010493,-2.74139742897418
O00170,-9.94626973776193,-4.81018866477953
Q9H4L4,-9.68989523015968,-4.13217811914509
Q9BWE0,-23.2534966642115,-1.79840595100215
P14416,-11.79283332243,-4.61450564978733
P30876,-23.2534966642115,-5.2654024648018
O00743,-23.2534966642115,-5.97423624358729
Q9H3P7,-23.2534966642115,-6.66563619382076
Q13003,-2.07754754820707,-23.2534966642115
Q9HCM3,-14.5090217552294,-4.26010637853744
Q9HAT8,-16.4687069593868,-4.30680028272292
Q92845,-13.6164983983933,-3.89605920804386
Q15643,-11.4375479149797,-5.20659104437158
O94766,-13.275174134217,-4.15324823931391
Q92562,-5.20642079088241,-11.1148727170855
P78324,-2.63305768478578,-3.59273223926613
Q9NR28,-13.5937274170471,-5.88311297340479
P31150,-23.2534966642115,-8.12265480140866
Q59EK9,-17.3571197760035,-4.95847764614965
Q5JRA6,-17.7012436495353,-5.20962231383429
Q15067,-13.3825022852898,-5.34079636750513
P30040,-23.2534966642115,-5.2084846994019
P0CK96,-1.97699496924129,-1.022859776492
Q9UFN0,-5.98137958207699,-12.945740641146
Q9NS86,-13.0001734533873,-6.54592787483753
Q9BSV6,-7.44924196598326,-4.24934335443932
Q7Z7L7,-13.1527907066029,-4.0086836291234
Q86WA8,-23.2534966642115,-5.45755187983302
Q9Y4W2,-8.19123212771022,-13.3297496233817
P49458,-23.2534966642115,-4.16400183857351
Q13242,-23.2534966642115,-8.50846149757053
Q15631,-9.34066650683627,-5.62995979009043
Q9UKG1,-8.13064008281412,-5.86745666137339
Q8TBP6,-12.0733153603058,-6.69464490688431
O14576,-10.930426570962,-5.81318130595479
O60299,-12.4677718701305,-2.61524770125118
Q15120,-11.9505278433025,-4.36265402188697
Q96DM3,-1.36915718734513,-1.93987218980273
Q9Y5X1,-23.2534966642115,-5.94171204064302
Q14534,-4.53033478738243,-12.7054545418123
O43155,-23.2534966642115,-2.847234706177
Q9UBI9,-13.760852038566,-4.36296671796964
Q8IYT2,-13.0762208044041,-1.14266774504397
O00213,-13.0203096382727,-3.17111054971373
P04843,-11.6626609068028,-5.79838615535844
Q08629,-13.129011681603,-2.82643539277215
P61916,-13.0689755213071,-8.92668390955924
Q8NEY1,-11.7942444500874,-4.24959685720864
P98172,-23.2534966642115,-6.36357225333351
P98179,-2.84062753731546,-4.56271800839451
Q99567,-12.0620195947394,-6.78134612388054
Q6F5E8,-23.2534966642115,-7.16408872901865
Q6KCM7,2.54023974226028,3.83600279182212
P54756,-2.73064601693879,-0.511684577815611
Q96SU4,-12.5783893873136,-4.54339514291027
Q9NW61,0.0813638270479647,1.07568459127746
Q9UBF2,-12.4835740160599,-6.47325533583616
Q9GZT9,-23.2534966642115,-4.9066288071886
Q14108,-23.2534966642115,-5.40950269604198
Q9NUM4,-4.33724602216665,-2.71922260832325
Q9UNF0,-16.5408002968538,-5.934936587156
Q8NEZ5,-23.2534966642115,-5.9502322523488
Q14576,-23.2534966642115,-7.49082986028442
A8MW92,-12.8694861890318,-4.89700531451594
Q9P2Q2,-23.2534966642115,-7.67248421627982
Q8IVU1,-13.9425622837446,-4.94762145594938
Q2NKJ3,-1.12059570135345,-0.423214715148996
Q99569,-11.8996558182207,-3.12014866428695
P63151,-11.5962255841537,-4.75944842424276
Q9UPU3,-5.1243524546853,-3.53075997838878
P17706,-5.41466822400543,-2.75279524643042
Q96EZ8,-13.6046136552338,-3.26013089504944
P09001,-7.46101791446636,-3.18256900540812
Q96ST3,-11.6990971840319,-4.66942419923013
O14522,-13.5123475654718,-4.44367160909015
Q6ZSY5,-12.0266310436704,-5.15117181412174
Q9H1B7,-17.1146123127835,-4.81910244009915
P53999,-13.4061146709556,-8.59960250790689
P06241,-12.4684841045962,-5.06064800126613
Q9NYB0,-14.8904636606101,-5.14318076096072
O15027,-15.8976866953263,-5.24532979454219
Q08379,-23.2534966642115,-4.4529485994653
O14782,-23.2534966642115,-1.04288136898592
O60216,-12.6868683004809,-5.53321134239072
Q9NRG7,-23.2534966642115,-6.55202448419215
Q8IZD9,-12.9553581787282,-5.83099988914008
O60858,-7.61766044890947,-3.87519149729089
O14733,-9.06528687586146,-3.00617382706273
Q8N5H7,-12.2143791927228,-3.21478068693891
Q8NFD5,-12.8476698264701,-3.7851763355511
Q9UKA4,-11.4267907977056,-3.66001778633457
O75427,-13.8035778308839,-5.80039944730138
P55209,-12.9876063304216,-5.48392696472443
Q8IXV7,-23.2534966642115,-4.71144463666807
P78310,-12.074757721551,-7.40558847721584
O00571,-23.2534966642115,-4.49355298112197
P32322,-12.7392283969103,-5.30272243604995
Q8N5C8,-12.5078406618184,-3.85389531330896
Q9Y2G5,-2.93219867848893,-2.09045517625463
Q99523,-4.63072678488966,-0.96764018279617
P07437,-11.576461065687,-7.60312521759646
Q92900,-16.9287112421911,-8.63239062573054
Q9BTY2,-4.84970462892776,-14.3190371086819
P30048,-16.5074383260676,-6.31006555109661
Q10471,-6.54139841493819,-3.6700868016593
Q9ULP9,-13.478340716856,-7.20734298904544
Q9H5H4,-23.2534966642115,-4.46908973794716
Q9BYP7,-18.4165578485222,-5.96084955411311
P51692,-5.94894638933722,-2.533489240993
P30533,-23.2534966642115,-5.1294747342016
P10768,-15.7074951091225,-7.71678289517992
Q9NQX7,-12.2639460387707,-4.38659381477062
Q92609,-7.14958591861708,-3.34737341572812
P49736,-3.4505534111927,-5.2819680777961
Q9NUS5,-23.2534966642115,-5.35775773411935
Q92734,-6.91315100462417,-5.18919573743272
O60716,-13.7552725184085,-5.51368163363183
Q5TCY1,-12.6095031788517,-4.45713316891901
Q9UG63,-14.6885366979312,-5.08953469395147
O94991,-12.7730004967652,-3.32515582472952
Q15070,-23.2534966642115,0.0277568572185903
O14964,-17.1674130644092,-8.79393016557313
Q9BYT3,-6.49381449105505,-3.83207830413667
Q15393,-12.7901988163783,-6.35588184229217
Q96E11,-7.69360210075793,-6.08789093037592
O00192,-12.8773615374857,-5.11020484420869
Q8IUR7,-12.9967063510015,-6.11112218692752
Q8TEY7,-6.14919716731456,-3.43453991150935
Q6IAA8,-23.2534966642115,-5.6236780865893
Q9BXS5,-23.2534966642115,-6.31132308655046
Q969Q5,-8.30930252467953,-4.52790548731001
P46109,-14.8478727152055,-7.69542808158175
Q06210,-11.6430902667168,-5.15900234208803
Q3KQU3,-16.6695047766724,-6.82949934042915
O14763,-4.42044336806463,-3.17013490657736
Q96N64,-11.8151717701644,-5.27645330462348
Q13115,-7.48602113456216E-05,-23.2534966642115
Q7Z7F0,-23.2534966642115,-0.000165500293995565
Q13685,-6.80265888331328E-05,-11.0143082733487
Q9BXI6,-3.71838505868483,-23.2534966642115
O95983,-15.8183619826675,-4.74107201847988
Q9UJC5,-23.2534966642115,-8.55525611145813
O43572,-15.1288632552723,-4.31899729034253
Q9UHG3,-16.196565460186,-6.12607580896037
Q7L3T8,-12.0881134807071,-4.44861516045797
Q8TDN4,-3.15240952206671,-1.53832152743452
Q674X7,-23.2534966642115,-4.64542930202201
Q13480,-5.56706645599643,-15.0758942161066
Q8IYS1,-23.2534966642115,0.598824377811823
Q15633,-2.07090274402118,-23.2534966642115
P40692,-12.514066933021,-6.4796894879934
Q6ZT07,-18.4484818405448,-3.66679803145119
P52803,-17.376649794288,-3.94517517127052
O95057,-13.5125807198489,-6.66303444144544
Q92759,-12.5219942932804,-6.43154858827586
Q9HBU6,-17.9428022799732,-3.10073940550088
O95639,-5.16805217085981,-3.86140618549143
Q96HS1,-9.07526708071589,-6.95525593428501
P11717,-21.476457352815,-6.51076632915864
P17405,-8.99457584153666,-5.83238470373935
P35237,-4.429060619536,-3.54373852512768
O95025,-0.0610525680951574,-13.8686330129627
Q7LBC6,-15.539237244836,-4.89134688135337
P35232,-12.3544305825635,-7.37959231516257
Q7Z5J4,-11.9086306578988,-5.58854554443287
Q9Y6E2,-13.1334786668655,-5.36873141315988
Q86U90,-14.607518141103,-6.53336771264564
Q9NUJ3,-13.8580712939046,-4.83315788512098
Q92841,-17.0238201381848,-7.70687395029509
Q9BTC8,-7.6772034355518,-4.92783000975455
P35637,-23.2534966642115,-5.11924447935997
Q96GD0,-23.2534966642115,-6.49992400751581
Q9Y2I8,-17.1347664165525,-5.6747894786888
P18206,-4.13208874012901,-11.6685110846008
O75688,-12.8262444163398,-5.39766150649873
Q9Y5X2,-5.20904981836658,-23.2534966642115
Q15061,-23.2534966642115,-4.04746437812741
P22314,-14.831992094728,-7.79713915502238
Q6PIJ6,-12.834933809605,-4.17005100531479
Q9ULJ7,-14.1208129120426,-6.2656070421022
Q15025,3.3936368995068,-3.41854820965268
O95405,-11.7926757718861,-3.23183292079015
Q9Y5B8,-13.052829875377,-5.01772681997034
P09211,-23.2534966642115,-7.84660923633653
O96000,-23.2534966642115,-4.43566617764543
Q12767,-16.0637183254164,-6.26708501663209
Q9NS40,-13.5339097995794,-4.0371898376445
Q92541,-15.0889025736537,-4.22041522477892
Q9UI36,-10.5422572472054,-5.25936876171023
Q330K2,-13.0508008921893,-5.50739373888251
O76071,-1.69160237127054,-3.4632348944297
Q9H270,-12.0834769278411,-6.59852078977935
Q5TEA3,-15.9822253944169,-3.62755046463987
P51805,-15.5533925497812,-5.67916817359189
Q86WN1,-6.08121613301127,-0.547519974143622
Q8N5J2,-13.4425600559981,-4.12770568051773
Q9H165,-14.5133322768817,-3.18139669535745
Q9NUQ8,-4.62408130272864,-11.41774695629
P0C870,-13.5051993450353,-5.04955974036147
Q8WU76,-23.2534966642115,-6.32030583508822
O95825,-3.52452482203589,0.0362067151526438
Q6IQ55,-23.2534966642115,-5.685700386265
Q96KQ7,-13.3752548277229,-3.77583406441666
Q86WJ1,-12.8936036981207,-5.29879945080913
P23743,-14.0886975283882,-3.25280330403622
Q9UID3,-13.6802720829396,-4.73287642945253
Q9BUJ2,-8.98809883477356,-7.88353911273843
Q5TEU4,-3.52090943175891,-2.90351839810362
O60583,-23.2534966642115,0.149945676814904
Q9Y6C9,-23.2534966642115,-7.01105576768498
P78352,-13.9456018088363,-4.8901256477648
Q9UHK6,-23.2534966642115,-5.74936321726173
Q9UN75,-23.2534966642115,-5.34451936383814
P78417,-11.1643786303536,-7.32384838993771
P60763,-23.2534966642115,-4.96208000550544
Q9P2E7,-19.7801371220375,-7.15668533309828
Q9NP77,-23.2534966642115,-4.33003373699718
P78332,-23.2534966642115,-7.3210100343393
Q9BRJ6,-23.2534966642115,-6.11395534192576
Q6UXD5,-8.26615441998733,-2.60431145922315
Q8NC60,-15.6151034327413,-3.40315411122296
Q7Z7E8,-7.26241948097109,-4.63471539325626
Q15173,-12.9787965055676,-6.11367406826599
Q8NDY3,-1.17724942886489,-13.0100341652746
P32297,-3.85331338284456,-14.1092824067904
Q9C040,-12.792440685429,-7.95115143374096
P18615,-10.8697915787857,-3.89805059591697
O43815,-13.7353598772861,-6.01804252259531
O14492,-23.2534966642115,-5.79670566878096
Q9H8M7,-23.2534966642115,-6.1621508221332
Q8NI60,-23.2534966642115,-4.90818876417087
Q9ULC3,-23.2534966642115,-5.18960103206356
Q96C03,-14.7684163081712,-3.50799902802145
Q9UJF2,-23.2534966642115,-4.25784378679228
Q9H999,-3.66597238427455,-0.749153821271501
P21912,-6.32942554616846,-23.2534966642115
Q96EC8,-3.46607913830616,-1.99237043968089
Q9UGL1,-14.327568649926,-5.22210057097009
Q9HCH0,-12.7255760962171,-4.61330014160252
Q9NQC8,-11.9972412215341,-3.15693274400588
Q9Y2X7,-13.1092059045308,-5.98362717246115
O75078,-23.2534966642115,-4.74991011351857
Q8IWU5,-11.1643374788702,-5.31359413644932
Q643R3,-23.2534966642115,-4.47006841376051
P82663,-23.2534966642115,-4.69850586927453
Q9NYY8,-12.792993860059,-6.06781837938154
Q86YD1,-14.348547049054,-6.11543888036699
Q86VP3,-9.31496694797773,-7.28488014362519
Q9BZK7,-11.0386440848,-3.51434087601027
Q8TF61,-23.2534966642115,-5.95874872145939
A6NGN9,-16.9610520743253,-4.64707561004149
Q99848,-23.2534966642115,-5.46509433175159
Q99805,-6.12357395798424,-4.24795944366838
A5PKW4,-13.1823974077712,-1.49854904666206
Q92643,-13.3296180438508,-5.01863073715377
Q7Z6M1,-13.1742465471627,-5.00595464532972
O00468,-16.8697313731941,-5.41653813478338
O95168,-1.578732221885,-2.34699951137462
Q9H0K6,-2.87322983470605,-23.2534966642115
P19388,-23.2534966642115,-6.99506881061186
Q8NFY9,-3.45362977937876,-12.2282895742688
P22694,-10.5866322626294,-4.74336085285576
Q969R8,10.38713532004,1.14098576356375
Q6ZTA4,-14.7813469839334,-5.18369960637484
Q9H1D9,-15.2040348194984,-4.53380624546371
Q6NTF9,-23.2534966642115,-6.4397184517138
Q8WU10,-16.6189695169294,-1.91949226057325
Q7Z460,-23.2534966642115,-6.05305003695556
P55786,-23.2534966642115,-7.49553037198197
P61129,-14.9641939762987,-3.19423510085658
P33316,-23.2534966642115,-5.41115110125164
Q9BXQ6,-13.0758473370488,-5.03909492815089
Q9H9B1,-12.3408312096195,-4.26351450005244
P20338,-4.40346865565929,-4.03399344653739
Q8IWT6,-23.2534966642115,-5.77929203715199
Q96P11,-12.7981596451799,-4.46805612820986
Q96F63,-23.2534966642115,-3.81980047401098
Q8WVX9,-18.3100095572006,-7.36463626614006
Q08211,-23.2534966642115,-7.62883783099676
P62277,-23.2534966642115,-8.42031772620592
Q9BRA2,-23.2534966642115,-6.67732764847206
Q9Y6M5,-12.9010906101982,-4.86132791222758
Q6P1R4,-12.4661177689994,-3.93595864784821
Q86VD7,-2.693408774065,-1.13127350966041
Q00796,-13.100082752412,-8.22628419102918
Q969Y2,-18.1497540807639,-6.53249001579228
Q13555,-23.2534966642115,-7.10922566600636
Q96SB4,-11.5762186078449,-1.61189877519836
P62380,-23.2534966642115,-5.72507002100074
Q9BX10,-23.2534966642115,-2.25927115915111
O95835,-23.2534966642115,-3.11880424582647
Q8WVT3,-15.9023052735328,-7.98828375669895
Q9H792,-1.73450827550203,-9.75045438262911
Q9NSC2,-15.7624082047635,-2.76403997042264
O96028,-9.99917947609996,-2.8552732921553
Q9UIC8,-11.9170109173815,-6.88680189429564
Q9H1Z4,-11.6816389337765,-4.35410086726712
Q16647,-11.3795718787466,-0.0513287716363826
P00568,-23.2534966642115,-5.7806274775392
Q96EV2,-23.2534966642115,-5.99491412525539
Q9Y5A9,-13.4588178462135,-6.09818395131968
O75143,-10.7327697815315,-4.45281109814268
Q9NWZ5,-23.2534966642115,-5.12922610180989
Q96T17,-17.8918047379437,-5.3924879184438
Q9BQ69,-11.2396681408822,-0.942205471681226
Q8N5A5,-11.9546181918817,-4.67808645858322
O60242,-14.2218680103716,-6.22940871963766
Q13085,-23.2534966642115,-7.00339518532872
O60268,-12.5013002502239,-4.5062432647654
Q96FW1,-13.1460259427657,-7.41724153319859
Q96DI7,-11.8105397433342,-6.54654923402513
O96019,-23.2534966642115,-3.79565059286585
Q9NPF5,-11.7149854636938,-4.4115900691195
P18887,-3.35422117993409,-11.8997885119809
P10645,-19.4451072631649,-6.79150061287045
O75044,-6.9082640972265,-5.22150625970431
Q9HC52,-11.607921344754,-4.79998929533217
Q96A11,-12.6578600994772,-2.85624228068615
Q684P5,-12.8838804967211,-6.57885437947185
P12931,-16.1957730757014,-7.20128264665744
O43427,-14.3974486723633,-6.54420139507756
Q96ME1,-10.962156024053,-6.14206197673255
P21953,-13.3791507662819,-3.9206913367667
Q9NX40,-23.2534966642115,-4.27125094689522
Q04837,-8.61330533395445,-6.17262336007825
Q8NCA5,-6.10414888745888,-4.69498712022217
P62166,-11.2696390641398,-6.20061734810671
Q8N2Y8,-14.2712694844426,-3.52634288995831
P08069,-23.2534966642115,-6.10553858639524
Q7Z4K8,-15.061908391206,-4.45977036524992
P47736,-23.2534966642115,-5.46509053066043
Q14202,-17.8933474171348,-5.06659379969657
P40123,-2.99543049395082,-0.34229235679555
Q8IYR6,-6.39740438423362,-3.94973775796546
Q9NR31,-4.58621589187077,-3.99850639839609
Q86V21,-17.3266335443195,-5.54569057036909
Q15102,-13.0551998228114,-6.69968911328706
P50995,-23.2534966642115,-4.65747635354789
O15260,-18.2143740492065,-7.28706372140262
P62244,-6.51342551429678,-23.2534966642115
Q9BQI7,-23.2534966642115,-4.24658250050115
Q9Y580,-13.0720636577737,-4.37536839640353
Q4V328,-12.9413915852555,-6.71427991225401
Q9HCK8,-23.2534966642115,-6.65718709263339
Q86V59,-5.38219836385856,-1.11200657437917
P51687,-4.1502023184041,-2.04897719360679
Q13428,-9.99399261566939,-5.85807045752308
Q6UXP7,-1.01005988908379,1.23248462888739
Q9C0J8,-6.53426216852585,-3.85491151930734
Q13257,-5.88845020756787,-2.65431504777667
Q86TP1,-23.2534966642115,-6.88667059172516
Q8NAV1,-23.2534966642115,-6.12981112284478
Q13610,-12.8492135658948,-4.45967259362506
Q7L5Y9,-10.4878282349203,-0.402043384413217
O75864,-23.2534966642115,-4.23689069148525
P63244,-14.7182661455366,-8.42758956485996
Q9NV31,-23.2534966642115,-4.40445323011082
Q9Y5L0,-11.6130900841966,-7.05722729882083
Q9NXA8,-5.85602287670415,-9.59377863170944
Q9BY67,-23.2534966642115,-5.84632349128561
P36873,-23.2534966642115,-4.71189258072733
Q9UQ16,-13.8717592536868,-7.54656028544273
O15020,-23.2534966642115,-7.13018899509055
Q07866,-12.4962295093584,-7.13556207866872
P19022,-14.448740091442,-8.82293253728795
Q9UKY4,-4.88216606977875,-6.36299513538412
Q9BPZ7,-12.6674214562086,-3.87208914647034
Q5VTB9,-10.5102715791914,-3.11808404303117
P49842,0.0526374080534195,-4.83383211276743
Q6PI48,-4.94305312968874,-9.76194132748857
Q5VWX1,-1.49983228507757,-4.70982604960499
Q15382,-8.96896379548131,-23.2534966642115
O43173,-6.91870436122945,-4.73074938448607
Q9Y5A7,-17.3743896582417,-4.07897048709995
Q9H254,-3.06438414221367,-1.60586158334701
Q96JJ6,-4.18542331190289,-3.191638484765
O43405,-23.2534966642115,-4.44302529331316
Q9BQA1,-23.2534966642115,-7.84237230454427
P22303,-11.2287152620682,-3.68232863464143
Q9GZL7,-23.2534966642115,-0.291378695710084
Q9P286,-23.2534966642115,-5.93877226687634
Q53HC0,-14.1494823824637,-4.66113494629052
Q53EQ6,-4.03988518648607,-13.386278595555
O60869,-8.31920313741755,-4.66443616500799
Q9C0C4,-23.2534966642115,-5.82977255507205
Q9P1Y6,-12.7483389935383,-5.6393242694366
Q9Y285,-23.2534966642115,-6.97817350459872
Q9UPQ9,-6.70921267955479,-5.10948750064328
P58335,-23.2534966642115,-7.68630210823963
Q6X4W1,-13.7125223804284,-3.35959256524847
Q13772,-11.1399523069204,-3.72498743190019
Q9BQP7,-4.28022043007556,-23.2534966642115
Q96QD9,-23.2534966642115,-8.19292625444099
Q8IXH7,-15.4469606668762,-4.84228110629088
Q13686,-23.2534966642115,-5.09156920246565
O15160,-4.32480133951082,-12.9184904073821
Q86VS8,-12.041183285366,-6.48300723670101
Q96EF0,-15.1995519905105,-2.32318201006438
P31937,-17.3872232467477,-5.11539010710684
Q9BTV5,-15.7105295031531,-7.47333057961814
Q9NPZ5,-15.4699712181758,-5.40887837110265
A7MD48,-11.6804157896132,-4.27005529921919
Q6DKJ4,-6.66050590812107,-4.4242682122021
Q92805,-5.14063949192889,-2.58475492749499
Q9Y6G5,-13.4433338178615,-4.77320909969718
O95757,-6.61232976972703,-4.48043229744322
O60296,-5.151345352011,-4.14148169554458
Q8WZ82,-23.2534966642115,-6.19798024352231
Q6IA86,-13.7352960881114,-6.53741408037552
Q9Y4C8,-3.02274720249517,-13.5644199740084
Q8NC69,-3.49810081337235,-1.06960054466502
Q96RU3,-2.91477607645642,-3.68470661825812
Q96RN5,-16.8354999845017,-5.17085535446025
Q9UHC6,-14.5019257533035,-5.49487728676738
Q16762,0.0275214099406679,-1.28521318632739
Q14011,-3.63539885852823,-12.2335568001593
Q9BQE3,-6.41746918606145,-9.55228322665868
Q6P2P2,-5.49679027048188,-23.2534966642115
Q9H175,0.332854773647992,1.8312740489075
Q9HCK4,-13.6245050365309,-5.72280500203888
Q8WUH1,-6.19479129911203,-5.15005131396254
Q5H8A4,-23.2534966642115,-5.5176920980044
Q13009,-14.6136390220957,-6.22052588235473
Q9NVF7,-5.51061831108461,-23.2534966642115
Q8N461,-23.2534966642115,-5.70687561589813
Q02040,-14.0640426468963,-3.95144656960177
Q8NAP3,-13.0013880000524,-1.75101133112364
P49748,-7.79825452241685,-15.0665518711238
Q8N568,-16.6359860543976,-6.40413090853506
Q5T7P8,-23.2534966642115,-5.69379585753417
O95996,-15.2199866797328,-4.73722645205077
P08237,-13.3435264675925,-8.26415986183553
Q8IUC8,-3.85440064104039,-12.1893086122948
Q9UHV7,-6.62406459720896,-23.2534966642115
P78362,-23.2534966642115,-6.35154290963119
Q9Y243,-5.75904434907325,-3.05542596861326
Q9H8M5,-12.4789629707246,-4.41710009287146
Q15599,-14.6914082066927,-5.57812676478278
Q13217,-13.2909997261614,-3.82025906549893
Q9NY72,-4.58078366376279,-2.49277457327484
Q9NQ29,-12.7716934459191,-6.94531715159387
Q8N3Y1,-3.2278743037095,-0.0912150027707833
Q147X3,-23.2534966642115,-4.730610321171
Q9H0S4,-23.2534966642115,-6.17078733724524
Q9NTM9,-11.0449618338854,-6.52289198004003
Q9BWU0,-9.65099182691722,-4.2228772725019
P82650,-13.3837972153331,-6.42926936868876
P14373,-9.96521921990715,-4.40135482592141
P78563,-10.3057302064073,-6.00092499997279
Q9NRC1,-6.34708196405614,-0.611822793561161
A6NNY8,-5.51511221395282,-4.84999600514625
O60347,-1.98606536126646,-0.30088755332596
Q04206,-23.2534966642115,-4.39492783511334
Q9NXN4,-13.3856451036955,-4.66777426589674
O75494,-23.2534966642115,-5.91606987876212
O94829,-5.28283355626633,-3.93425830537079
Q8NBM4,-23.2534966642115,-5.90750512004828
Q9Y383,-8.611990148859,-6.12942833252999
Q8NEY8,-14.4962545324834,-6.02326280721625
Q9NW82,-23.2534966642115,-4.73222588639793
Q13510,-11.1781566299873,-8.48367290653708
Q9NWU1,-23.2534966642115,-5.58035346925807
Q9NXH9,-13.4811351771141,-1.06854490886896
P61247,-23.2534966642115,-7.46626921923259
Q9HCM9,-2.17244373846601,-12.0551348432137
Q8IWV8,-13.2914101583411,-5.1171470363735
Q6ZSZ5,-13.4966285545612,-5.6394247371601
Q9UJD0,-12.9829972229141,-5.76308796275756
Q8NB37,-5.78046812564848,-4.25635817617449
P00387,-23.2534966642115,-5.65953773185947
O75529,-12.229418062265,-3.7589522685919
O95716,-11.9629368240917,-2.7868569207766
Q9BQI5,-23.2534966642115,-5.37127410900793
Q96FJ0,-23.2534966642115,-4.2741488823172
Q14849,-13.1718468597455,-4.20179631538528
Q9NZ94,-15.2678540906093,-6.5202328903938
Q8TF44,-10.86903565762,-3.64429504110957
O95801,-8.37813079538243,-4.84287932058837
O14735,-12.0188480747538,-7.41837061162705
P23443,-6.28477376693697,-4.99839232996572
Q92871,-23.2534966642115,-5.82837070886582
P51512,-4.58404797416972,-23.2534966642115
Q9GZZ9,-12.4936161392301,-3.10447465427165
P27144,-11.9230675812154,-7.41982822025404
Q8WUD1,-23.2534966642115,-6.17780851674857
Q13315,-13.2345732038742,-5.22294739338707
Q8IWT3,-11.5545057775719,-3.58540747263365
Q9Y5V3,-9.81642348242135,-3.37879517444746
P49840,-14.4753819162302,-5.60369505035799
P05060,-14.3861091988793,-5.31735003816571
Q9HDC9,-9.22436444575549,-6.91712627218366
P48029,-12.8508722259937,-4.18020272776681
Q9Y4G8,-16.3471953124969,-5.30879457233721
Q9NRF8,-12.8470512741187,-6.38359065037768
Q9H9Y4,-12.4042840988942,-3.66326411316053
Q9UH73,-4.24892279964039,-2.34237712302816
P63010,-18.935427745037,-8.14698281188178
P61163,-9.8399174325849,-5.80046786481079
Q9NYA4,-12.6327064175045,-3.69441473932221
Q8IXQ4,-3.01382037349998,-23.2534966642115
Q6ZW49,-12.3528504609385,-4.70309231130022
O43505,-23.2534966642115,-4.29866549524583
O75179,-14.6883381628745,-4.93427417282706
Q9H2C0,-23.2534966642115,-6.44255841988849
Q96NI6,-15.0098698011583,-4.94574681949212
O15118,-4.01037148191684,-3.05447838014713
P13798,-13.46358345631,-6.393322812985
Q96BN8,-0.819210500441852,-10.7256361902734
Q02338,1.04873595190669,0.19465901598873
Q9H832,-8.73300716678645,-6.18109517857931
Q8NEZ4,2.77137255546949,-0.0649267361497136
Q32P41,-3.71547949724255,-4.97632472361284
Q86VR8,-17.6309353012947,-4.73517082272007
P27707,-23.2534966642115,-6.05985821820554
Q8WU79,-23.2534966642115,-4.84193937172526
Q4FZB7,-18.0818676323696,-4.97014815136135
O95461,-4.78743562465119,1.37701242366923
Q5EBM0,-0.941924692363982,-2.08588976646795
Q96EP5,-23.2534966642115,-6.580587915234
Q9UBW7,-12.6194055131892,-4.4816233491263
Q15233,-10.9652423079105,-5.35550742396252
P26885,-23.2534966642115,-7.07347961740363
Q9Y282,-23.2534966642115,-4.02318404834719
O75376,-4.19234623427338,-3.22006568376051
Q9H0M0,-5.55453666688542,-2.68000751796446
Q5F1R6,-0.855110804790177,-3.81327302226
Q9H871,-0.678950231601803,0.439255903410199
Q9Y4H2,-5.12391367002377,-4.20816885128682
O95201,-0.845684825335483,0.75014383844239
Q07954,-10.7910765403745,-8.82249444328154
P54646,-14.3056146854046,-6.71828787571491
Q15464,-3.98529734277269,-13.7361041840022
Q9NVN3,-13.5940490913113,-6.02233880441572
P62937,-14.114135087609,-7.34457198329199
Q9UGH3,-12.9331350322815,-4.18423093233196
Q13616,-11.0191745820933,-6.68996365749516
Q86VQ1,-23.2534966642115,-4.37953539680847
P07949,-13.2560139399277,-4.85251661232433
Q9NPB6,-0.780638308289103,-23.2534966642115
Q9Y2L5,-11.0790092484754,-5.68941718505798
Q9NRV9,-16.3177133153067,-6.57918745169566
Q96C86,-23.2534966642115,-8.00515245155411
Q9NY27,-17.6701717342751,-5.18527423119798
P55036,-2.74806047796802,-5.45091749112094
O95502,-6.55726849251314,-5.41831052568054
O43852,-23.2534966642115,-6.19768057674375
Q9NS39,-12.9245054821797,-3.11739332965184
Q9HCG8,-12.9058017174441,-5.36981412579096
Q96AP0,-1.7445112888133,-3.14170541501654
Q8N5U6,-2.82622501479813,-23.2534966642115
Q9H6K5,-14.2939969479852,-5.635713626885
P37108,-23.2534966642115,-4.91189274696973
Q9NRX4,-2.00976751372714,-15.6176584853523
Q8TCD5,-11.4255927768446,-2.51066097534033
P23470,-23.2534966642115,-4.76695327754006
Q9BXJ3,-5.12911660106861,-3.91194938543485
Q5SYC1,-23.2534966642115,-5.52008833511803
Q8N6N2,-6.80176319490054,-4.8470231646309
P04083,-3.18086164229411,-5.88280212926955
Q9NPE3,-1.86605956452767,-2.56613880461497
O75907,-23.2534966642115,-6.73893642177371
O95479,-14.0179511710884,-4.79625148179781
Q9UKT8,-7.20860933099299,-23.2534966642115
Q76G19,-14.0316220463765,-4.85569791690189
Q9Y4F5,-5.60383513425336,-3.36230429258865
Q9UKZ1,-3.70238576695208,-3.15852078543024
O60245,-12.5396761080031,-4.79580044324641
P20618,-14.0953327456424,-7.7184333923122
Q9BT88,-23.2534966642115,-6.65626801515304
Q7L592,-2.49322216313384,-12.21557635166
Q9H7D7,-14.4830332633366,-5.03803842420563
P37235,-14.0247603364936,-6.59194497473546
Q6SPF0,-23.2534966642115,-1.35803854826809
Q8NFG4,-13.3924528381437,-4.71024679841306
Q9ULJ6,-5.15204276706891,-2.99017362838405
P18084,-11.6891892022132,-1.02657468057548
P25686,-11.4092289001908,-6.03566313792519
Q5GH76,-13.2873862944333,-5.06861524140009
P48426,-7.66952132823372,-5.72204808031991
Q9H706,-23.2534966642115,-5.62768107240647
P56945,-10.5409780889263,-4.58092614518982
Q7L3B6,-14.1064125550462,-2.27980691473285
Q16720,-12.2177663979885,-6.84114883198692
P35790,-17.9962903637173,-4.91685187551247
Q68DH5,-5.1237989413952,-15.4640634254102
Q9H7Z7,-4.86238231032127,-7.47903953922195
Q86XZ4,-4.06643178132089,-2.63260610183268
O15013,-13.1460175947748,-5.52182240681248
Q6JQN1,-13.3591592479149,-4.39477461066244
P06730,-12.7227993955273,-7.5980218280699
Q8IUQ0,-5.19193285113495,-3.47035476759503
Q9NZC7,-2.81499074267977,-1.80511741564265
Q9NVG8,-13.713511319905,-5.33876986327792
Q7Z6J6,-23.2534966642115,-5.40268355647377
P29372,-23.2534966642115,-5.51896315100825
Q14686,-2.04554162771143,-0.875506078573954
Q14781,-13.1315077534089,-4.97236289247226
Q8TDN6,-5.27912538707567,-3.46360577464157
P38117,-23.2534966642115,-8.34746723574234
O75334,-11.9140424426536,-6.18349159404505
Q13557,-2.68981173500491,-3.74728814497697
O94812,-23.2534966642115,-4.36983425962686
Q8NFP9,-10.6484497437054,-5.28389327899382
Q96Q11,-7.68718695931721,-23.2534966642115
Q9UNI6,-7.60991331254492,-5.94573149577814
O14562,-13.4329963329032,-7.53466026960549
P00367,-9.95218766028245,-7.18216491919189
Q9Y608,-13.9879207856518,-5.41806114083716
O14727,-11.3950888870768,-3.83629374719245
O43813,-12.1690078160295,-7.86504803265243
A2AJT9,-17.1919621300615,-5.22681676852474
P83916,-3.3623089511311,-3.05182747013457
P07093,-2.34894514145008,-23.2534966642115
Q8WZA0,-10.9849709849109,-3.9642260786522
Q9GZT4,-6.59063222080571,-11.1912529946002
Q9NX95,-13.8567397881404,-3.36665802180622
O75190,-23.2534966642115,-5.35443901060694
Q8N4T8,-14.975519547297,-4.22378204873195
Q86UE8,-12.2835815313791,-3.99286144182812
Q00013,-14.7925005326965,-1.8008962588854
Q8IZQ1,-14.039392800552,-7.27277747728463
Q96I34,-13.59965796462,-4.6709464396243
Q86UU1,-12.6955009600095,-5.07005204964673
Q04726,-3.40673770417371,-4.88738675058346
Q75T13,-13.4343663040599,-6.43429547672009
P07203,-5.69165370588904,-3.68349798445106
Q9Y259,-3.27975536170914,-0.998059415589118
O60684,-23.2534966642115,-5.19586712998992
Q06787,-23.2534966642115,-5.40190362101118
Q6V1X1,-3.51790179818266,-23.2534966642115
Q9UBB5,-13.1186675995437,-4.12613806199653
P02794,-6.44949657697036,-3.41340775352976
O43865,-13.7532197311473,-4.44553816347766
Q15363,-5.94969965776259,-14.3500947516409
P30519,-11.02081825397,-5.71215324609074
Q9UEE9,-12.0074583180604,-6.94006499121699
Q02750,-11.2257678610407,-1.12301086131285
Q9UIV1,-23.2534966642115,-7.30637438761195
Q15286,-11.3416693796803,-6.42539571666318
Q9UQF2,-23.2534966642115,-4.2213851674914
Q5T011,-5.20556774835592,-3.15796923646075
Q5T2E6,-12.8752530488005,-6.44253214937347
Q9NRZ5,-10.9782946128754,-8.95961921344432
Q9UPN6,-8.99966399332976,-5.39922466368733
P45984,-6.27535634003519,-10.4028284428025
Q9ULV4,-23.2534966642115,-8.4330892437972
Q14241,-12.4717807914171,-3.79862335864232
Q9BVL2,-9.02750411120599,-6.67835234848515
Q5VU43,-13.3664676595746,-5.53295973411052
Q9UH77,-4.54963761494164,-1.69437304460133
Q86XP3,-11.9674604346019,-5.66118670081192
Q9NV96,-15.2426258380872,-8.51034495395813
P22307,-14.5195703640084,-5.794565713825
P51452,-13.7313735607132,-5.63517504747717
P52429,-9.92846806470698,-5.88986481692163
Q9H6E4,-4.16824969328256,-23.2534966642115
Q12974,-13.1020055510341,-5.24856447394762
O95989,-23.2534966642115,-5.44406342230047
Q5T5Y3,-15.8645319133022,-5.89405375102998
P14649,-14.9398837249159,-7.87936529972847
P20340,-14.7933715489647,-5.37768164060326
P50583,-6.47185861116808,-15.2907435826585
Q9NZ63,-14.9204643475276,-5.20280277051906
Q96T58,-13.3637968031905,-5.37543194887813
P82933,-8.16566558733879,-5.30414510206359
Q9UKW4,-16.473955022932,-7.73446127540997
Q9BXW6,-9.55000073278667,-4.88064953117768
P09471,-12.4871006704956,-8.35293308335734
Q9UBB4,-23.2534966642115,-6.07981477479801
Q86UU0,-14.5205901646497,-5.05547210624062
O43395,-8.83174595353215,-11.44892019579
O60828,-6.22770671230051,-3.99283249322183
Q9Y5M8,-23.2534966642115,-7.70337712391314
P09429,-5.81702896172293,-2.81963514430505
P15311,-23.2534966642115,-7.58313388830239
Q9GZT3,-6.819083790795,-4.76928317749914
O95758,-5.67528619535011,-4.47940382517586
P23368,-8.93472746445248,-12.9271854839672
P19634,-23.2534966642115,-4.63903915490141
Q9BSD7,-23.2534966642115,-6.67044475585752
P82930,-23.2534966642115,-6.4495068569943
Q9BUH6,-3.9141541900613,-4.42364960408638
Q8IUW3,-0.208328464964559,-2.85380433831299
O76039,-2.20753327391506,-3.32594978769751
P51532,-16.2011375722409,-5.80084131791111
Q13190,-7.75300723771,-5.31767611125758
O43488,-8.27586250263971,-6.56109132171292
Q02809,-13.1528353500669,-4.89120514504743
Q8WZA1,-3.75093352322148,-2.85585948436257
P82094,-23.2534966642115,-3.48026672014066
Q6P1Q0,-16.9806480329244,-7.50816456871688
Q9BZM4,-13.741921362703,-4.7337688824416
Q8N163,-12.569436052642,-6.51406438322492
Q9BV44,-23.2534966642115,-5.49332810670852
O95340,-12.0705844953202,-3.37582990348332
Q9Y570,-10.8886586827192,-8.17209733362844
Q9BT09,-5.94995767697762,-3.75501447121351
Q16512,-7.59212600280544,-2.35463957176302
P41208,-23.2534966642115,-6.57711346131585
P49902,-11.6212834391834,-8.09026479438293
Q14669,-23.2534966642115,-5.25363291053082
Q9NYH9,-6.3946955676792,-23.2534966642115
Q96SN8,-2.65097013789027,-0.20123950418598
Q9UK97,-3.08732714323545,-14.8721287265691
P78356,-12.8438293044022,-8.32179744049191
Q9BV35,-1.89435863213275,-2.66330321003828
Q6NUQ1,-23.2534966642115,-5.77582707574931
Q16538,-13.2196374333525,-4.47486697608949
Q14249,-13.7492882857386,-6.19639996583058
Q15006,-13.1455687823,-2.10485284809144
Q9GZR7,-12.4849915128807,-5.06880986692911
Q5VWQ0,-5.45610427080114,-4.15503736864843
Q53EL6,-20.4469815413718,-4.63159354754901
Q9UKY1,-0.83500923479609,-23.2534966642115
P36894,-23.2534966642115,-5.90218561493734
Q9H1P3,-11.7894684647521,-6.21061560735532
Q9UQB3,-11.4989432389493,-5.50178266449185
Q86WG3,-23.2534966642115,-7.32141415883511
Q9UQB8,-23.2534966642115,-5.45177179374889
Q9UGI6,5.67230093263816,4.89422567591894
Q9Y2J0,-4.03313803495874,-2.35950698876706
Q6NXR4,-1.38772418108785,-14.357392330366
Q9H000,-3.9666454989948,-11.517797370784
Q8N5Y2,-13.4846897605999,-6.46402139247408
P15586,-23.2534966642115,-6.62902046484751
P78345,0.817316170458056,-11.1631063084807
Q9UKC9,-23.2534966642115,-5.54930017397759
Q86UY6,-12.8471383937314,-6.86558482345712
Q9H2Y7,-11.5427529588229,-0.135733630844937
Q9Y6M1,-8.45707699436649,-6.72831022709131
P55345,-6.7001906498958,-13.4854092616198
Q5VT25,-14.0979787873375,-6.35085866915192
Q9NRL3,-23.2534966642115,-6.54841646193025
Q29RF7,-5.24524278136472,-4.01877811666738
Q5BJH7,-15.8253572512008,-5.06483498637278
Q75VX8,-13.4848045980409,-6.63399799942249
Q9GZS1,-13.1086919543668,-2.07906736459796
P42574,-8.89992877726265,-14.3746115733577
O00748,-0.534792025990613,-1.2787108214151
Q6PCB5,-6.71406414207415,-23.2534966642115
A2RRP1,-12.7339284055092,-6.37419570709884
P85037,-12.5261845181148,-3.36010181663135
Q6H8Q1,-17.3039473565218,-7.1750502789531
Q13796,-9.58015450277665,-0.0511332196931315
Q9BPX7,-1.71132760899252,-3.76830520045136
P37287,-11.5363726028112,-3.34898836186313
Q9BUL5,-12.3950610518124,-4.13221003522922
Q9BZF1,-23.2534966642115,-7.01746618378709
P42695,-2.95172566234421,-1.56004663387677
Q96Q07,-4.24097893549707,-3.42007889727141
Q8IUI8,-4.84515217060204,-23.2534966642115
Q8IZU2,-2.21766285791813,0.665197379494688
P26006,-2.53255144020175,-1.86747550184091
O15270,-23.2534966642115,-5.86338688164053
Q9UNP9,-23.2534966642115,-7.16864848327294
Q15800,-23.2534966642115,-8.89258205279015
Q8TAA9,-4.00216466621609,-4.62360053832518
Q13438,-5.03119154141179,-5.45935340209044
Q5JTV8,-6.15219666332094,-10.7529259266566
P52799,-7.17746158553419,-2.93692694278916
Q8N556,-3.3439788064259,-3.73942320470696
P09132,-5.89294545789679,-23.2534966642115
Q9H3T3,-23.2534966642115,-5.31805424794773
Q9UBU9,-13.0391149563229,-6.28843680029335
Q15042,-11.9024736154434,-6.74992367692394
Q86YW9,-0.842969349670332,-23.2534966642115
Q9UMY4,-5.31863396364384,-4.60092307082998
P22090,-5.91195530717224,-8.2194589406566
Q9BRP4,-13.123891146541,-4.36886630721877
Q8NEB9,-6.61336366009721,-11.3574382569322
O95772,-2.91280340770288,-5.74154128905117
Q8TAP6,0.524862277479515,1.17754004717295
Q92994,-15.2235837329968,-5.48873322359228
Q5T5C0,-18.3880230121078,-5.28498461624201
Q9BZ29,-4.60452204003289,-14.2988269218631
Q9NWQ8,-23.2534966642115,-4.971221001444
O43426,-23.2534966642115,-8.30245792726474
O15417,-12.182567342568,-2.82769796558396
Q9BV20,-5.56758722389858,-8.99068980467745
Q86YT6,-13.7795676663044,-3.87928551583945
Q9Y2E5,-14.9570516302171,-5.80612435500248
Q96QR8,-7.81689139465723E-05,-9.57658172804914
Q8N8A2,-10.436611969468,4.92215388003488E-05
Q7Z6I8,0.999952045937098,-7.16430359584697
O43913,-11.3223651256213,-3.67690025609689
Q9Y2G0,-7.20413609916655,-23.2534966642115
P61160,-23.2534966642115,-7.58966846765578
O75170,-15.4509607665681,-5.58798467302628
Q92979,-23.2534966642115,-6.06050029123926
Q7Z5K2,-11.218376085932,-5.10498037251508
Q9P2K2,-4.1578626328829,-2.62026595550371
O95602,-7.53357952582081,-5.56386233579772
Q9BX68,-23.2534966642115,-6.75061802393573
Q9UHB4,-2.62952096687104,-13.0117725031846
Q8N9V3,-23.2534966642115,-4.86445154885141
Q15034,-10.4136351585079,-1.87891769931139
Q7L523,-23.2534966642115,-5.63046681313722
P14174,-5.24108118614307,-4.27205860648204
Q8N1F7,-12.8112562018923,-7.39947559318324
P53677,-23.2534966642115,-6.4120191301185
Q9UJS0,-14.2558013788902,-7.25311809888154
Q96FV2,-12.1000073671096,-3.04213518115123
Q8IY17,-11.3304081169591,-4.87205997978535
Q4VCS5,-3.38211938297972,-17.3697227406149
P11940,-7.6954550145085,-6.33591629109371
P10746,-5.71699815491871,-4.16610277143788
Q8NBJ7,-7.97575838424942,-4.57310541005186
P63098,-3.48220327128914,-8.70907110145014
P49116,-13.2575767997763,-4.45203291894987
Q8WWH5,-12.3785798494201,-7.39975334587441
Q8N2K1,-4.11710408281981,-2.55804285660489
Q12996,-23.2534966642115,-6.91181151290168
Q6DKK2,-9.06861801865955,2.14112596412251
O60507,-17.3826020766211,-5.93184275367975
Q7L8J4,-12.6352640590626,-4.11860897331626
Q9Y320,-7.17823661294948,-3.77163060195583
O95816,-23.2534966642115,-5.41888206949574
O15379,-10.2859406531817,-5.620600740133
P14735,-23.2534966642115,-7.67571683229731
Q9H993,-4.27585683241206,-5.23156481091675
Q08999,-5.06031610437411,-3.30486571249942
Q9NRD5,-12.2845393256585,-6.12749222036483
Q9Y2R4,-23.2534966642115,-6.31073680673171
O75175,-23.2534966642115,-7.79000999855571
O00461,-5.11476901329741,-3.3363462131096
Q5JTZ9,-6.96059863254691,-5.40921683169591
P52758,-6.03121572346752,-23.2534966642115
Q8NI27,-23.2534966642115,-6.83636454235022
Q8NF37,-12.0794357935624,-7.18502033831832
O14880,-13.2061954765196,-7.25050814872991
P50579,-13.5367970299216,-5.16112190779301
Q9ULC4,-5.47006458167459,-7.04027283388977
Q92738,-23.2534966642115,-1.72455540077534
Q9H2H0,1.45703936706502,-23.2534966642115
Q9BXY0,-23.2534966642115,-1.32965325706931
Q15742,-4.51284843300147,-3.90045869402377
Q9UHY1,-14.3312386191754,-7.48670041487228
Q9P219,-2.81932496197841,-2.04019272772469
A6QL63,-6.57515734885212,-3.78958703749655
Q7Z6J9,-10.7167237866362,-0.810125730839532
Q70UQ0,-23.2534966642115,-4.66641859276598
P16383,-8.30786621260495,-5.13106773197715
Q9NYF5,-23.2534966642115,-4.22468661732629
Q9UHY7,-23.2534966642115,-8.74450739928792
Q6ZVL6,-5.35573356766828,-2.76174924543254
O14545,-2.03828511592455,-10.3781167884509
P51513,-19.1299272544082,-8.53245528947174
P13647,-3.82794500376184,-23.2534966642115
O15041,-12.4824033867811,-3.50103643251522
Q9Y5F7,-0.391806232832374,-0.921655841019724
Q86VN1,-6.55339738700283,-11.0402779173121
Q9BRQ0,-6.57362842144665,-3.38100806980745
C9J069,-5.24542081670142,-2.92056434548649
P17858,-12.1345525784447,-8.18253707222055
Q155Q3,-2.49815280082462,-1.98044275672087
Q8N9I0,-6.89622474951399,-4.13096464812705
Q14644,-11.0263764044397,-3.5719873259878
Q01167,-11.847707688745,-3.21277512341311
P35249,-16.103982165518,-5.26333459245411
Q86XX4,-13.3652485538888,-4.58881055624286
Q16222,-4.52420163139094,1.93726131049826
P42166,-3.38383091947021,-9.63576116923662
Q8N594,-5.35817987410844,-3.02108700698807
Q8WYQ9,-2.37494566652244,-3.03767994787632
P52788,-4.43492728690318,-5.39301359574011
Q9H5N1,-3.75798171811812,-1.30752045102478
O75061,-12.134529177878,-8.28040327994538
Q969H6,-1.21235572690855,-11.8532487885176
Q9P2B2,-12.1711015474443,-8.80812113302199
Q8N4L2,-4.04221828075726,-2.87131340290323
Q9NVQ4,-11.8405027124231,-5.10626530839427
P12955,-13.9556271961415,-5.43584291762896
Q9UPU7,-13.1702470399143,-3.89379536644814
Q8IU81,-13.3082539815683,-3.48701468586132
Q86SK9,-4.36601348857187,-3.79058448249962
Q8NEM7,-7.18392249994598,-2.56348062769018
Q9UN74,-9.64109515011666,-3.95591249453974
Q9HAS0,-5.20462972963545,-23.2534966642115
Q53T59,-23.2534966642115,-7.71427815145816
Q5VUB5,-4.06848651101742,-6.48237755507694
Q86WR0,-15.7897170669548,-6.59829552541069
Q6DKI1,-14.0456958118468,-7.57412573319354
P0DPB6,-4.81248601634404,-4.5424773148297
Q9P000,-4.53027418299832,-23.2534966642115
Q12907,-12.7874437830688,-6.49084768920922
Q07955,-12.9846621766007,-8.81797465204902
P29320,-13.585159002094,-4.89196236907545
P62879,-23.2534966642115,-6.32432592285042
P51817,-23.2534966642115,-1.49325917055776
Q13049,-12.1482888087851,-8.13109886612906
Q15386,-23.2534966642115,-6.83367165832202
Q9NV06,-20.9717627200794,-3.78740099521211
Q8NHQ9,-6.36377096629405,-23.2534966642115
Q9UFC0,-11.9096859946893,-7.57282503674048
Q6P1M0,-23.2534966642115,-7.67675821773996
P35568,-14.862259656989,-5.95531245887107
Q16774,-14.5006086434333,-5.98469982527565
O95834,-23.2534966642115,-4.45069568249206
O75794,-13.276354731076,-5.53283287161288
P48651,-6.34149657762408,-4.39712366293691
Q92529,-8.05972782128814,-3.43579613751896
Q8IZQ5,-6.74947254726311,-8.7126716289546
P78330,-23.2534966642115,-8.80210465039071
Q9BT67,-13.2062930348389,-5.5624677515979
Q8TB72,-23.2534966642115,-4.97948378722312
Q9NSB8,-3.81177306595212,-3.49638357167803
P41247,-2.18791592885429,-3.65843300553236
O75127,-23.2534966642115,-5.59427503318186
P46776,-11.4877235259999,-8.0217450815245
Q92905,-7.93624270442568,-5.79068845918192
P46940,-3.22766848639978,-5.84566574051065
P54762,-17.6423001518753,-7.58183499790708
Q96L34,-10.3332547667379,-4.47687078286077
Q63HK5,-3.71333689442749,-12.8682867504585
Q58A45,-3.00489844978771,-3.49181538607339
Q96BX8,-12.4024420613302,-6.25703974850582
Q7KZ85,-23.2534966642115,-6.5017116291303
Q7L311,-23.2534966642115,-5.70719331657964
Q9NQV5,-9.79453366337227,2.36869168395074
Q9Y4D2,-17.6103034189549,-4.37348955818027
O14979,-23.2534966642115,-7.70543119026875
O75592,-15.989261482676,-7.64064734481331
Q4G0J3,-5.65589827307608,-10.5727212691429
P04035,-11.0175109122936,-4.96825313502024
Q96SQ9,-2.0263549652538,-2.5135780112067
O76062,-12.770873815073,-1.14066902114269
O00499,-23.2534966642115,-8.42346909112325
Q16825,-1.43818884052745,-3.05938188310669
O00522,-2.04781840793593,-4.50466200803716
Q96GM5,-13.1207845988349,-7.85402723757241
Q6P996,-7.75633630179082,-16.2426388531131
Q8NG11,-5.84091627687949,-11.1153839640443
Q12967,-13.7370483793705,-4.48402052588325
P60520,-10.9845010834406,-2.54599035037635
O00267,-19.8238121894166,-5.35448502386164
Q96NW4,-4.50342749018229,-23.2534966642115
Q13057,-6.61163153398003,-5.3047294858386
Q99653,-10.1627200527932,-7.27239387627145
Q86TA1,-4.07497420450888,-9.84168262158716
Q6P4R8,-2.74275651041503,-10.830689156882
Q7L7X3,-6.51852782525228,-8.43856147555321
Q13002,-12.1017293635388,-1.91663506763713
Q13045,-12.9621101669968,-8.78952516237555
Q8WYA0,-1.3428397298263,-0.311950742700843
P49903,-15.2556956894046,-8.04096381749981
Q15814,-3.12330879942233,-4.61871189216035
Q5J8M3,-1.43019458097075,-1.88555507320598
Q96EL3,-23.2534966642115,-6.20366070261803
P11117,-14.1312589942459,-8.13406203867476
Q9Y2Q5,-9.41905231136673,-6.10334420366234
Q9NR46,-23.2534966642115,-8.89991395270702
Q15269,-10.7942041228775,-6.27819524840186
Q8TC07,-23.2534966642115,-6.13557551200022
Q14CW9,-3.79749377014151,-2.46192212904121
Q9NSI2,-15.2297312277108,-5.83802827688659
O15523,-23.2534966642115,-7.63366996120022
O15347,-13.4241801131891,-8.3138939425368
Q96BJ3,-6.29155766036943,-10.7055619762494
Q9Y3A6,-13.2593441600069,-4.76931081911374
Q9Y4K4,-23.2534966642115,-7.93839544688853
Q9NRZ7,-5.00222120127848,-3.49733951870014
Q9HCJ6,-6.87588721462339,-5.74115244452878
Q9NSY0,-6.79332949516533,-5.54782477828689
P20339,-5.54980444716291,-4.43273222217146
Q8WVM7,-13.6961304389976,-6.44896524692257
P19784,-13.335688730998,-6.15802958759841
Q8N5X7,-13.9382973838738,-7.50154785784566
Q9GZT8,-3.6318269441925,-4.90662811481892
Q5T440,-4.78896810597766,-23.2534966642115
A4D1E9,-11.177468569175,-3.12562318465184
Q8WXE9,-3.57932771885003,-11.7259270217063
Q9UL40,-5.42822728143018,-7.23990311866237
Q9H857,-11.5535616777078,-7.11975010067819
A4D1P6,-6.79398238432487,-5.09061043990919
P27544,-2.07301119954495,0.484709405452183
Q96Q04,-20.0571666829258,-7.38738017947053
O95372,-23.2534966642115,-7.39412308306227
Q8TDX7,-12.605890808172,-1.69239131697468
Q6PML9,-2.74286895989191,-3.45093733847351
Q9NVX7,-13.5315549660584,-6.17461208839264
Q9Y6Q9,-5.50055486138285,-3.68934446538865
Q9NUQ2,-4.93769123522382,-4.71740719503746
O60568,-11.1231763422707,-6.53815296746728
Q8TB52,-4.27148258881535,-3.55752333237424
O15126,-12.0982620278163,-6.29732260018958
Q8N4P2,-11.8982382331308,-4.34520665775782
O75643,-14.3074643667499,-7.36594536911234
Q9P107,-5.35229383631059,-4.63484862424109
Q7L5Y6,-3.06713988880634,-12.2998272129826
P15907,-12.7196408051637,-4.73381463689871
Q14980,-15.2468288542273,-6.38206439845065
Q9Y3C1,-10.0979762479258,-4.24233722018225
Q93096,-4.70397581152244,-12.9253394649419
Q16740,-7.36474621017867,-6.22435242462342
Q99549,-12.4626726244118,-4.30582978877003
Q8N7H5,-7.73251462314989,-13.3272798584963
Q9Y2S2,-4.78476307255203,-3.50640321645463
Q8TF46,-10.2228955144595,-6.58180473122374
Q9BZI7,-13.005042990627,-6.53394463350952
Q96KG9,-12.071578092332,-7.91716572833278
Q9UPS6,-13.2991887925139,-5.68415537516125
Q7Z3T8,-2.74046004814212,-3.3869331584909
P29590,-12.0491229561159,-3.23461848800076
Q676U5,-6.53654620236031,-4.753742764635
Q9BUN8,-6.68862900406778,-5.89212693174233
Q9H0D6,-13.9574045902575,-8.00170239898666
Q9NR80,-13.0774576534837,-4.6165720955702
O15530,0.452021296668203,-2.74881452678359
O14994,-3.10446165856488,-2.12677357626805
Q96PE2,-12.2730034319445,-4.28229554349122
Q15375,-6.71447112532209,-3.59619794919611
P46527,-11.0403312838898,-5.54505355486361
Q71F56,-12.8907258990402,-5.42252220087219
O00217,-23.2534966642115,-8.65515285710209
Q01118,-2.65262650943251,-3.76989296421322
Q9H2F5,-2.78482829005742,-2.18787271598007
Q13472,-3.16795100865924,-4.31761861459991
O43314,-7.93792293437806,-6.3829945790193
O00750,-23.2534966642115,-8.52100364817156
Q96EK6,-4.22624557842723,-23.2534966642115
Q12872,-11.6593581639836,-5.57679144370287
O00273,-23.2534966642115,-6.3201336275976
Q9HB21,-7.62190083905102,-5.65334896956296
Q9NSC5,-16.7402066138881,-7.65170529890776
O60292,-3.93251273180329,-13.3430899285884
Q9Y546,-11.6284206148918,-3.69135989628623
Q9ULK0,-3.11607816749152,-2.69891736343084
Q13191,-13.2437889713406,-7.49778546411071
Q12809,-23.2534966642115,-6.66228103617528
Q8IWS0,-6.25481023861428,-4.02398410517002
Q9BPY3,-3.46566541296718,-23.2534966642115
Q5JTJ3,0.357124542984733,-1.30886804109725
Q05655,-2.38477322585751,-1.46585890693696
Q8IYB8,-8.50334353054332,-6.31801503421835
Q08945,-13.4179668293238,-7.48374040113672
P53667,-19.3540444936468,-6.01730797839093
Q13394,-11.333297034346,-5.2997698179909
O95628,-12.5620948436962,-5.15460389895105
P31629,-12.1542229408695,-3.4091802779945
Q01804,-1.43380996678488,-1.09432364002155
Q9ULB1,-13.0130300017674,-5.34340072460783
P60660,-5.99059706213232,-5.63771651166888
Q86YJ7,-1.60167557204761,-4.37668464342617
Q8N9I9,-7.67386013571083,-4.1861487860557
O00329,-23.2534966642115,-5.90335977681456
O43752,-7.46256215372147,-10.1784042543531
P84085,-23.2534966642115,-8.76089894737176
Q14964,-5.09028489617661,-5.71865956060704
Q96EQ0,-5.96150529785402,-4.73975572870951
Q12972,-6.23108063745007,-3.74784464662856
P43250,-23.2534966642115,-7.72827247285467
Q9NSY1,-3.24782964998079,-2.3445251336606
Q9C0B0,-9.62030593664963,-6.34784659781731
Q9P0U3,-1.76568624627065,-2.83254242034601
Q86XK2,-3.06526818060567,-15.098353326043
Q8NBJ4,-7.01096758446442,-4.58006929024898
Q8IY18,-4.89472220391962,-7.03015032052778
Q13585,-23.2534966642115,-5.78531142131963
O43670,-6.32589026166334,-4.91913274787799
O94818,-11.920656100438,-2.0737958105043
O75525,-9.35291018404804,-6.66665335360127
Q2TAY7,-23.2534966642115,-7.77631383401743
Q92564,-0.310949742274877,0.336781742128587
P23396,-8.13243803689728,-6.9011865913569
Q8IXB1,-23.2534966642115,-6.77943478977405
Q13724,-14.0454890814612,-8.62433111595451
O60293,-4.45233786447904,-2.56403903603416
Q68DK2,-2.89222996044496,-4.58224902084057
Q8N5N7,-15.2390329833517,-4.68852094501207
Q9BTY7,-4.08270852630923,0.49273489862696
P34947,-4.2970845924311,-7.51624841797197
Q9NZ56,-10.7873495540314,-6.74636511934278
Q9UHN1,-7.66439987835683,-6.21833329041571
Q8ND76,-14.6730393646735,-8.25506652241656
P56937,-3.22367017273358,-4.18884545187123
Q9UG56,-4.07951587370769,-3.49342046807696
Q8IWZ8,-23.2534966642115,-7.71469104234098
Q70CQ4,-6.51555164414964,-9.98407050297568
Q9Y365,-6.50541885225554,-5.33018183815558
Q9NPQ8,-1.30213784893536,-0.577778000271484
P08582,-5.14213778984697,-12.8391653915349
O00255,-13.4052448405061,-7.77872215966016
Q9Y4K3,-8.87552902603734,-23.2534966642115
Q9BQ16,-2.15772287353456,-3.04898695263326
Q15788,-7.1019398770913,-5.16975773892712
Q15785,-23.2534966642115,-6.79772248642123
O43829,-18.3821517647596,-3.95305820724636
Q9UGM6,-11.2391117334544,-4.10466179116795
Q9Y3B8,-8.14731550800082,-6.97464058487577
Q9NX05,-1.19923367130773,-1.26094950515382
Q6ULP2,-11.7179917920034,-3.57879219931244
P09012,-9.43077350244811,-7.6334477855334
P41240,-13.3281293685612,-7.50059683023977
O95071,-13.3163479596487,-6.4285514246417
Q9H2U2,-7.62483458504351,-11.211040324511
Q8IX30,-11.7344247828483,-2.32738528316673
Q9P0J1,-7.51929580941512,-5.93247632745135
Q6RFH5,-23.2534966642115,-6.90372125333218
O43823,-4.85881581243557,-3.76713393012575
P61758,-8.70269818256799,-9.76849828148831
Q9NVV4,-3.47740653312062,-2.30136559340281
Q9NZC3,-5.73968319568757,-6.69829628327786
Q9Y2D5,-13.7185308727867,-7.15853134649587
Q7Z698,-23.2534966642115,-8.65735053484785
O00505,-3.45269037265572,-3.03115390587699
P23193,-13.2672518447387,-4.25516399449545
Q16585,-11.9861177335164,-5.47175874614547
Q8TBC4,-4.703918431791,-5.94389075184618
Q12980,-3.7582953304577,-3.95350675483817
Q13283,-19.3047897960628,-7.6340020660175
P05387,-0.730757059320098,-0.229527162792771
Q8N0V4,-6.24872606947791,-5.33524065367251
P78318,-9.61236111366181,-5.10389210222137
Q92618,-12.9774393592553,-4.92264749986261
Q12788,-23.2534966642115,-8.85547799405088
Q6P4A7,-4.78953235542377,-3.33198306204273
P34059,-23.2534966642115,-7.15788366433704
Q00535,-15.1054167490573,-8.57245269678939
Q13424,-0.280580875511163,-1.1532573518855
Q9BZG1,-1.10964950048308,-1.60160642359337
O95622,-16.1719584719377,-6.75108952557765
O60524,-14.0347775544652,-8.35111965044874
Q7L4I2,-7.31860844136935,-3.45944923877582
Q9UMX1,-8.76336698333554,-4.28114021984836
P00352,-23.2534966642115,-3.026084827287
P35052,-13.8715498961401,-6.43964075374848
Q7Z3B1,-23.2534966642115,-8.8460170050674
Q16842,-7.24758311849042,-6.26024608222315
Q14416,-7.21147677494756,-11.7197512087035
Q9Y217,-20.69990062861,-6.8779531277848
Q96QC0,-8.36800497091473,-13.027130395004
Q9UPN7,-7.1610249552762,-10.631369328442
Q9NVM4,-7.13368630377922,-4.94719553245653
Q96ER3,-2.65600691289948,-11.0091743991586
Q9Y696,-4.45951031662049,-13.5876294492924
Q92630,-2.5481260775608,-23.2534966642115
Q9UGN5,-5.04555089460663,-3.41205238544968
Q6PJG6,-23.2534966642115,-3.80849583258468
Q5VTR2,-23.2534966642115,-6.69076220643307
Q9ULD5,-11.4195622463056,-2.6839724385803
Q9HCE5,-2.95549735712003,-4.89149834301215
Q6Y2X3,-23.2534966642115,-1.85330318573554
Q6PD74,-15.0754725321414,-7.89773012331014
Q86W92,-10.9985531870137,-1.33867377968386
Q9NVR5,-4.38374446289275,-3.44198337291186
Q9UM13,-3.99640077668721,-3.53170831838966
Q2TAL8,-6.27268070472429,-2.58433116737032
Q969R5,-2.01609564887397,-1.07806953216688
Q8N4S0,-4.30551260757128,-9.64482338977309
P15260,-6.16275728624939,-4.95767047916273
P55265,-15.9899894363818,-8.69376205550466
Q6PKG0,-13.888972144042,-7.51167541290062
Q8ND90,-12.5669047797344,-2.56104025927405
P35611,-13.960348243868,-7.7129718941299
Q8TEQ6,-11.567835803405,-7.80620547959058
O75943,-12.2270641085398,-4.53168850891433
Q9NWT6,-2.93203397239628,-1.92546531039215
Q9NRR5,-6.79477670776989,-4.10328355500513
O60318,-12.995000799136,-7.13193314082922
A6H8Y1,-3.73693430916568,-14.7113228058839
P15735,-3.87400643244224,-1.39527175699906
Q9NRR6,-2.5507530544943,-2.26949017890499
Q6P3S6,-8.62624084383407,-4.77209816886094
Q9HBW1,1.52395120218583,1.81922449115081
Q96KA5,-23.2534966642115,-6.67226604247918
P51157,-4.97625491644008,-6.24366173210919
Q14914,-23.2534966642115,-7.76951306703958
Q969K3,-5.24213427079989,-3.95545593160564
Q3ZCQ8,-23.2534966642115,-5.19259551881538
Q7L8C5,-13.9556999378151,-3.47683652931811
Q9BRS2,-3.51963702158589,-12.0037244446468
Q9Y5T5,-13.123086589541,-3.64281630334869
O95861,-18.2851818524726,-8.2608077134353
Q9H5Z1,-5.88168257304849,-14.0652154730543
P62993,-23.2534966642115,-7.9515187719195
Q9Y462,-12.7718338041489,-6.16138907601293
Q9HCP0,-0.139657966764048,-1.58750552311405
Q9P2F8,-15.6990580611565,-7.43504508672779
Q8WVF1,-0.351721586867003,-5.38882044393074
Q92925,-10.1382039858755,-4.56944814766636
Q9H4B0,-1.79661937940326,-1.28606059978456
Q14149,-10.9989429273172,-4.83530253267605
Q8TCA0,-15.6884919264412,-6.45657083481949
Q12770,-13.2889069814743,-6.46275055898621
Q9NP92,-6.67991126070332,-11.6789792074693
P09455,-23.2534966642115,-8.634325112702
O94992,-4.62352009096113,-3.32802956592519
P50897,-7.76843599325941,-4.20637745762279
O95819,-13.0984170980519,-8.06690245658437
Q9UQ26,-6.20756607060863,-13.265222207678
Q6ZMI0,-14.4196626389282,-7.87922682909793
Q9P270,-7.982742088348,-4.46189022760533
P45954,-9.51689702364025,-6.59702243633502
Q9Y2S7,-10.6263279253818,-7.11110900070297
Q04760,-2.50108727344581,-3.31370306052798
Q9BQ70,-23.2534966642115,-8.86733648784346
Q96JJ7,-4.39576261760686,-6.86452625830919
Q96C12,-6.451641837518,-11.3548943055542
Q96NL0,-5.48665067067586,-23.2534966642115
Q6UWP2,-7.09023199011035,-4.78028781826971
P09661,-6.86417110031282,-6.11464791516007
O94763,-4.27953022828527,-3.52967567099153
Q92932,-3.60691184285818,-13.1517857470443
P07948,-0.588749793733797,-1.92615059814245
Q9P2R6,-23.2534966642115,-6.69198726690901
Q14865,-2.64603249412531,-1.84427705590109
O75431,-9.04356533928527,-4.28716575169421
Q9NW75,0.70331589037983,1.17043520028963
Q8WYB5,-6.0460131893198,-12.6411746156276
Q969P0,-12.7263770417749,-5.72627004601977
P62857,-3.64112663826652,-2.57685332639965
Q6NT76,-10.9589193949294,-3.47150534264409
Q99504,-11.6035261195573,-3.11060174388375
Q8IWA4,-15.1451341627547,-7.01229427317647
P49441,-13.5856597154907,-7.23018450816589
P09497,-3.22496510013597,-11.3694930720094
Q92888,-5.00075434453903,-11.1621926081063
Q96SZ6,-3.24035592630075,-3.53751892873773
O94888,-23.2534966642115,-7.58568988511869
Q9BVG9,-16.365769881604,-7.53870908200364
Q9Y5W9,-16.4508820515559,-6.31614455346142
Q5TC82,-3.23182605678838,-2.62203842350041
Q9H6T3,-6.7473968361389,-5.09238780530265
Q9Y3B3,-5.57623096438502,-23.2534966642115
P62263,-11.108787366114,-7.47104433100688
O60503,-6.81696344395287,-5.87979873807242
O95948,-23.2534966642115,-3.93940008220771
P19447,-4.82614189787882,-3.44100140697385
Q8N5Y8,-3.76367122771556,-4.17805819630718
Q9HCD5,-15.8265303307039,-8.89934653322332
Q9NP90,-4.82014698685327,-3.3794833176878
P17029,-23.2534966642115,-6.80796260218195
Q9BTU6,-14.3643412025769,-6.58279117522668
Q8WUX9,-23.2534966642115,-7.45011569650738
A6NE02,-11.6846422905356,-6.95848621614345
Q9BQ89,-15.3159236640458,-5.04737130474696
Q76NI1,-23.2534966642115,-6.66330966512689
Q96C19,-6.81212136961266,-8.05802420075638
O95881,-2.997471211552,-2.6459938281337
Q4ZIN3,-14.9565689109352,-5.13032805234281
Q16864,-7.96322906594742,-18.1532956427156
Q96RE7,-23.2534966642115,-7.63587408116568
O15297,-5.07924242110306,-3.07804063017875
O76080,-4.08655773966862,-23.2534966642115
O94805,-23.2534966642115,-7.29147353952569
Q6UW02,-1.91245565272523,-2.45827432569423
Q96JK2,-12.9598912896235,-6.3361880566123
Q13564,-5.61466859464041,-6.40749938015225
Q16629,-5.49432146110247,-4.67185015165524
P53701,-12.9255300201549,-6.48561515015056
Q9BW61,-4.09149976298617,-4.20314951694772
Q13158,-2.87437866795328,-3.29606060197464
A6NK58,-10.5422009512698,-3.19938409394789
O15016,-3.1027733235606,-12.1599901731835
Q9Y3T9,-9.93572987655995,-4.61154549626588
Q16854,-2.20379804994497,-5.94314346397706
Q13595,-3.67950810205863,-6.31235912839368
Q7Z4G1,-9.01954378432996,-4.19606204181232
Q99836,-16.039828361184,1.30625032523969
Q9H977,-5.12974465133541,-3.81469950674168
O14594,-3.02420126465038,-8.7302304982169
O75129,-13.5532356802083,-8.48508777543512
Q5VV42,-14.2933145385922,-7.46141641404708
Q8NDH6,-12.6876525076329,-6.50436220409954
P84098,-4.39681797667637,-7.11798315326067
Q13243,-5.82491513655744,-7.32821779411255
Q15018,-6.70287990089037,-5.25987385061665
Q6UUV9,-5.68682050061654,-4.85980137449732
O15066,-3.05555172741252,-2.33062367434234
Q9UHW9,-7.22434441395999,-23.2534966642115
A2RU67,-1.79815288990404,-13.2740215095512
Q86XS8,-2.94956745703271,-2.31720632404076
Q68DU8,-4.37075022144,-3.77930355044662
P98175,-12.6457305790254,-7.51376342764198
O43674,-14.4707878185787,-5.29429173808044
P40855,-4.50956413993719,-3.55396532105406
Q8IVL0,-12.9636682865071,-8.20076029339865
P51571,-12.9398489863317,-8.64237693918905
Q96EY1,-11.9370664895952,-6.91443543275003
P53582,-8.49358273793384,-12.8353713034224
Q15311,-6.26414395955469,-3.53867450551964
P30049,-8.24479772594815,-5.12041181406455
Q96JJ3,-3.19110422637886,-2.94521647957249
Q96HU1,-6.1269389743461,-13.6340990419223
Q92953,-5.25229252216765,-4.51528312976213
Q8TDI0,-9.92686047400814,-5.03460978794735
Q9UPN4,-13.2096960930817,-6.04272468713259
P98174,-11.5392408020641,-5.93986859614049
Q8NFH8,-11.6765360071306,-2.42088950712246
Q9BYN8,-4.5864143399686,-3.25507330051674
Q8N474,-2.86249613182432,-2.0433060489102
Q9UK39,-7.28998089392497,-23.2534966642115
P17655,-1.84562400451205,-3.9972454400942
Q16281,-2.86651036944411,-9.80623478347333
Q8IVL1,-13.041709636661,-6.83174843254913
Q86Y37,-12.8228878453494,-3.58215011850875
Q15545,-12.008799873463,-1.60726954301216
Q9H8E8,-1.06284624153845,-1.83680306276419
Q5MIZ7,-14.8836150142152,-4.34838250304731
Q7Z6K5,-5.85284446653686,-7.15783961991445
Q9C0D6,-0.849862445537083,-0.282723066339794
Q12772,-2.63281983985459,-1.99154841318371
O14653,-3.79289738134681,-8.22848373056314
Q99447,-4.92616610846359,-3.9766036525314
P08574,-3.06994955591536,-1.76927194733308
Q8WUA2,-9.17950106149158,-8.2555469074154
P48634,-11.3042350169253,-7.77170158922999
P49247,-3.37714909973824,-2.64556021938238
Q01650,-10.5484440447639,-4.19408912542908
Q05BQ5,-23.2534966642115,-7.83779349724467
Q9NPA0,-3.31571754963383,-6.18587264966434
Q96K17,-4.38145466506767,-6.19175536434119
Q9Y3B2,-6.38455545298304,-14.8976622798441
Q1L5Z9,-12.598343896479,-5.29076696721474
Q8WXI9,-3.11984614891968,-3.8848449484668
Q9UHQ1,-2.92356116047051,-1.85682833082726
Q6P995,-12.6577338329996,-7.68347482516422
O75787,-4.79738730068439,-5.93720624124949
P42898,-4.45910083845052,-3.70066533562147
Q86UT6,-1.20717332480746,-1.94357250149605
Q4L235,-2.60617212875513,-12.2084507609702
Q9BPX5,-5.27129542000281,-5.46023025743629
Q75N03,-2.42265555506827,-2.02483471191993
P52298,0.356061620337655,0.793982466558595
Q8IV38,-5.75589114568468,-4.96247045607448
Q6PK18,-2.53037707008332,-2.07573725089054
O94813,-23.2534966642115,-7.38071809810806
Q9BRX2,-7.47330369307146,-5.60888643398873
Q9P2R7,-6.46121267352369,-6.90386468779163
Q05D32,-3.03333739599626,-1.86241537408031
O75970,-13.7645424305191,-3.61623418526592
P49593,-8.15961442820605,-5.32198646656087
O14544,-3.21461785776796,-4.28450624719206
Q02790,-10.8833539076298,-8.4460443929992
P57768,-3.53376551655387,-2.90012863832057
P55957,-4.89218131188042,-3.58318510309163
A8K855,-4.45428419742608,-6.78845833670514
Q92520,-15.1142604094628,-7.25828389791915
Q96D46,-23.2534966642115,-8.68478036148514
Q96RR1,0.569336127969452,-0.451384278625515
Q9H777,-8.34732837100065,-3.81421098766653
P42285,-10.3305927653194,-8.60418351713776
Q9Y6E0,-14.5237359284132,-6.82612379203134
Q8N157,0.724505648547702,0.201949738083253
Q9GZQ3,-8.87878693936076,-6.66971921416957
P46977,-8.77780581798165,-11.5623125858724
Q14165,-23.2534966642115,-7.94355486046472
Q9UHX1,-23.2534966642115,-8.80597205985365
P57105,-13.2648591260469,-5.72986129812361
Q9HAR2,-23.2534966642115,-7.56739191801336
Q9H488,-11.5676155885895,-6.39274068557555
Q4ADV7,-1.60230575286719,-5.07645985255326
A6NHL2,-23.2534966642115,-6.44128785051013
P17252,-13.6312333300183,-8.6411218217039
O00507,-1.97376860064628,-0.695185440609847
Q96IV0,-23.2534966642115,-7.19906360912385
O94887,-1.02709173541042,1.24866331875359
O95864,-5.67933008378797,-4.80398812562022
O75077,-10.5723338600721,-3.67869161386483
Q96PY6,-9.04805255068161,-5.05963322254146
O94864,-12.7128974074932,-8.11949199512171
O43719,-12.9986861330453,-8.41932071887934
Q9Y692,-0.340810512837966,0.0344151978671584
P40937,-8.14997903389576,-7.34409237537249
Q8N0U4,-4.00676991556782,-2.10088575339471
Q9Y2K9,-11.4332746800478,-4.48877681009183
Q13445,-1.19224233100224,-2.1081169486838
Q7Z5L2,-3.30842126018567,-10.8460812289912
Q16513,-14.4146218476914,-6.51209082874881
Q5GH73,-5.71317906888117,-5.34647611346004
O94819,-8.02522032776533,-10.8344406261599
Q6PUV4,-8.36713170590222,-8.65972369125721
P07205,1.80693488373002,1.19266564245434
Q7Z7M0,-11.76327430455,-6.21974929496815
Q86UN2,-0.244039451394578,-1.16446624253242
O75663,-8.83079375090744,-12.2833701592882
Q9NRH2,-3.40114345574563,-2.73945538621185
Q92610,-5.2877143520647,-3.31013003744266
Q9UBK9,-3.24276726686506,-3.97077003199429
Q9Y6B6,-7.6010626116346,-13.4940009599508
O95198,-7.31560750762953,-3.79353251854456
Q7Z3E2,-5.9541384545231,-8.33029448721272
Q6STE5,2.21594065635791,2.62161515265681
P27694,-9.39450703985877,-7.35990178437607
P05089,-5.86139610077527,-14.9804073789881
Q8N8N7,-13.7850441491106,-7.58496414757823
Q14444,-16.5351426605161,-8.03423516239719
Q9H3T2,-1.90129914287145,-2.27230014342489
Q96FZ7,-7.21834020195248,-8.19362576669799
P29353,-6.43354973508847,-23.2534966642115
O43772,2.10678863037048,1.23258207620741
P26992,-23.2534966642115,-8.985488571312
Q969S3,-5.64156117844375,-4.44914980380572
Q9UG01,-2.47591384388478,-3.10203620564122
Q8IZD4,-12.1611332389477,-4.96576952973333
Q96S94,-1.77625695655386,-2.69334791551512
Q86X02,-4.24894606074384,-3.14235180734709
P31152,-1.73082043801307,-1.53631141558691
Q86WK6,-4.1972612077701,-12.1319114281686
Q9NX74,-8.75115611964131,-3.09144440298501
Q0VDG4,-13.7968907965661,-8.09102435704817
Q9H089,-0.481498834415796,-1.49127753101102
Q9ULV3,-23.2534966642115,-8.17079663213546
O43581,-4.8103732894381,-3.97498410549102
P06396,-10.4488223929206,-5.72889656500647
P17041,-1.73487991145159,-9.17998341923499
Q14457,-3.66407054053329,-2.60895975062684
P55795,-23.2534966642115,-8.70473326893831
Q08380,-4.20321220895831,-23.2534966642115
Q9UJ83,-3.04890333100897,-4.85488752105032
P06865,-7.34114439257971,-7.01086091701945
Q9NU19,-7.19926177246995,-3.56764066294774
Q8WUH2,-6.09568788050273,-9.13016107623145
O43660,-14.6013479267152,-8.92130060913295
Q9UL46,-9.61876153994306,-8.8686861189629
Q7Z6L1,-11.5913205588899,-8.35324699837647
Q7Z7H8,-4.22414478529441E-07,-4.78967986845566
O15164,-4.24541185437038,-3.67292414171834
P35475,-4.17065171331432,-4.70272716642759
P63313,-8.0129737475375,-7.50161543696335
Q96LT9,-12.0984925189318,-7.35757103623212
Q9BR76,-7.90385865491746,-7.19820453982636
O14828,-4.49675485055371,-5.06424151346105
Q8N357,-2.00603028571923,-2.20438079228078
Q9BQT9,-5.58333253325229,-4.71287350597223
Q96MG8,-4.68476677521747,-3.34618934003297
P43378,-4.16420451221677,-3.74980345844349
Q7Z6L0,-14.5748029260278,-7.93212130344501
Q8N335,-5.55203975300947,-6.71151469389427
Q86TB9,-11.7001578101089,-6.94768342571531
P16591,-10.7474887425307,-8.80029614833042
Q14257,-8.16591201087002,-8.56224496808993
Q13491,-14.4695183644386,-7.74321318172529
P62847,-6.30541878884382,-5.83408562183536
Q9UK73,-13.2493972317409,-1.44296629063702
Q08828,-23.2534966642115,-3.54184279765616
Q13303,-23.2534966642115,-7.441959435661
Q96PV0,-6.05199630483884,-5.51716942739871
Q96P53,-6.29254392270119,-4.54226608395779
P22570,-11.9509600189039,-8.92223274232718
Q7Z7A3,-4.33930481837125,-5.01133955921676
Q76N89,-5.15158291212519,-5.79287721179518
Q13535,-4.86186762067679,-4.13642584429927
Q15542,-1.0705300487124,-1.35994415867452
Q9NWS0,-1.65176251175371,-2.24260998936979
P00966,-7.58193542512179,-14.3751347158531
Q3ZCW2,-12.6731640059264,-7.94214997067099
Q9NW13,-23.2534966642115,-8.85163082443372
Q9UH62,-11.7324917570809,-8.98066489395053
Q9NVM6,-4.30687087787503,-11.2835050567239
L0R819,-5.60409444334708,-11.6798316855833
Q7RTV0,-10.8872261252063,-6.79157982960421
Q99608,-12.1665148207503,-5.65014708200821
Q8N8R3,-4.18620791819009,-23.2534966642115
Q16827,-8.58932210529382,-14.4871072997304
Q9BXJ8,-1.90459492876291,-10.8897142373185
Q9NQ69,-11.300646901841,-5.15753894106411
O43556,-3.72323785034464,-4.19848283634175
Q8NDN9,-13.0529444899527,-5.40476766578596
P51511,-3.06559904088797,-2.23501171547812
O43464,-14.1828701733103,-3.46077240938457
Q9Y3T6,-5.40846709474773,-4.1218528697064
Q9Y2M5,-12.9148760701563,-8.90923988203006
Q8N9B5,-3.32633102302526,-3.75764693872673
Q9H553,-6.65960563399319,-6.44789723912524
P48380,-2.90438980710799,-3.03541490775986
P82909,-7.95359242640297,-4.96443983249903
O75351,-8.23628007058514,-14.968432632563
O60315,-23.2534966642115,-6.61028470961211
Q5JR59,-8.72815297458574,-11.1103059419257
Q9NZN3,-6.33671689009584,-8.19168160668584
Q9UQM7,-8.45460846636926,-9.31343590256404
A9UHW6,-3.43731906789416,-3.26866637674443
Q9UF56,-2.7026541123275,-2.88838196203453
Q9UIJ7,-7.05065544982967,-6.70870736397706
Q9NZC9,-4.11049900333068,-3.59542296254076
P56182,-23.2534966642115,-7.23573849893889
Q9BRR8,-5.08692937710029,-5.73920397478791
Q16877,-4.1549743773822,-3.71264177619597
O43818,-8.58704457286115,-10.2481693700038
P54253,-14.5734233144933,-8.8028067308439
Q8N961,-1.03094863145064,-0.655767064544551
Q92784,-14.2188765455339,-8.36788540832122
Q10713,-4.86417494223723,-5.08448381234938
Q9UL68,-4.00308482639986,-5.28600354514439
P54652,-1.73922158892717,-2.39457203856747
O75676,-6.41434640375501,-9.08261998209782
O94804,-1.01849547482476,-0.413520919539084
Q9P1Z2,-7.93346130008943,-6.18277117104356
P56537,-4.78392480956532,-4.32652775135884
Q6N043,-14.0374161999439,-8.26809838757136
Q96BT7,-3.55465548121335,-3.85570853566353
P78364,-11.2076135969052,-4.51529540976758
Q9H2S9,-3.03250777924404,-3.23165492898312
Q7Z7L9,-2.91550591853005,-1.97423969855828
Q9Y6M4,-4.48654276562443,-5.67890558474603
Q02410,-7.59797929058533,-23.2534966642115
Q9H4G4,-3.21957711767128,-14.8151764427582
P51798,1.63855271247305,4.53880449555729
O60493,-7.61245100506103,-8.60649075589069
A6NKD9,-14.0959294081631,-8.00131417700424
Q08623,-4.4538109616556,-4.15873956605075
Q9BVS5,-12.6493444694976,-8.27965130749306
Q96DH6,-9.37790545335865,-8.8362883788783
Q9UBU6,-13.6755723506747,-8.94131253586328
Q96GA7,-7.98480946126284,-23.2534966642115
Q96PN7,-1.35825476599794,-1.8853024849276
Q96SM3,-12.4969352498166,-2.29058880383536
P52630,-12.791121348015,-3.9750441146377
Q8WX77,-5.5141480624771,-5.15379271298844
P05141,-5.30167485721823,-7.53313027171412
Q15366,-7.85093897112663,-8.55455957328789
Q01064,-11.5051340290417,-5.16418480941675
Q9UBM7,-3.69969913281107,-3.35861403151022
Q96FC7,-5.90608058528328,-6.40946178911304
Q96MX6,-3.61626038150287,-3.65853970282562
Q8IVH8,-4.28585902719718,-4.38137929824319
Q15024,-8.74858492068428,-23.2534966642115
Q9Y2U8,-17.0966335605631,-4.9946856251794
Q5EB52,-11.9304873774928,-3.29448049654018
Q9Y2Q3,-3.69604444867256,-3.34260168698063
Q9BSL1,-7.64540490645004,-23.2534966642115
Q96CX6,-23.2534966642115,-2.70958634038471
O60613,-0.985784855004396,-0.996705264354235
Q9NRR4,-4.85542673071927,-13.4957969882766
O00541,-4.5719585220458,-4.87587649680739
O14908,-5.99079453836108,-5.70142093436191
Q96AC1,-4.62008579657752,-4.23008823854588
O95470,-10.961863290844,-6.3272225540188
Q8N5M1,-9.81714037479408,-8.86978660038923
P48067,-4.79053108261293,-4.36567947292388
Q9Y4E5,-11.00253273427,-4.01418398786282
Q9H7P9,-19.9229276312187,-8.32680100417269
Q9UJC3,-23.2534966642115,-4.79323233181424
Q96CM8,-13.5275985764082,-5.03984212740038
Q16342,-6.90848719820057,-11.1200842218058
Q5MNZ6,-6.08895492799965,-5.75645790499035
P04424,-15.3194625330975,-4.59664736288967
P49759,-2.11554980626718,-2.52378950023736
Q9BVG8,-3.62102030688209,-2.90767850830084
Q9BZJ0,-6.92538626880687,-6.60130557652969
P62330,-12.49210654386,-7.51853700275395
Q76I76,-4.91227657325897,-4.86880760339528
Q99816,-4.53262157400207,-4.69926574689607
O75792,-2.63330922574446,-10.9631388161629
Q9NWT1,-2.18398229928568,-2.06378704445063
Q9H5U6,-1.37023530316998,-2.12571486796406
Q9NZV8,-2.55209524373113,-3.15561937782847
Q9BZG8,-0.495132494297861,-0.671925620356366
Q9BYG5,-4.20985221254415,-4.69867197329071
Q9P2F5,-5.14082137210133,-3.03999274895652
Q9Y371,-13.8641662803006,-4.90698681127907
Q68D10,-4.34418023352109,-3.7540395836699
P51570,-3.17095350026621,-3.29554615896075
P06213,-10.6074367674068,-5.61391637142386
Q8WVM0,-7.04812471859095,-11.6108046326106
Q8TCF1,-3.82626998608086,-4.7307342553612
Q99436,-1.36967680512343,-0.966490787242602
P28288,-7.12593833734788,-4.96003518156065
O76041,-4.33074457184495,-3.72447590128123
Q9NVR2,-9.78976736015246,-4.03357998362837
Q8N8U2,-6.20499727770526,-14.368444109489
Q7Z553,-13.304153634171,-3.1167214766624
Q6ZU65,-4.33111553641178,-3.90173725536321
Q6P4I2,-6.22510558837423,-13.7313118721331
Q9NPG1,-14.3916594424166,-3.94516507217864
P31327,-4.36502418483651,-3.73935940440465
O76024,-5.4136287384086,-4.45833345757998
O43159,-6.45760727234304,-6.10645319655074
Q9H3H3,-4.16184972958727,-4.29239641850989
Q8NFH3,-5.8494257092844,-5.68932873220978
Q9Y6H5,-5.29753596658233,-15.9258008787347
Q8WVZ9,-5.39968645788099,-4.96608909389322
Q4KMQ1,-1.80126039107896,-1.48100263841555
Q8TE04,-7.3823437680815,-4.53669062964618
Q13485,-8.51764069027741,-10.4918816010404
Q7Z6G3,-5.96252043422668,-5.52142166043273
P05388,-13.5477062098212,-8.45258439401833
Q92824,-2.38354916978304,-2.60792353625161
Q96KS9,-9.57007561252638,-5.07785754525223
Q02083,-4.20692355888266,-23.2534966642115
Q8N6N3,-12.2329851581944,-6.85081469396102
Q96HN2,-14.3106552077214,-6.59036427603199
O60563,-3.16379994338306,-3.87713936218135
O75317,-1.58654271644956,-1.63216080316177
Q96LT4,-4.55760554059848,-4.69925897998165
O14772,-4.04825595485666,-4.26466270818034
Q9P244,-7.5116467147354,-7.53876250455995
Q15022,-17.6924557697891,-5.59600474430124
Q8N9N8,-4.26364664305692,-3.61427443132637
P58166,-4.30074445598759,-4.49356432588457
Q2KHT3,-4.27744996373485,-4.17224256293478
Q14696,-9.14882457276245,-7.80954418552045
Q9BWS9,-15.1916719026387,-8.45381097656329
O95402,-4.16305120263524,-4.33215811324049
Q6UWY0,0.691282354040477,0.48112609758868
Q96GZ6,-8.09798590845671,-23.2534966642115
Q6P1M9,-4.506494480903,-13.7650726751917
Q00973,-3.37400574769442,-2.90976519722229
Q14232,-6.29376277144712,-9.46128677262295
Q7Z7K6,-7.69291198089752,-7.63545858221087
Q9HA64,-5.51746859322735,-5.36552811673658
A6NIH7,-0.133427187079086,-1.38663559203178
Q96AE7,-3.5038144585354,-3.34377385112756
P63220,-12.6964441618111,-7.06148881894039
Q6UXV4,-23.2534966642115,-6.45955408220587
Q8NBP0,-2.97683882231262,-2.99775623972604
Q2TAC6,-11.3917655613697,-2.05628708396753
Q9H477,-5.70420822503748,-1.25154982102923
Q9Y2W2,-5.63879159213721,-5.40331504511322
Q9BY11,-4.12239968080562,-3.98103143356396
Q9ULB5,-3.09460344166783,-3.16112771560808
Q8WV74,-1.92755734561602,-2.58203853195016
Q9UBC3,2.83318906054796,2.61417945336733
Q10469,-3.18272671393733,-2.99796148492575
P40121,0.71805586461241,0.610239288451532
Q9Y484,-4.16124384798881,-4.20598349870349
P62750,-5.58043016463794,-5.17617749927081
Q9Y467,-7.89845451503262,-7.1673535719474
O14867,-4.37241593587874,-3.57340022339453
Q9C0K7,-2.41483541939258,-3.2690402862143
Q96A49,-7.14804388182899,-6.08654568291973
P04216,-3.37462691268672,-3.14078661603456
Q9H0R3,-5.26714853117107,-5.32728419372282
Q99439,-5.71567875965869,-4.06326232424926
Q9Y657,-2.01157033787621,-1.6653244597438
Q9UJY4,-5.25920327977923,-6.87763390844291
Q16875,-4.63198645399865,-4.10896446894435
P00441,-9.24504774648881,-7.97082451441199
Q86SE5,-2.14074292923351,-2.11587932625172
Q06203,-5.01422106239206,-5.50262086915492
Q96JQ0,-5.13394759020039,-4.30310781359688
Q9Y5Z7,-3.1827734153011,-2.98656366329478
Q8NDV7,-1.94142763675337,-2.41840632722278
Q9H3G5,-10.9257570948576,-5.52076748668569
Q7Z7H5,-3.12871368992984,-1.64376934803443
Q13490,-7.07003678270316,-14.5301169596122
P27361,-9.34366444007,-6.72847021292717
Q96MU7,-10.7748688123315,-8.71859998372936
Q6P1A2,-9.16083599314521,-8.07704533735961
Q9BYC9,-11.2255744986613,-8.58863619464082
Q13464,-8.89418733885033,-11.0611700345253
P0CJ78,-0.176547867849694,-0.441952644315062
Q9Y4C4,-5.9518269304552,-11.9805106401535
Q9BZ72,-14.0128273690424,-8.77643483137632
P82921,-5.01712108694973,-5.10614274160297
Q8WZ74,-9.55660552442125,-6.83814475318472
Q93063,-3.11329410137127,-4.09701344818659
Q8NCW6,-3.38351639090568,-3.29047797185479
Q9BYW2,-3.52018942649128,-3.26456516952426
P22413,-11.8710370041898,0.91038041371129
Q9C0C7,-6.72222578839258,-11.5861514679103
Q9UHP3,-6.6430008453577,-12.3637697407515
Q6ZNW5,-2.86457366506847,-2.91953569190996
O14508,-2.06493832178779,-4.22619086106193
Q08345,-7.70438688987298,-7.98438706367369
Q9UKK3,-7.72763972576156,-4.30397804014317
Q9NPI6,-6.27605542653072,-5.77845504897507
Q7LG56,-23.2534966642115,-7.14956431830001
P68402,-18.2914586406707,-5.83795711230479
O75348,-11.6247057779293,-8.00346903593722
Q8ND82,-8.83542371506088,-2.88940869966553
Q9P2P1,-13.1114675701419,-3.39976781071589
Q86VR2,-10.2316659867744,-8.56397630897712
Q6P1L5,-6.99095055325566,-3.37903468771533
Q9UGR2,-7.29709714718307,-9.13123061730394
Q8NCC3,-3.06185750124741,-3.74969567171546
Q5T5X7,-5.0847786350441,-3.61643306058736
Q8NCS7,-6.15258225148537,-4.6611800635122
O14640,-2.48529544872109,-3.04286806824122
Q9ULG1,-4.31121150388632,-4.0353947477734
Q8NBM8,-3.67400281439944,-3.7112066410795
P10606,-5.57861528944807,-5.87104469074096
Q12791,-17.232603274589,-5.85445691125348
Q96PU8,-3.83786763264435,-2.33236140066343
Q86W50,-8.96801803307616,-10.4151101375543
Q9BZR6,-1.06021249144612,-1.14135736594011
O43493,-4.66307392533319,-4.4005750210236
O14910,-0.055411020295107,0.154360582877795
Q86XN8,-4.56848306958397,-5.88082084979582
P58546,-8.21730934436363,-9.53591776552282
Q4LDG9,-4.71689222410767,-4.1918063305938
Q96T21,-3.42656070769044,-3.02686997382093
Q4VC31,-7.20191708456963,-23.2534966642115
P07686,-7.59722812625756,-6.92937960031334
P22304,-7.18057918129526,-7.16708874679779
P28329,-14.4809428173219,-3.46705419579292
Q8TBP0,-2.07375612085561,-2.77934883819483
Q13627,-7.30762900914578,-12.786285854664
Q9BT22,-2.50593442025472,-2.51074007241925
Q9Y5S9,-6.03919760853622,-8.6149801215907
Q5RKV6,-1.92111973506212,-2.25774707337984
Q96I99,-4.61467157866581,-23.2534966642115
Q9Y4C1,-3.80793571559882,-3.96443998338946
P13995,-5.1688986958677,-5.47011541721447
P13861,-6.85195020574996,-7.10675833266522
O95551,-5.72642279282632,-7.04589935434315
Q9H8Y8,-4.4531740353036,-4.35834046828618
Q9HD45,-8.980929109961,-5.13978711190408
Q05519,-3.43301325114195,-3.67205217431821
Q9UBW8,-1.4159046198151,-1.52317416526439
Q14684,-12.156160983755,-7.46894239507618
Q96B97,-3.36679411093342,-3.50013128280508
P78509,-5.71953931806452,-5.48329562013229
Q70EL1,-2.41226048922069,-2.65808404421763
Q9BWL3,-2.54987345661547,-2.84203380001123
Q99435,-10.2779058734914,-4.25679121909057
Q8NCN4,-15.0851158895562,-3.58850159948023
O00767,-3.22584776001222,-10.900595305543
O95394,-8.80207985846482,-9.59531127960022
P50416,-8.88467969741378,-4.64466734138261
Q969U7,-4.51771242387605,-4.78592575970342
Q7Z3C6,-6.7050071349125,-11.4015714951434
Q8TEU7,-5.24188193135979,-12.1217711414953
O95568,-2.56452414280407,-1.77041034581457
Q92830,-2.40446723228948,-2.24677305959608
P62979,-8.94691972750887,-12.8543824408558
Q9P0K9,1.71377903393774,-3.60137925221105
P40424,-23.2534966642115,-1.9566690669822
Q9BVL4,-3.73457356756108,-3.4575211482184
Q6NS38,-6.82816790367293,-6.63273479248207
A8MXV4,-6.52032122718656,-7.19125191539364
Q9BSJ5,-2.8378931021557,-12.4733694004146
Q86U38,-12.2207937315035,-7.44189842798236
P46019,-4.93895358035868,-18.7851467206464
P48163,-8.29012456223057,-8.29749817653168
Q8TBZ3,-3.57494803522729,-3.85648881693199
Q49A26,-5.50364812934258,-5.99300916868227
Q9UKD2,-1.71979749868031,-0.477853211387416
Q6ZTW0,-5.25051403453606,-6.01777353888332
Q96QE2,-6.2886987287433,-7.02220441070845
O43741,-2.01737718576577,-1.94088789635653
Q66PJ3,-4.31188459721337,-14.7609373074041
P62068,-12.3030984870078,-5.788560709691
P26373,-7.18485745061926,-6.30665256520672
P50452,-6.10285378027845,-23.2534966642115
Q8NDX5,-3.28165391074963,-2.73505356584237
Q9UL12,-5.6589881943466,-5.77984339533328
Q96MG7,-3.68658217891218,-4.15312514475097
Q9UNA4,-3.93116373310947,-4.03917677552098
Q8WYL5,-5.12115885782586,-5.34160855109603
O75147,-3.34581876140664,-2.87689369850271
P26599,-13.2526158345713,-2.80825658341065
Q8ND83,-4.73289282131173,-4.5616540652146
Q53G59,-14.1836532727289,-3.28037751291379
Q9NVR0,-1.32062199134989,-2.14121508436925
Q9Y6K8,-5.49649017014386,-15.9881270758023
Q8N944,-4.04188816523093,-4.97875554192915
Q96GW9,-6.26342151386376,-6.24967321372809
P62942,-11.93921969511,-8.28538973189765
Q9HCK1,-1.15554293299953,-0.765720549184272
P50749,-4.70359357480581,-4.74811735797711
Q9H0E9,-4.22288578922887,-4.27330713913098
Q8WUY1,-5.05289313475863,-15.7329897001431
Q92673,-11.7398213974324,-7.43982625925675
Q6IC98,-4.02599534669411,-5.0972218226953
Q96G01,-2.74713413261875,-2.2826026283726
Q13454,0.548759301736479,0.056135706793516
P62140,-0.762493852440803,-0.825398297518899
Q8N9N5,-4.04067581045269,-2.43001893584247
P52746,-3.98864006444861,-15.1612502276239
O94916,-2.23774562503966,-2.43850194914215
Q0VDF9,-16.5472916408764,-6.42426621828274
Q9Y5E8,-3.35938903354507,-3.39681585884234
O43402,-5.63939654380526,-6.1695454676488
Q13163,-2.85366590286871,-3.26416158219467
P46013,4.05269796577721,4.02440602782419
Q6P1N9,-7.11559360940757,-5.80929703403738
Q96N46,-6.69045173095467,-11.4832087234652
Q9NQT5,-7.46049182802422,-23.2534966642115
P53675,-6.95338032295111,-14.6131082555926
Q8IY95,-0.335516864479208,-0.391076963891387
Q9H898,0.01646212508957,0.0260888194656272
Q9UNP4,-6.17068244406026,-4.00880939584733
Q5T3I0,-9.8350770569417,-3.28438054252799
Q92828,-3.10551964080122,-3.10310618332559
P12814,-8.35354538203598,-7.80124071753038
Q96EP1,-1.47765037406596,-1.51819357576614
O95571,-16.0925964656623,-7.67766702218908
O75528,-4.87327114279237,-4.85690025154311
Q9H2J4,-4.95736885217498,-5.85005775832741
Q9Y4B5,-3.24234474085329,-3.45454128168658
O95926,-3.70867611122382,-3.62967293919875
P14543,-4.28525835761028,-14.5458260283627
Q6PL18,-10.5235654106103,-3.40089572409203
Q9H4K7,0.634934993286618,0.670320534333601
P13611,-0.879085335645441,-1.37207752002444
Q9BXA9,-1.06892629757407,-1.24739315560115
P62253,-7.84061811835126,-11.0787385152263
Q6PJI9,-1.27707636561494,-1.19293415104924
Q16539,-6.2867021877067,-3.79342647086539
Q9H0U9,-5.0255280880754,-15.0311855348814
Q15831,-10.8051094747279,-5.27971925116558
Q7Z4Q2,-4.50879862214043,-4.82760607661459
O94875,-5.77175557337619,-5.16119939517751
Q76B58,-6.85150499782953,-4.57070897309492
P50607,-1.58002940850688,-1.45953802034971
P50552,-6.90626713609388,-6.98259070605044
P31943,-14.2879136402568,-7.01516566168259
P01112,-7.74057088444484,-7.36060849247138
Q9H9J4,-11.9850560655743,-3.78400005401599
Q9UJY5,-10.2002986649914,-8.79727316780783
Q9BTN0,-5.78008267540201,-5.92881801524847
O95260,-9.81376818348831,-8.96441581915607
Q86TW2,-6.24039559360375,-14.8102321453646
O75581,-9.26667802079368,-8.55341626806154
P55211,-2.63425146160108,-2.75869284729277
Q9UM19,-1.35953256210811,-2.91891488758242
Q00537,-3.30919573732956,-3.43643408950386
Q14677,-3.42896233436098,-5.44112835060899
Q9NZ01,-8.78475432894115E-05,0.0296056510375745
O75140,-5.02554381543719,-5.17865779567128
Q96HY6,-7.22348988379111,-12.0760323877051
Q9NYK5,-6.23241115170886,-6.08954311904462
Q15906,-10.364838042646,-5.12093845616334
O14730,-5.32797811539666,-23.2534966642115
P55283,-11.0483895586105,-5.81292878608219
Q13823,-3.0953028578678,-3.19203578068499
Q8WZ19,-0.365325583446369,-0.935614076368774
Q9UBF8,-3.28110453138672,-5.1170808674167
Q9NX58,-4.10427059120029,-4.29715523605625
P62280,-5.28891488221962,-11.0772312110681
O75521,-2.84101100553108,-2.97500574298639
Q9GZN1,-6.10735060636854,-13.6021091431275
Q8NHP8,-8.25868444479116,-11.1222744064786
P98077,-2.24998044992775,-2.4888219609021
Q86UB2,-6.09681001572538,-7.01878243318044
O14967,-5.41676629738932,-13.1268367898432
Q92696,-23.2534966642115,-5.62352510328992
O15083,-2.53688040861566,-4.00543224171314
Q0VG06,-6.56143943523979,-6.18271418430111
P46087,-4.70889794662233,-4.30309470684622
Q8WTS6,-23.2534966642115,-6.45316832470039
Q99933,-8.22056858757752,-6.6004308019894
Q9H2H8,-5.75122708168145,-5.71248322547587
Q96RT1,-12.1368093675358,-5.07112904432141
P11277,-13.646719949955,-4.63333228289956
O95822,-3.59906367895723,-3.50953886192416
Q14681,-3.5206967109422,-6.10099558748288
Q8N5C6,-5.85716237075527,-5.41000258629093
Q5EBL8,-1.2190622927655,-1.22009116720703
Q92575,-6.78005114479015,-7.00389652528484
Q8TEP8,-4.78530972817448,-23.2534966642115
Q9P0J0,-7.77735768063642,-9.46740112262086
Q8IZ73,4.29005893864476,4.35348085181194
Q5FWE3,-3.6566920029774,-3.36742726799087
O00222,-2.9604125356212,-3.01949172443561
Q9HCE1,-11.2310668208972,-8.82337201502838