PG.ProteinGroups,P300_24
Q96F86,-5.68796407093265
P48730,-2.43442141285946
Q7Z4K8,-3.79614124518953
Q9P0J7,-4.71479407368506
Q9UPN6,-2.43377389421481
Q9ULI4,-2.9855778500451
P51149,-7.52144573839212
O00750,-4.58272219297995
P35716,-1.10382115840833
Q15771,-3.52949118147208
Q9UGL1,-2.56468570159297
Q9H0E2,-3.65447325523867
P16298,-5.61310690447489
Q8NFT8,-1.97253842546905
Q9UQ35,-4.77677007105968
Q5H8A4,-4.56025199957156
Q9UHC6,-4.16579436843916
Q9HCK4,-6.48415825904428
P34059,-4.10585831890485
Q64LD2,-4.59384840861463
A6NJT0,-1.39164515014711
Q9Y2G0,-4.36925663505684
O00767,-23.2534966642115
Q13895,-2.97539058261909
O95870,-5.06571439367213
Q8WUU5,-4.80105830550916
Q8IWT6,-4.71979142261518
O94812,-2.16313230848329
Q9NWZ5,-4.34027604092972
Q674X7,-4.16101311701959
Q52WX2,-2.52601176273655
Q96DV4,-4.93775215632946
Q8N608,-5.09355066580193
Q8TDN6,-3.03279083832136
Q9Y4F1,-6.3199447851952
Q9H857,-4.45927243447027
Q8IV32,-2.6351599323168
Q9H6K5,-4.94958615508405
Q92738,-2.60302025539469
Q9H2C0,-5.15127279271951
Q9GZM8,-3.36762674997794
Q08629,-2.01577674815585
Q14344,-5.21847900697865
O94827,-3.86240183929479
Q9NVD7,-2.94650310034911
Q13449,-7.229861900541
Q96C36,-6.10236354499779
Q96MH6,-3.56047933199762
O94985,-1.38788604388221
Q684P5,-4.18469698714747
P82663,-6.14320993635356
Q13705,-3.31897409330412
O14735,-5.63413645920226
P49918,-2.42764820682041
O60422,-1.06229612685941
Q9NR28,-5.85938021939783
Q8N5H7,-3.38810091635684
Q9HCH0,-3.52250849444197
P06241,-4.93166768536539
Q96IG2,-4.16488724650201
P50542,-4.47516654029415
O95071,-4.03360850188298
P49840,-4.75318463646812
Q13002,-1.87786944792192
Q719H9,-2.05754876110779
Q9ULD9,-2.44361379339413
Q96AY3,-3.09972977787084
Q9UHG3,-5.85168199820222
Q5JSZ5,-2.92714286198623
Q9HBE1,-1.72709346852159
P52292,-2.64272485062956
Q9BPZ7,-4.91676886033396
Q9BQ39,-6.61256223849632
Q8NFZ8,-3.14045431243665
Q24JP5,-2.61889770913589
Q9HAT8,-2.74800929166984
Q9NUS5,-5.2383097736772
Q86WA8,-3.44463024709679
Q6NXR4,-5.15204640079641
Q8N350,-5.18104524957072
Q15345,-4.75356962942304
Q8IVL1,-4.03446743732001
Q96Q11,-5.30346266036751
P56159,-2.9014373957799
Q16774,-4.34628970738078
Q99848,-4.7620435876127
P38117,-6.28651713562718
P29372,-4.13266331466623
Q15048,-4.51700951928942
O94964,-3.22953125777114
Q6PID6,-3.35274751663481
Q643R3,-3.81934010893604
Q86UL8,-5.33739807932661
Q96P11,-4.40834116207165
Q9Y5I4,-3.95612010390982
Q9GZS1,-1.1106931506429
O43929,-3.03333274822517
Q96KQ7,-4.04054174863877
Q12974,-5.17599549824118
Q92845,-2.89573836904086
O75164,-2.71722441503152
P35813,-5.12328389630802
P22694,-4.21543400386096
Q8N8A6,-3.79595917180965
Q8WX77,-3.64120045519637
Q9UHV9,-5.66917856643898
O43405,-1.8749457634562
P78509,-3.1310025231422
Q96KG9,-4.77349733748287
Q9Y3I1,-3.65738756510359
O60216,-3.62877649920863
Q6ZN54,-0.784645853853242
Q6YN16,0.053932094105128
Q14728,-5.10796106941349
Q1L5Z9,-3.67089494916232
Q8WU79,-3.4866477185299
Q96SB4,-3.29063653369796
Q6NXT6,-4.51907259294439
Q14651,-4.0671000995347
Q8NDN9,-4.40662778684014
O60684,-5.12937123859657
O60858,-2.84959443274314
O14775,-4.71818740054923
Q96S90,-4.09432105643186
O15260,-6.97252655136444
Q9NUY8,-5.03269136660487
Q6PJG6,-3.31955102157715
Q9H7F0,-4.47711771148107
Q9GZT9,-4.25812031718507
Q6NT76,-2.34063914693359
Q96I51,-3.85169994121296
P49736,-23.2534966642115
Q92925,-2.68625806450668
Q13569,-2.8920311128011
Q9Y2H5,-2.97644056077388
Q9ULP9,-7.04656430447688
A1L0T0,-5.00144261297978
Q9H1A3,-4.60323602487407
Q9UMN6,-3.79159677935637
Q9P2S2,-3.69088758463716
Q08379,-3.66233316099754
Q9H832,-2.56442401529814
Q8WUD1,-5.81805325243644
Q6IAA8,-4.95919215542103
P04035,-2.88664247797891
Q8N806,-2.89012939037536
Q9Y5R8,1.94100211409634
P20338,-3.81999497649407
Q12888,-8.7298748186745
Q00403,-4.31934846621123
Q13526,-5.10730793850275
P49721,-6.59230554165689
Q9C0D0,-5.22152538742741
Q6T4R5,-23.2534966642115
O60293,-2.22511489007729
Q8N8R5,-4.78969598558628
P36894,-4.34888107214552
Q8IVU1,-3.16210523655672
Q9UI30,-4.25220132146826
P36915,-6.28312721893086
Q9NYY8,-4.45488805038241
Q9NPE3,-3.90486954064859
Q9UBI9,-4.09179200936229
Q8N158,-4.49496052340006
Q9NY72,-1.9058615618078
Q9NPZ5,-3.22340426239356
Q9BRD0,-3.58600365461256
O95819,-5.26777562529633
Q96BX8,-3.59066548485038
Q96Q42,-4.77057568469989
O75688,-4.93541569227044
Q9Y2I1,-3.59108734632875
Q9C0D9,-17.0612356841785
Q9NXH9,-0.322106218424333
Q8IVL0,-4.34717569632079
Q8NFP4,-5.82294587971674
Q9BYD1,-6.04339026846283
Q5T3F8,-3.77935198982227
Q9ULJ6,-1.36288145714138
Q9UPU3,-2.14165462140103
Q9UHR5,-4.87027596479525
P51812,-4.45521663032027
Q9NQG5,-4.31929551508055
Q658Y4,-5.49624367733299
O95758,-3.51774392628786
O75182,-4.18940719259754
O43526,-2.34939837735877
Q7Z3T8,-9.97259753774792
Q13485,-3.67663689038931
Q9BY43,-6.00553580570262
Q96CX2,-3.62363273689381
Q6ZT07,-2.2090548794794
Q96HE7,-8.00668726520801
Q76G19,-2.04014629753555
P53804,-3.16599059971898
Q9Y4P1,-6.88911921305706
Q9HCK5,-3.81150645103657
Q6P995,-4.5983567648316
Q9H6U8,-4.99639026842353
Q5T8D3,-4.54356763252519
Q14318,-2.86791504328742
Q06136,-6.12483256008003
P51116,-3.84621711136814
Q16512,-2.16266915258681
Q9NYB0,-4.60941628475886
Q9BUN8,-4.8059203411405
Q86VS8,-6.19862803786662
Q9Y6I4,-5.31418571614565
O75190,-3.04386457932681
Q9H4L4,-4.01299562625228
Q9HCD6,-3.62259038239478
Q9P2N5,-3.85378923975554
Q9Y2G5,-2.0010383194025
Q7L523,-4.85180843613063
Q7Z460,-7.58292715079555
Q5VSG8,-2.54007912235762
O43310,-2.91954714360581
O94953,-3.08305195988377
Q8IYB1,-5.4104891546702
O43252,-4.10953119307238
A2RRP1,-6.10210614861077
P23743,-3.46722533420768
Q9UI08,-4.15911379395404
Q96S55,-3.44180392144794
O95983,-4.94454771623194
A7MD48,-2.21653973705951
P09471,-6.21837391273728
Q9NP72,-4.36206240981256
P0CK96,-0.309252729188468
Q9H6T3,-3.29328254575207
Q8NEY1,-3.89310343032621
Q86V59,-1.35060328429379
Q9BSV6,-2.2449015452771
P18669,-8.75995498503047
Q86Y82,-3.73459153153741
Q8WZA1,-1.77828653487961
P51784,-3.27102350992238
P25705,-5.87550430013639
Q9Y5V3,-2.5046803241614
Q5VTL8,-4.63502566252062
O15270,-4.42768480124437
Q9H1B7,-3.8424956652682
Q10471,-2.93284382457272
O43312,-3.75693023180477
Q8IZD9,-6.90809972162076
P60510,-4.39035633097716
Q5VWQ0,-3.57811153569635
Q9P0K1,-5.98366409792107
O75376,-1.99903783273083
Q14202,-3.92402496744576
Q9Y2B0,-6.39265031294584
O14522,-3.06425846414873
P48634,-4.51617500630146
Q9NZ94,-4.08641707679915
O43913,-3.38470038226095
Q9UH73,-1.84414898659278
P56211,-3.8690570364615
O15550,-1.32309662612366
O94898,-2.72926008747472
Q9Y580,-4.05603588826331
P68106,-4.26753569399625
Q15067,-5.36172294803278
Q8WTW4,-3.36405310017086
A1L020,-3.98361234265497
P98175,-4.33444833732742
P10586,-2.62303418436919
Q9ULI0,-6.23715564622417
Q9NRW7,-4.87723059592983
Q8N2K0,-4.68402570022336
Q9BWF3,-2.6324509948745
P15260,-3.62434572267656
Q9Y547,-3.50032345663447
Q75T13,-5.33700159477694
O95864,-3.08044020914708
Q9C0C4,-4.49823428091913
P61247,-6.8799318328751
Q8NFG4,-3.34779243239219
O94991,-3.97683824483961
Q9NR46,-6.77616640863266
Q8IUR7,-5.00785197912455
Q96FJ0,-4.51032208169554
O94829,-3.51418533654293
Q9H2X9,-3.06637254050691
Q9BWM7,-4.80949403845504
Q9BQI5,-4.68046865995515
Q9UBB4,-3.91563456340939
Q96ST3,-4.86932281693394
Q96MZ0,-5.58046961586915
Q5T7P8,-3.19402619267515
O95573,-6.37109940926004
Q9Y4W2,-23.2534966642115
O00264,-5.10067792161206
Q8NEY8,-4.44199677365174
Q9UQF2,-2.82895376785406
Q9NZ53,-3.91857935765272
Q96FV2,-2.71017169263824
O95297,-5.5845349892316
Q96SW2,-4.1037943163781
Q8N3Y1,-1.79992948354194
P51513,-6.20960401776685
Q9BZK7,-2.58559791080231
P30876,-4.47696099938182
Q9UMX1,-3.33169266154423
Q8WZ82,-5.02227697426483
O75153,-5.53220089610634
Q96PE2,-2.91205021150332
Q9NXG6,-3.5875588956871
P43378,-2.79248351037467
Q9P1Z2,-3.88641810928627
Q15262,-2.43296289050467
Q92734,-3.67211832466052
Q92520,-3.77132972496687
O75094,-2.83331520781289
P09110,-7.64833772868903
Q9BXJ3,-2.64176155880618
Q9NSI2,-2.76627819690372
Q9Y4C2,-2.04294696947394
Q9UNF0,-6.1505710253163
Q9Y5L0,-6.74708062372206
Q9Y266,-8.70543647127099
P47756,-5.23167097426874
Q92784,-4.03316580580773
P49427,-2.89526762815155
Q9UBB9,-4.77568062931559
P00813,-5.59821164079288
Q9NZV5,-3.12954113835612
Q92574,-4.83355703289731
Q8NBJ7,-4.52105880610081
Q9BZR6,-0.419225775977647
Q12772,-0.892319661406141
Q9H3Q1,-8.30355548747239
Q7L775,-4.67871942495635
Q96Q04,-5.76840018467843
Q86SK9,-2.73582435126383
Q9BQ89,-3.31281490535113
Q5TGI0,-3.72447370028181
Q8NFD5,-3.9367426049675
Q6IEE7,-3.49155400206595
Q9Y5W9,-5.48496455559906
Q7L592,-13.8915334429542
P14373,-2.9436112868668
Q8IUH5,-2.87678718006203
O76071,-4.14164912690093
Q676U5,-4.30096860269328
O94868,-2.74473267035283
Q9NVG8,-4.90732500997136
Q13435,-8.33161302245866
Q96BT7,-0.939388766511308
P11717,-5.31004323867029
Q9BR01,-0.969775219876821
P62993,-5.33521157849466
Q92609,-3.34052930633363
O43292,-4.34659437337223
Q96S59,-3.35770898989379
P38606,-5.12210809121792
P30040,-5.2559432171122
Q68D10,-2.13116446675487
Q9NRF8,-6.31683884129688
Q71RC2,-4.33512526620264
Q13394,-3.15966020784854
P35249,-2.06048141890622
Q9UK41,-4.12567522635473
O00522,-13.4887219160316
Q86UE8,-3.64244237766679
Q9HCG8,-4.97335851509656
Q9H270,-5.78429022153396
Q14687,-3.74035212168993
P49441,-5.99394258782127
Q96EZ8,-3.91383279546625
Q99758,-3.05374130184694
Q9NRL3,-5.09450893161341
Q06210,-3.18573772877317
Q9NYQ7,-4.31103542303218
Q9H3P2,-4.73042190225147
Q9ULN7,-2.66019205681936
P51571,-5.35721761037188
Q49AR2,-4.89114237062816
O94856,-4.63408196011227
Q15904,-5.55251679493067
P52948,-7.91575690089041
Q6PIJ6,-3.06790824469723
Q9Y2Q5,-4.56323016874493
O43155,-2.44358959835436
Q96EL2,-5.99953804121326
P17028,-3.57899010504198
Q8IV08,-3.77356878816521
P98174,-4.18899217538866
Q9Y697,-4.04816775797231
O60336,-3.71771459483598
Q9UPU7,-3.90308666386138
P10588,-3.76111974855467
Q9UFF9,-4.35702673695114
P80303,-2.31054353430758
P13489,-5.82725498292767
Q8NI27,-6.15651954928469
P15822,-2.00084467688814
Q12756,-5.26179083771016
Q9BZG1,-10.7812888129599
P52848,-4.00086219448221
Q8TDI0,-1.17374453493509
A8MXV4,-4.50110269849703
Q8NFJ6,-2.56039866066435
Q13191,-5.11448149338455
Q9P278,-5.57246984862953
Q8NC60,-5.6633673786448
Q9UN75,-3.90460021335351
P24928,-5.23213195526117
O76024,-2.82600056752702
Q7KZ85,-6.16440266893868
Q99569,-3.07872527940633
Q16585,-2.9708485950395
O14525,-4.82557992000894
Q15032,-5.0021465960439
P17706,-2.68856367823243
Q9H2V7,-4.36036193290568
Q99504,-2.24043918117651
Q9H4A3,-3.88277966719327
Q9HB40,-5.3672663153948
P46379,-3.8668162700255
Q9BWL3,-0.809351071317448
Q9NY27,-4.44262352254337
Q2TBE0,-2.9906892976177
O43318,-4.46491661275159
Q9BTE6,-8.37081061998294
Q8NBI6,-4.12399119127281
Q06455,-1.31887348057468
Q8IWI9,-4.41415582605696
Q9BY67,-4.45643076421188
O00267,-3.93222813651909
P42892,-2.4374436241254
Q13685,-11.6358396223688
Q7Z5N4,-3.21791658608619
O75385,-2.42820219648813
P46019,-20.9869012399769
A6NNY8,-4.22792067147457
Q9H871,1.45762497166746
Q8IYR6,-4.00733559878563
P78310,-8.12175233246004
Q9H000,-23.2534966642115
P42224,-5.42057100706728
Q5TGY3,-3.40160561431272
Q96A35,-4.80257145074727
Q6PD62,-5.88360461785864
P63244,-6.04684152512827
Q32P41,-6.75361667910268
Q5W0V3,-8.24550419879724
P33991,-2.9942236795961
O95025,-23.2534966642115
P35232,-7.31584670237697
Q15633,-23.2534966642115
Q8TDM6,-6.13074303300843
Q8N474,-1.55330247083009
Q96DE0,-4.92702430123845
O75530,-4.02380836250238
Q9Y5X2,-16.4336166428157
Q9NWU1,-5.57528441590492
Q9H5H4,-4.2456539837375
P04156,-3.78890891110278
Q9H999,-0.774651578187296
Q9HCJ6,-15.1217766962417
Q13126,-7.53859943333778
Q96HI0,-3.50376993716075
O14686,-3.16153113248451
O14640,-0.707227187709247
Q9BQT9,-2.51272886636795
P18206,-10.6981210269012
P15882,-8.35972084333393
O60828,-3.70771794403525
Q86VP3,-6.25710115683727
Q86YD1,-3.18339690538482
Q9H4E7,-0.780361692217384
Q16762,-0.976642650063521
Q969T9,-6.77286068362783
Q8IVW6,-3.03655714268205
Q16827,-3.0139572816145
Q76KP1,-3.30113120378643
Q9UL54,-5.03056492069971
Q99873,-6.78889393601736
Q2TAY7,-6.19460423061204
Q9P0K9,3.85350817984687
Q92871,-5.42996265775697
Q9HAK2,-2.79595527305226
Q9BRJ6,-6.40413491491171
Q12824,-2.96886593474022
Q68D91,-5.5142065363782
O15027,-4.4124383536278
Q8IWT3,-5.41774815732519
Q58EX2,-4.50079511355065
P19838,-4.30489919492291
Q9BYV9,-3.1489677830435
Q02127,-5.69800702277944
Q9HA65,-4.85604128084695
P98179,-3.99761705293868
Q15648,-8.47129644249313
Q5JU85,-2.11622578080178
Q9NUM4,-2.86548450087923
O43920,-5.46601063729652
Q9Y6Y0,-5.11854296764739
Q86TG7,-3.04085231378709
Q8WYK1,-3.40237269509389
Q8TB45,-5.34404900554421
P13611,-1.70464168502401
P50148,-6.01801256571183
Q9H6V9,-7.19628159348966
Q9Y5F7,-1.56073199958787
Q86XP3,-4.43497035319323
Q8NB37,-3.69092569702668
O95180,-4.22641103118857
Q5MIZ7,-2.79726130012363
Q9NV31,-3.50337537303322
Q99856,-3.53987916696658
Q8N4S0,-3.05750621508077
Q9NRG4,-3.80419925565564
Q8N8L6,-2.93102564319789
Q969R8,0.76073487130462
P23470,-3.61570361834445
Q86UU1,-4.59410200138678
Q96PB7,-2.42965010375879
Q9C0H9,-8.05838622065663
Q8NEZ4,-23.2534966642115
Q5TEA3,-3.15663528258882
O75663,-5.00223827815439
Q9Y312,-6.26033293089201
Q14241,-3.36575823536771
Q13586,-5.5414722898687
Q9H444,-4.92838512553891
Q13772,-2.35318315753813
Q9NRJ4,-2.12344228561146
Q13838,-3.79730891915787
Q86VP1,-2.78663375213081
Q9BRJ7,-4.91507866233683
Q9ULK4,-4.77689048073663
O95487,-6.09494466303267
Q8N1F7,-7.76376055037181
Q5SYC1,-4.5546810595325
P17252,-7.50870265427544
Q96MY1,-2.26699688305586
Q15650,-3.42233457629757
P02787,-8.41054294972357
Q8WXI2,-7.36290181588181
Q14004,-1.89305403047205
Q8NEM7,-2.75944332157541
Q02543,-5.63416094860284
Q9P2K5,-7.39606037230295
O43151,-2.1684913245426
Q8IZ73,-23.2534966642115
P19388,-7.00349092193332
Q9HD20,-7.52109447783765
Q96S52,-6.42182835849819
Q96EK2,-3.76489811752886
Q99797,-7.02869399084954
Q00013,-6.71400326998884
O00192,-4.0075682818804
P21912,-16.4512878818361
Q86WB0,-6.05376401777561
Q16740,-23.2534966642115
Q09472,-6.15186970108413
Q8TDC3,-5.60245080568319
Q8IYQ7,-6.74610127254976
O95602,-4.96159741748618
Q86V21,-3.09441534503766
P48729,-3.4147214115057
Q68CP9,-5.56998239278009
Q96NI6,-4.68267679875074
O60315,-3.76046079592602
Q86UN3,-3.59472199783321
O15379,-4.86141255534303
Q14671,-3.75578297945351
P27144,-8.5404481012205
Q68DH5,-13.7448501204459
O43741,-12.7841829128337
Q5EBL8,-4.15819514285448
Q9UMS4,-5.6388723009398
Q9BRP4,-3.19518029825043
Q96JQ0,-3.3503213360153
Q9Y2S2,-15.8973427196384
O95759,-4.52910654189542
P41227,-8.28805815097633
Q9P2R6,-2.7471213549773
Q15006,-2.38213588005619
Q9UI10,-5.61521585776601
O15066,-10.2882120345596
Q15560,-1.8793554838337
O94901,-4.89653637170727
Q9UGN5,-1.80693684124527
Q0VG06,-4.29593101422689
P11413,-5.94779788354096
Q5TCY1,-3.58401402576184
Q8NC69,-1.1580072336459
P54105,-5.57629578436868
Q08345,-4.25821220845257
Q0PNE2,-2.05090274987045
P36896,-2.96010372051234
Q9BSF8,-1.8720600233616
P04083,-11.6824907161386
Q7L3B6,-0.613184111948404
Q96PZ0,-6.14147394511665
Q16647,-4.48341222988635
O14979,-8.60277362795719
Q2V2M9,-2.70160021957345
O95502,-5.50494918014401
Q9Y5Z7,-2.33394726643813
Q9NRN7,-4.03855180008257
P49458,-4.2344163700125
Q12765,-5.5943731848452
Q9Y4X4,-2.87089494835865
Q13501,0.192055317920794
Q9UGU5,-2.6545691359811
Q9NVQ4,-3.77373716986818
O95714,-5.10240806258161
Q9UQ16,-7.40525182169304
O95319,-4.54974272924816
Q9UH65,-2.70605410044457
Q9BVN2,-2.94052012823635
Q8TF05,-6.97735963902901
Q9UJY4,-2.72904761912047
Q8TAD8,-3.75142775467905
P07949,-3.14837670021467
P07858,-5.50268760613733
Q9Y5X1,-6.28698519234913
P30533,-4.69734554471675
P61962,-6.3878027518124
P08243,-5.89459915470181
Q9NT99,-4.14461249389681
Q86YW9,-23.2534966642115
O00222,-2.26521410614103
Q96EP1,-2.95687567829298
Q9H706,-6.08687609324627
Q6DKK2,2.97584453145919
Q7Z4H3,-6.01817556986098
P13647,-23.2534966642115
Q76I76,-3.61072416218349
P35080,-8.27300565990101
O95772,-8.08092766091012
P42695,-1.45667218136411
O60716,-4.35903593032793
O60299,-1.32544551825017
O14782,-1.64462495038754
Q5SZQ8,-5.09855207133127
Q8NCB2,-5.10529450501626
Q8N961,-4.0300611938987
Q9UK17,-3.06562587464663
Q8N556,-4.93218821197262
Q5JU69,-4.57623891543907
P63096,-5.24859633067917
Q8WV44,-3.29234619393832
O75170,-4.57658135776263
Q86UK7,-5.34590889206122
Q96A33,-2.71989169150552
Q9HCM7,-3.8718025343067
Q6UUV9,-14.3198149313046
Q12788,-8.18315750999744
O75093,-2.89210258004423
Q13454,-11.3090966671091
O43639,-4.24869354462188
Q9UN74,-2.60556107451604
O75643,-5.56424730075515
Q9NUJ3,-6.1945891969433
P19404,-6.99263720365378
O00213,-2.79023173752253
Q14011,-13.1677264069767
P62937,-5.87122282886507
Q9UKY4,-6.30953063709275
Q14964,-3.95999725392819
Q13023,-5.65878276597781
Q86U90,-5.00987340990176
Q8N5C8,-4.57950683262334
Q9ULR3,-6.52204671939594
P14416,-3.69216018561857
P35568,-3.55454738997936
Q13596,-5.25464099736289
Q8N684,-4.70058325960972
O95848,-7.18858998443483
O95996,-2.60148700150037
Q86W56,-4.63700748881534
Q9ULB1,-4.40300980089283
P85037,-2.7606138584057
P15622,-4.23123491990978
Q53HC0,-5.83322460270704
P35237,-23.2534966642115
P59998,-6.13263966910629
Q9UKB1,-3.19966144050163
Q9H496,-3.49950273691402
O15173,-5.06151403313016
P78563,-5.34451989237297
O14628,-1.84091744042462
O15040,-6.25222879940041
P26378,-4.05012307965991
O00571,-4.62405594456908
P09651,-6.47828140120668
Q8IY17,-2.6322419405057
Q96T76,-5.15793856384557
O43829,-3.42014662135626
Q15596,-4.72034164590545
Q96MG8,-23.2534966642115
Q5GH76,-5.41198083903473
Q9Y5A7,-2.58775797759162
Q8WU90,-5.71672103212618
Q14CW9,-1.08813263426933
Q9H1D9,-4.27522193254061
O94776,-3.71473904845429
O94910,-3.49663586822917
Q9H019,-4.72372482108075
Q8TF44,-3.17294801339745
Q9NZ63,-3.41622929904708
Q6IA86,-3.46264154536004
Q9ULB5,-14.9001206169103
Q9NRH2,-0.775296004196041
P40925,-5.58688224690958
Q9P2Q2,-7.01598026282697
Q08211,-6.53339426842321
Q59EK9,-4.44919860857599
Q9Y4F3,-3.49599847523407
Q9Y6K1,-5.81241843740286
O96000,-6.24575145399909
Q6UN15,-5.74290258513166
O43314,-5.46904561553993
Q9BT67,-3.01235209042996
P41208,-6.70056077196097
P35790,-5.16223962210717
Q15643,-4.73660918841059
O43173,-3.32178344119721
Q9P2Y5,1.80967045921597
Q9NPF5,-3.01180986846759
Q8TEY7,-2.57263633663772
Q969S3,-3.20011607939654
Q9NXR7,-7.13035201738601
P62879,-5.38609025063319
P46100,-5.20496953826354
Q9BPX7,-4.5472762700023
Q9BV68,-4.33079571435929
P78357,-7.90712417976933
Q02338,-0.473534775677443
Q4J6C6,-5.15132450771759
Q8NCC3,-23.2534966642115
Q8N9I9,-2.63354174603292
P31930,-6.18641964732688
P51692,-2.75630424343602
Q9UNZ2,-7.85608925351733
O75317,-3.44025193772929
Q16718,-4.15795417366922
Q6P996,-3.40292588132783
Q96EY1,-4.81223266960613
Q96B54,-3.48714213831588
O00499,-6.18695629664451
O43296,-2.17387679979619
Q969G2,-2.03614668134655
Q7Z5J4,-4.96974431978865
P49116,-3.33057617075277
O43395,-23.2534966642115
P23368,-6.87432706699288
Q6ICG6,-4.29293466063326
P04181,-8.52722680969289
Q13523,-6.45659761762972
O75179,-3.06993656374782
Q96RN5,-4.09421186530437
P27707,-5.05412803190719
P08247,-5.31525684686512
Q7Z3G6,-4.07116612007352
Q7L3T8,-3.27942881031572
O00329,-3.7615018058838
P20340,-3.95333934864992
O95155,-4.6433885399655
Q9UG01,-4.4045344396778
Q8NBJ4,-3.27147882222868
Q9NPH2,-5.13990826169185
Q9Y217,-6.26498231620248
Q86XZ4,-1.9777052195027
O95479,-4.03172947539221
Q6IS24,-3.54304265391267
Q9NZL4,-6.51919228705509
Q9BWH6,-5.61451647093444
Q8IUL8,-5.97207015863475
Q5T7V8,-0.792798069409353
Q86Y79,-3.94028040225959
O43924,-4.56769377841279
Q9Y6E0,-5.91770293422227
Q9UK99,-3.58527674844754
P35222,-3.88120903979111
Q9H6R0,-2.68457144304988
P52429,-5.34597686611481
P00568,-5.83862296434538
Q9HCM3,-3.92648380989089
Q8N0V4,-3.25880115050802
Q96DM3,-2.95640989587108
P82650,-6.31902538006111
Q6VAB6,-4.32690705295933
P21579,-6.51528510569397
Q92604,-5.01344891711935
Q12926,-3.71561134132572
Q6Y7W6,-4.89410908843334
Q9UQ03,-7.80388599059421
Q9BZE1,-6.88024943050132
Q9Y4F5,-3.19075230814473
Q14123,-6.01113587262355
Q5VU43,-4.05092324180707
P57771,-3.58902831585455
O43347,-6.62036740475744
Q5F1R6,-1.74264808060259
Q8NI60,-3.84404567549267
Q9P286,-4.65987929412813
O43670,-4.02476956410704
O15230,-5.07221890331326
Q9BUE6,-6.84775797947585
Q9GZN1,-3.48518402392075
Q9BQ52,-5.75402819216055
P43004,-5.00294829355344
P45954,-5.61832084031659
Q69YN4,-5.82154210316617
Q9H2E6,-4.66996537185097
Q9BQD3,-2.59446317557637
O75347,-7.12438086522607
P45984,-10.8727007817045
Q5VV42,-3.66979613423056
Q969H6,-11.0702328173505
P48664,-3.45842543640133
P12931,-8.00767503804996
Q8TBP6,-6.17610405553797
Q9UJF2,-3.72742815347222
O15258,-8.90141813220991
Q15018,-5.27637065153346
Q9Y5M8,-8.59639685431108
P62979,-2.14210608047324
Q12972,-3.92078704339746
O75592,-5.18501820440207
P50995,-4.61501187688323
O60347,0.13845950189035
A5PKW4,-1.73105559851608
P31629,-2.47918719704074
Q15424,-6.54709614077364
Q8TF61,-4.98251304342857
Q9Y3C6,-6.35929158327306
Q14BN4,-4.87271867691439
Q9UKZ1,-3.07712328863411
Q8N0Z6,-5.0875943467716
Q96II8,-3.54632243733451
P61163,-6.12068998428615
P51452,-6.53196154077849
Q96BN8,-10.3152366819014
O94921,-4.98195006155558
Q9Y320,-2.38771964639127
Q9P2F8,-4.8371057571133
P37108,-4.24097768012566
Q9P2G3,-3.77753105327013
O95461,0.999904815394593
Q9UHK6,-5.59855233416307
Q13615,-7.06340184843359
O95822,-2.56579091464611
Q8IXK0,-2.96644439606324
Q9Y608,-4.20077344864724
Q5GH73,-4.86418092806517
A4D1E9,-3.17326023423104
Q7Z5L9,-1.05972009860555
P52788,-6.12765439060013
Q9UI36,-3.15005568366875
O43524,-3.57489905509586
O95271,-3.55180347647289
Q15717,-6.01981176813264
Q9P0U3,-4.96892336730583
Q96C03,-3.72545311649276
P10606,-4.83744341602843
Q8N5A5,-3.82484347770366
Q0VDG4,-4.91497720411865
P23396,-5.4178410154573
Q9NYJ8,-4.56290768715944
Q96MX3,-3.76388979496228
P17980,-7.26543556777977
Q8IXH7,-5.07102606008987
Q9UIC8,-7.29686202999433
Q6ZTW0,-3.98210425941305
Q93075,-5.51842519738667
P62750,-7.12343323609894
Q86XK2,-1.33356209417014
Q9UPP1,-5.10500189022396
Q06587,-3.75521443870523
Q01581,-6.3662195916773
P02786,-4.62189440221805
Q9BZ72,-5.01414571993877
Q8WUX9,-5.3152260176956
Q9Y672,-5.08657027332464
P23193,-3.87012182390276
Q9ULJ8,-5.28601865181398
Q6NUM9,-5.51974264674891
O96005,-6.11982719469871
Q9NYA4,-2.13617256161612
Q9NVR0,-0.548266068069588
Q9H0D6,-6.51205820840587
Q9BV57,-5.12586688023045
Q9BXI6,-5.56477343781163
Q86UU0,-3.3574798263349
Q9BV20,-23.2534966642115
Q9UBF2,-6.25324312948371
O43427,-7.38096610070378
Q9HCJ0,-4.94156084380345
Q9BSJ5,-9.65486451407941
Q969R5,-4.03751728248092
Q15269,-6.45476923721818
Q9Y376,-5.19949408815608
Q9Y6H5,-16.7210614628602
Q13585,-4.27399943622368
P07093,-23.2534966642115
Q9NRG7,-6.92678849289994
P50583,-23.2534966642115
P57768,-6.04632615649889
Q9C0A0,-5.00309724160379
O00233,-5.31342413941926
P20618,-6.51763326486016
Q9Y2S7,-4.87762505314224
Q8N6N2,-3.51372796942139
P62304,-8.23940494737073
Q15286,-6.99097717193383
Q9UKC9,-4.67467600515751
Q14416,-13.9693196516901
Q96T58,-4.18061499265763
O00743,-5.0678381840763
Q9H8M7,-6.09496224856894
P43681,-5.5700647598921
Q9UM13,-3.05834925735576
Q96SU4,-4.59217520091827
Q9BS26,-8.99790613821643
P18615,-4.43502999652816
P15586,-7.0693680417594
Q96JJ6,-2.75439436165163
Q9NT62,-6.8446222113428
Q96CT2,-3.51962375940583
Q9H7D7,-4.66253492120638
O43823,-4.15429560253358
Q9NVX7,-3.90425981621931
O43660,-5.60676016115475
Q7Z5G4,-6.09876483578398
Q92785,-4.25732151527195
Q15878,-4.15630343473281
O15126,-5.05554610901787
Q9BTC8,-3.7543393360394
Q9UID3,-5.65795756328857
Q96CU9,-4.81643504824201
Q6L8Q7,-6.75787809218589
Q9NRD5,-5.66493541058738
Q9BVL2,-6.19756587339975
Q9P291,-4.09014772906147
P14866,-8.3158292769511
Q9UNA1,-4.24279857646768
P56945,-4.13198817748349
Q9NRX4,-3.80290018474855
Q96K37,-4.72152306735226
O15394,-4.42423745514344
Q9HCJ2,-1.63402815020534
Q02252,-6.48008757945172
Q96GS4,-6.3717391951848
Q9BXJ8,-23.2534966642115
O60477,-4.86370017010552
Q13242,-8.02817344130614
Q96SZ6,-2.22360653301296
O43813,-6.87345234121096
Q6DKI1,-6.04320859171633
O60503,-4.7508654190105
Q08945,-6.07877950038246
P08579,-6.28428179006189
P62380,-4.57557201914811
O60568,-5.78097472591448
Q14681,-2.20196566717855
O15498,-6.34577028131265
O14787,-5.80426757329454
O60869,-4.29998450374408
Q13490,-4.14150852603588
A6NKD9,-4.71074911442383
Q9UKE5,-3.40319994792172
O95185,-7.11741686150609
P17041,-9.92110775413908
O95336,-6.45929400580413
Q9H9T3,-4.64484652818207
Q15102,-7.71735577569532
O95402,-2.60633072333523
Q96MP8,-5.53490281612078
Q9NW13,-5.39510763323374
P06576,-7.07918624225454
Q9GZZ1,-5.059939289712
Q4V328,-6.30863389671018
Q15120,-5.28595777693562
Q9UGI6,4.93858112572443
P55036,-4.87143712145285
Q9BXB4,-4.40468114546618
Q9UKA4,-3.96235721108157
Q96ED9,0.104402657535453
Q9C0I3,0.0091702845563739
Q99496,-4.3819836760875
O43602,-4.35416036072674
Q8IXQ4,-5.66207287887227
O75794,-6.23513005839858
Q7Z5K2,-5.06792201652208
Q9ULK0,-2.63871833938992
Q01064,-3.3661377150867
Q9UBT2,-8.53046818365671
P38405,-6.25713069884622
O95757,-4.4250735878426
P07741,-6.39972497822335
Q96PV0,-5.37999148257406
P54289,-7.20755166784362
P08069,-5.08288407213347
Q9C0J8,-3.07450167514016
Q9UQB3,-4.36567288217827
Q9BPY3,-6.44049515264535
Q15768,-7.21949241798443
Q9BQ95,-6.68927257096471
Q9HBU6,-3.30586882269368
Q9BQ16,-4.98373636993345
Q9BRS2,-2.49980096654108
Q86XS8,-0.949118235514055
Q9NZ32,-5.76217024519432
O43795,-7.45404927075453
Q5TC12,-4.50171471110368
O94955,-2.87198436548035
Q96T17,-5.44809250840923
O60296,-3.84375193413139
P18074,-5.51275951200518
Q13873,-4.29112195253045
Q99519,-5.64063596461504
Q9BZH6,-7.95484596673587
Q16875,-1.86829118795801
Q5VZL5,-5.1446087809271
Q96RT7,-3.48722150133881
Q9BQA1,-6.23843919713982
Q14669,-4.29315169694681
Q9P2E7,-5.85980506919401
P07738,-6.70651886510119
P22303,-3.11266531705375
P50579,-5.46085076158936
Q12797,-2.59908765432289
Q8IV38,-3.69158702021998
Q9NS40,-3.49241192976037
Q7Z6K5,-13.0859657381649
Q8IZ21,-5.20832810224915
Q9UBK9,-4.70971666945914
Q7Z2T5,-6.39632596140802
O15164,-2.86178666169906
Q13555,-8.28412531612082
Q9H3K2,-6.77769102697794
Q6PI48,-4.34195107666414
Q75VX8,-3.91069391602612
P06213,-4.29888534695674
P31152,-3.64203150653131
A6NIH7,-1.60827954971055
Q9UKY1,-23.2534966642115
Q13303,-6.11550236473912
Q96JN8,-5.06462629174655
Q9Y5F9,-3.72343063406512
O43815,-7.49920842504903
Q8NFH3,-4.67392072523333
Q9BRX2,-4.47183295524141
O14964,-8.04893898640798
Q96JK2,-4.06440104322907
P61758,-10.9949637844113
Q15375,-3.19660890384841
Q9Y6D9,-4.29643331198248
P10645,-4.82722041152592
Q9ULU8,-7.97969076564253
O95801,-3.50417083597081
O00507,-9.90997312032425
O14682,-2.66632442404808
Q08554,-4.01963387079177
P26196,-6.41190635425012
P19784,-5.79711693857437
P54646,-7.08303484186144
O94766,-5.04375992548269
P11117,-7.43986106772465
Q9NP66,-3.08237421587098
Q6UB98,-5.18022582826942
Q15545,-0.897577765110171
Q92953,-3.97347913845298
Q9UHJ6,-5.07787861837299
Q96DA2,-6.13983576615077
Q8N1G4,-6.05615755931401
Q68DK2,-12.4410381135851
P55265,-5.61038592103199
Q9NS39,-1.52265427808348
Q92529,-4.24909496405392
O95785,-3.42612676251366
Q8WWI5,-5.85062015995581
Q92558,-5.6042238494874
Q9GZY8,-4.91797637884927
Q86VN1,-8.10714293759416
Q96RD6,-5.7256170119865
Q96EQ0,-2.81238614238602
Q96QR8,-11.2834260107336
Q7Z6I8,-8.12010397379957
P22670,-5.17350997540793
Q16854,-23.2534966642115
Q8N9N5,0.951413244781961
Q15382,-23.2534966642115
P07948,-13.2341126243718
Q92979,-5.23242714462583
Q9NVN3,-5.82769807552142
Q16539,-0.0836829502909028
Q9Y2Z9,-5.20287647575983
O75354,-4.64715948241939
Q9UJ83,-1.84590172699609
Q70EL1,0.0734056574019244
P49247,-4.90397276966677
Q9HCM9,-3.57124958987847
Q9NWT1,-0.521005489168804
Q9UBU8,-3.70333120732667
O15530,-10.5398736244849
Q86UA1,-3.70265904172499
P18887,-5.89466866552882
P78504,-4.41053999710563
Q92805,-2.37311892873178
Q9Y5B8,-3.29302002074036
Q8IZL8,-6.75233100556089
Q9Y512,-6.53857268170206
Q29RF7,-3.67201658824421
Q96GX9,-4.03591737260177
Q8IWZ3,-5.56668212293985
Q92185,-3.43225553107281
P00387,-5.8838884258266
Q9HC52,-5.07167390916848
Q9UBU9,-5.14042473489154
Q9Y6E2,-5.2331194057786
Q8IWV8,-5.36803038216678
Q6PI78,-5.45978593967982
Q06203,-6.82525426144603
Q9Y6M1,-6.49002862509474
Q9NQZ5,-2.02207520062307
P17655,-3.5617369835485
Q96I59,-6.50727894492178
Q16281,-23.2534966642115
P61086,-5.23535814824041
Q9HBF4,-5.54247474950288
Q96FE5,-5.635342474959
Q08174,-4.03996938529747
Q9H9J4,-0.751823748193885
Q14331,-5.21049700235228
Q8IU81,-2.71954573381371
P04179,-6.04379560967569
Q9GZR7,-5.42318167738727
O95551,-4.58426050449034
Q8IZQ1,-6.56166062101195
Q2TAL8,-3.18828349741312
Q8NEB9,-4.74269983689039
Q16739,-5.41773112851204
Q99435,-0.341787962369719
Q9Y618,-2.62668116853946
Q8N5J2,-3.42525411433402
P11279,-7.76650252750389
P82909,-5.83201255309176
Q9NRW1,-8.24811698157941
O60231,-5.19367745001798
Q05048,-5.40296039231026
Q9BRP8,-7.92320463360249
Q8IWZ8,-6.98197119547847
O14733,-3.16541786245863
O00506,-4.57769393918495
Q15024,-5.7314189082545
Q9ULH0,-6.03822335546748
Q96DI7,-8.14459552867899
O96013,-6.76166324518213
Q16629,-4.6024069532936
O15213,-5.11074835343786
Q9BRK0,-5.14076851057897
Q96SB3,-6.36253036439687
Q09019,-3.94501818052679
Q9UHB4,-4.95325036104964
Q6PCB5,-3.74559373685769
Q63HN8,-3.1666452642118
Q9BW19,-2.32929809884207
Q9NZ01,-4.51653298393332
Q86XX4,-2.99878815790323
Q9NX74,-4.3705584794796
Q9BRQ0,-3.63999970803239
Q8NFA0,-5.75522487324294
P60660,-4.87283038271726
Q9Y2E6,-3.63450984723791
P16383,-5.29198946271976
Q9H165,-4.23489863030402
Q9H2D6,-5.37487559308333
Q9UBC3,-0.0612394175255873
Q8N9R8,-5.38163326648007
P54802,-6.39836681480765
Q8NHQ9,-23.2534966642115
Q8IZE3,-3.74079402351709
P49815,-5.48225524236876
O75528,-2.9598985243752
Q9UHI6,-7.12075451608466
P98194,-7.62192961857907
Q12981,-8.03632761040913
Q4G0J3,-12.5225734491754
Q9Y2I8,-6.72795099984861
Q9UGP5,-2.97492788650397
Q13951,-5.83688411149617
P00367,-7.24624234099326
Q9NSY1,-3.47199643370696
P53680,-8.53312028678816
Q8IUC8,-13.6681930769052
Q96NL0,-3.17382762300133
P19086,-5.82757304290764
Q86U38,-3.97898539487396
Q8IVT5,-7.13158661861971
Q5JTJ3,-5.62851900316987
Q10469,-1.75733370772282
Q9H5N1,-1.64464474599886
Q6P1X6,-6.27071065122766
Q4KMQ2,-14.1228666235753
Q8N3X1,-4.38113611779422
Q9NVV4,-2.35021293745138
Q96F63,-3.7724005645556
Q7Z7E8,-3.93173765755082
Q92539,-4.70446708200565
P08574,-8.95734575040232
P62249,-8.54493155759329
Q9Y4H2,-2.6750514677002
Q04837,-6.0962387613941
P62910,-5.04024588197328
Q92879,-5.56477787069065
Q9P265,-6.12373248744022
Q9P0I2,-5.47468536163096
O15297,-1.19182050335708
Q96E11,-5.80841059302592
Q14980,-4.86972487144144
Q9UKG1,-6.89030530111208
O75746,-7.45929667718355
Q8NBM4,-6.86752304122138
Q9Y3A3,-4.48373510832514
Q96DF8,-1.91272965032031
O94875,-3.34887710429484
Q13443,0.125330080447537
P51532,-5.86377585610311
Q9GZL7,-1.11632191074705
Q9P0U4,-4.52600046730562
P61129,-3.39494583751545
Q9H074,-6.19106992902125
Q13115,-2.05882383479424
P98077,-3.83839371327043
Q8NAF0,-6.48781309095568
P22314,-8.93511588121729
Q96SN8,-0.897469477739119
Q5JTV8,-5.45028569961275
Q8TDX7,-2.17980204027037
Q9UHN1,-5.80403514510592
Q86TU7,-4.25528525361447
Q9Y3B3,-4.3231272640123
Q14781,-4.76747011305627
Q6TFL4,-4.29076505842626
Q8NF37,-6.36894938192848
Q9H4A6,-8.1625377367028
Q96N64,-2.74797556389592
Q96AE7,-2.63885411490735
O95260,-1.95557941556444
Q99608,-3.62390773420049
Q96EK9,-4.36144663148063
P78318,-4.54994064452809
O95568,0.999902322618908
P24666,-5.3612069909234
O00203,-6.32009222360774
Q7Z7L7,-2.72586839821253
Q7L311,-5.11910126072968
Q8N9V3,-4.80194537401776
Q9Y2T2,-6.6883615010027
Q9BZL6,-3.42468444383334
Q9C0C2,-5.83342781145585
Q8IUW3,-1.78527188545717
Q15061,-4.37069005876537
Q5VTB9,-4.05740030495854
Q96AY4,-7.28776736345638
Q9NR22,-6.49794636028595
Q86XL3,-4.59538862219626
O15400,-5.35040029401993
Q9Y4K4,-5.65008698705785
Q92974,-4.89587819186944
Q9H0U9,-2.6285541995548
Q8IVH8,-3.88667861004949
P55795,-5.42176900866638
Q8IY95,-1.34493556367451
Q9GZT4,-5.70338527168917
Q15742,-2.93342319424003
Q9Y2U8,-3.76204078389713
Q15386,-5.96675929320902
O75127,-4.70232718618332
Q9ULV4,-6.43606518169134
Q8WUH1,-4.35283393112228
Q8NAV1,-5.18702575770332
Q9Y2K6,-2.87784619468179
P50897,-3.82109593617349
Q147X3,-4.97488181157807
Q96LT4,-6.20335944582727
Q9Y285,-6.77547886890965
Q9NUQ3,-4.87593283514843
Q8TBN0,-3.88725515547218
Q9NUQ2,-4.67837163526553
O00451,-4.59989841999013
Q8TAA9,-5.01594461710879
Q96AJ9,-3.90140611273822
Q8NFP9,-5.87286127872929
Q9H936,-7.84935886397961
Q9H7P9,-4.77061630050057
Q12852,-4.74893402483668
O95405,-4.09365063004362
Q9UQR1,-4.34975643748037
Q2KHT3,-3.12257518574962
Q5VUB5,-5.95349091781449
P55345,-13.2932731571582
Q9Y625,-5.89494624623545
Q16799,-8.15844982247243
Q12986,-6.03489880008647
Q6DKJ4,-4.90350361517047
P46940,-2.24402702277714
Q99523,-1.82319627472998
P28288,-3.99534663792838
P21281,-7.48991855101467
Q5C9Z4,-2.05126920305959
Q10570,-8.1245310424715
Q13017,-6.40622965587656
Q6P1Q0,-7.59809107938498
Q5H9R7,-8.76846620063534
O94952,-4.13844450359129
Q9Y2K7,-3.1356457724898
P32297,-2.48831696409706
P50552,-5.7436202386502
Q96FZ7,-5.80707089398554
P78345,-0.821239862832949
Q5T5Y3,-5.13350857452262
O60292,-12.9522846697347
Q9BVG3,-0.933892515311152
Q96GM5,-6.53432990180622
Q96FK6,-6.8258756107164
Q8N5U6,-1.63478457851727
P63098,-5.76634732257465
Q5VTR2,-5.66540933370898
Q6H8Q1,-7.33546174778148
Q9ULX6,-4.08637118324104
O00468,-5.68968447304705
Q9P2S5,-3.7657430798351
Q9UJC5,-7.30972880496379
A6NHL2,-5.39443833068716
Q9HBW1,0.844935603413083
Q7Z7A3,-3.99444213516022
P53667,-4.78502632345149
Q7Z6J9,-1.12429023755681
P56937,-5.05291889874419
Q9GZT8,-5.78045299271679
P01112,-6.40726352183709
Q96KA5,-5.85524672323714
Q9UH62,-6.26526935016751
Q9BY77,-5.67061204821917
Q15819,-4.25800804607451
Q9HCN4,-6.2181408718492
Q14320,-3.89743567802254
P51148,-4.73098503880928
Q04760,-5.30109070627779
P25098,-6.01686066706597
Q8WX92,-4.91994011672253
Q9NX05,-1.73573184518035
Q96S94,-2.97145222369594
O75175,-6.93719677973922
P62070,-6.45011093355024
Q8N163,-6.7001696761103
P41240,-5.18839563266565
Q7Z6J6,-5.42880156587267
Q12860,-8.59158367325349
P33316,-5.06077395608875
Q9BTE3,-6.3075256701902
Q969G3,-5.25115106397659
Q14149,-2.99370151856829
Q5VWX1,-2.54405106407622
O75489,-7.17991544295429
P07205,0.455590056366128
Q8TB52,-3.49175180468181
Q9HCG7,-6.70931744295073
O43159,-5.29848642930173
Q8WZ19,1.06501247132296
P16333,-5.01935889116333
Q8ND76,-6.82763259371988
Q9UGH3,-2.69146364615108
P31937,-5.4244134849076
Q9BX68,-6.63119454421555
P40937,-4.97576164801949
Q9HC36,-5.8581850065384
P63313,-4.76842217720201
Q9H5V9,-3.4916616563541
Q8N475,-3.55142949172621
Q15393,-7.52786204463178
Q5GH72,-6.78934678461357
Q9P2D1,-5.07067739981313
O00423,-6.87553690986695
Q96S38,-5.81973557439759
Q9H9B1,-5.54438851205174
P14324,-7.15123230474671
Q8NG11,-10.0330165493034
P19022,-8.25675733476592
Q8NDT2,-5.73451720713267
P09104,-7.88483312356036
P55283,-4.07397194577287
Q9Y4K3,-12.2079292241206
Q5MNZ6,-10.620604445774
Q9UK97,-13.9650926018269
Q96QD9,-7.36542706279636
P83876,-2.26621043487999
Q15652,-2.96409138332779
P30048,-7.99167818873722
Q9Y233,-6.903048277038
Q9BXR0,-6.80216715322726
Q13219,-3.20641764681949
Q8IW70,-5.3448812642776
P25054,-8.06309079552214
Q86YR5,-5.5705433300014
P01130,-4.02612786421857
O60613,-9.5363261077045
Q9UPQ9,-5.10771299006154
Q7Z7K6,-7.09689621705114
Q14696,-6.88458083046553
P30622,-6.05677436698813
O75051,-5.42374851627789
O76039,-2.03008262508626
Q6PJG9,-6.40191584988851
Q9Y2Q3,-1.08694744746103
Q70UQ0,-4.65589976440071
P36897,-4.02040677041749
Q32NB8,-5.36430045962945
Q96CW5,-5.5374862249774
Q13085,-8.69601596529272
Q9P000,-5.44523506333608
P06730,-6.70723800917958
O94818,-1.55468213550018
Q8TAE8,-5.69852180055012
Q8TC26,-5.41528237396665
Q04206,-5.00507635247497
Q9BRS8,-6.49641835009368
Q5TDH0,-6.19193774509872
Q96J42,-3.33348804006384
Q9UNW9,-3.00005163883069
O15013,-6.70661355844504
Q9NYF5,-2.53197039041565
Q9UBX3,-8.7664711372858
Q9BZG8,0.0601145325167648
P40145,-4.44147928309282
Q6DN14,-3.17709777631257
Q8IWE4,-6.60481229386463
Q8N9I0,-4.00292776296142
Q9P1Y6,-3.96398514148199
Q96A83,-6.54663210765009
O60245,-3.94772429442117
Q04726,-3.82746007272515
P34903,-6.33850453298323
O43306,-4.48504324325663
O60242,-6.48141676562205
O75140,-13.0238646037579
Q9P2G9,-4.30238063645251
Q13257,-3.19292095197216
O00442,-7.7574060133747
Q9NV88,-4.8166754080719
A7KAX9,-6.99761478606182
P27448,-8.04438857964623
O15417,-2.52853593168697
Q9H425,-5.99618271271158
Q75V66,-4.09238344072963
Q9BYD3,-6.54892413535221
Q9UPR5,-4.00433994018812
Q01650,-2.55929669353071
Q5JPI3,-4.35729329734397
P47755,-8.13477756656804
Q96PV7,-2.33496875037626
Q05D32,-12.0488728820089
Q8WUF8,-4.59504621472125
P61266,-7.03519177208349
O75970,-5.64942950047955
Q9Y2E5,-6.6961254079534
Q9P2K3,-7.24089985941962
O94966,-6.9084345184039
Q9BSH5,-6.24380398612375
P0DPB6,-4.01264802037761
Q8WVF1,-0.00246547469099781
Q9H0K1,-5.20821627919482
Q86U42,-6.38575656911319
P52594,-8.72643890256213
Q58WW2,-5.20574731283006
Q9NQV6,-3.19849027547862
P09493,-6.85842089611335
O75380,-4.87766519547655
Q8WVM7,-6.25556160747454
Q8IVM0,-5.81631235566475
Q14914,-6.37550612204336
Q9Y4X5,-5.08426280238085
Q14108,-6.54181932940056
Q9UHX1,-7.83977303423594
O94779,-6.04439674991615
Q9NR80,-4.70109785369517
Q9Y653,-4.34103883792085
Q6PK18,-2.97452282243558
Q8TD16,-4.05459876308312
Q13617,-6.55519655125279
Q6PML9,-2.2528972473981
O15068,-5.44398714746285
Q9Y296,-6.6125169919615
Q3ZCQ8,-4.52006445018206
Q13315,-6.67389373907832
Q6N021,-2.24424288229237
Q96C12,-13.7313929658879
Q92636,-4.69254747176373
Q7LBC6,-6.62531741122702
Q9BRL6,-4.58384763266378
P55957,-3.35283044082759
Q9H6W3,-4.79553193261562
Q14183,-5.66756959970501
Q92643,-6.19721091189531
Q15858,-4.19849464995569
O60333,-4.69606394259612
Q92994,-2.7566209377503
Q8IYT2,-0.632404863577097
O00189,-3.95535311696196
Q9HCS5,-5.08719678648634
Q9H8M2,-6.35378825818224
Q01538,-4.33935863457074
Q9H5Q4,-5.36235641177265
P25788,-6.70271876773388
Q9H3P7,-6.59957122805176
Q7Z7M0,-2.11706670285851
Q8TBC4,-10.5756079409837
Q53T59,-7.51647235800561
Q8N4U5,-3.80347451226745
Q07954,-6.97400100212175
Q7Z7H5,0.212195104427976
Q6IQ55,-3.87547412918763
O00273,-7.04098033313422
Q13825,-6.41666555479013
Q9NQT5,-23.2534966642115
Q6NXE6,-7.25868276155242
Q9Y399,1.54909749303994
P31942,-7.57326646251126
A8MW92,-4.29386758452696
Q9Y5E9,-5.92495609016362
P04049,-5.58664416129528
Q8N2Y8,-1.90054584256215
O75061,-7.74187470373647
Q92995,-5.03373906387912
O15079,-7.51825204617501
Q96BY9,-2.10839027224444
O15020,-6.80261908960682
Q92544,-7.4414759957809
P04843,-7.42819727339
O43581,-3.23555662401494
Q9Y5T5,-0.0797274596423338
Q96P16,-4.72332800796332
Q8NCA5,-4.82989893237706
P20339,-6.97330766865553
P50749,-4.3069238503005
Q8TCT7,-6.18376848783542
Q96LA8,-4.8127495404867
Q86X76,-7.1983265047067
O75044,-5.64715271096919
Q9H8Y5,-5.03844927739242
Q6ZRP7,-5.52376555880404
Q8IZH2,-4.87119251196625
Q96HS1,-7.79911694340892
O95948,-2.38847512867438
P49917,-6.91696560831533
Q8TEA1,-6.1967573265981
Q9BWU0,-4.01777927872659
P25685,-5.2919095228811
P32856,-6.28971950140801
Q9Y463,-4.91751081688843
Q9UK39,-5.58641035990067
Q6DN90,-6.42410816557372
Q8N335,-4.24156445423105
Q9UNP4,-2.47646749292756
P78356,-5.5623322245781
O95198,-3.16385875483481
Q96JJ7,-3.63910664911158
Q86UT6,-2.04222754958956
Q6P1M0,-7.74419263762003
Q96JN0,-7.42453413367532
Q9BYP7,-5.89255070360363
Q8IY18,-6.24144208429533
Q9NVT9,-5.69093633163999
A0AVF1,-3.26180327195529
Q92630,-3.57054807254573
P62834,-1.88622087352761
O75147,-2.1870499944897
Q58A45,-3.34059396831074
Q9C0H2,-7.18292813114032
Q96JJ3,-4.1382618466311
Q6NTF9,-6.69157944951944
P00966,-9.18898719520743
Q9P2G1,-6.34988930494366
O43818,-3.23517176438784
P46934,1.74273702811343
Q86XR8,-3.01936888969674
P49354,-8.21469438203184
Q8ND82,0.422581767816164
Q9Y6X0,-5.0860111009941
Q92889,-5.65445891820578
Q9BXQ6,-5.17546878539379
P26038,-6.85983463012427
Q9H0K6,-14.607779631421
Q9UL12,-11.4420092548797
P48200,-2.88966026972942
Q7Z6L1,-6.2591856387228
P41247,-3.19545433115508
P42574,-10.6777583647429
Q9Y696,-12.5676512695916
Q9Y4D2,-4.35198774252183
P29320,-4.62564581236129
Q08AM6,-7.13695293303294
Q13136,-6.31413703170229
Q13796,-4.07540404228998
Q92917,-5.7787719101134
Q86V87,-1.49785728621627
P22626,-7.88665106918018
Q96AX9,-6.64729307723011
P22304,-4.31180716589333
Q02040,-5.2287452426308
Q86VW0,-5.03343491876924
Q8WYL5,-4.14751632518894
Q9BQF6,-5.24554658148699
Q9UGR2,-5.16521357295263
P61018,-4.4052160456702
Q7Z3C6,-5.38428460035243
Q9H777,-3.72463847029613
P32004,-7.754994635288
O75864,-4.68971622144633
Q9ULJ7,-6.09815163265382
Q00975,-5.80669279042539
Q13976,-3.80011945252884
P42694,-4.19183077368371
Q9BVG9,-5.64173232704724
A4D1P6,-5.5109927380707
O60291,-4.91730203599366
Q9H6E4,-23.2534966642115
Q12846,-1.81247268933767
Q9UBW8,-1.63507108936668
Q8N157,-2.31398431389256
Q92692,-4.42800708485926
Q9ULE6,-3.17774377517256
Q6PKG0,-8.33157479758465
O60237,-3.89795785058799
Q9H993,-2.56360399811347
Q9HDC9,-6.74570959218206
P48651,-4.49382566523369
Q13347,-5.73990642029838
O95470,-5.20761540776008
Q8TB36,-8.01636875049132
Q96RS6,-6.23013473542494
Q8NFY4,-7.70644962709576
Q13131,-8.04986929474589
Q92530,-5.06717479510139
Q92610,-2.61097404307944
Q96F07,-7.8967776549133
P98172,-6.84238582872786
B7ZAP0,-5.27065105516352
Q16720,-7.50850238427673
O95881,-2.09678814765465
Q96KC8,-5.4265382136963
C9J069,-3.59471857848266
Q05086,-5.90558425633732
Q8NCW6,-1.50624772592845
Q9Y2X0,-4.55695106188539
Q9Y2Q0,-7.63700332744076
P22695,-7.50959560598573
O95926,-2.66433766027861
Q9BZI7,-5.14043980986132
Q99653,-5.58129236861078
Q9Y6V7,-4.24919676731914
Q8TC07,-6.46235676363835
Q9H8M5,-7.01186432673232
Q9Y224,-8.9346032985621
Q96NW4,-12.4378017796808
O95639,-3.86695650592395
O96028,-4.68983546462996
Q8IUH3,-3.56288540988824
Q7Z4L5,-5.70079570432089
Q5T5C0,-5.79698868535493
Q330K2,-7.0231761976516
Q93073,-4.61658488175508
Q14353,-4.46710288268484
O75326,-4.34400114835846
Q92543,-4.93523358536827
Q9Y5Y2,-8.28948934063349
Q17R98,-3.60327204980211
P55786,-7.64556864313189
Q15637,-7.05466832318319
P20936,-6.87158623197394
O15041,-5.16988185618476
Q969K3,-2.77824226899606
Q5T011,-3.74896345713171
Q9Y5B9,-8.87183565156921
P23786,-8.98809545290116
Q6ZUT9,-5.82854628371023
P12814,-10.5140146593902
Q53HC9,-5.06411157621132
Q9UMY4,-4.997145491358
Q13480,-5.97083045201585
P36954,-5.09766950470917
Q96E22,-5.07923003319782
O00748,-1.27536270263291
Q9NV06,-4.02730689189584
Q8N1I0,-7.08255410955735
O43169,-7.45387345864269
Q6ZSY5,-6.6968748601219
Q96GD3,-1.6482593747025
Q9NXC2,-6.3646379587216
P40222,-4.31665939134677
Q96Q89,-2.9575372541555
P31040,-7.03700945265098
Q96L34,-5.63870209982269
P51687,-2.96843674013428
P84095,-3.60435195481595
Q8IZQ5,-11.5686315877055
Q9Y4B4,-4.97006185987661
Q9H6R7,-6.5980211941861
Q9NXN4,-4.58102588630693
Q6ULP2,-3.53179896595727
O14867,-13.3384392419643
P14543,-2.84078508113591
P82094,-3.68311083152711
Q5TF21,-7.77733510166142
Q16555,-7.91958972056
Q15057,-3.06001480830375
Q6KCM7,3.27678247258626
P04066,-8.71318174392739
P20594,-5.86886173949223
Q9Y2X7,-6.29770269770154
Q5JTZ9,-5.52151780373366
O60318,-6.37114647612181
Q14562,-8.48566336623907
Q9BTY7,0.21407852883925
P53634,-6.2921513669292
Q14919,-2.1385616279327
P49748,-6.94039554254761
Q7Z6L0,-5.65551350220919
P09497,-11.2109215657239
Q6UWP2,-23.2534966642115
Q6UWY0,-0.216208806503774
Q8NCS7,-23.2534966642115
Q9H2A9,-4.73275030959105
Q5SQI0,-8.60737209707204
Q9BTU6,-6.0900223039978
Q14457,-2.30884487765555
Q8IW35,-5.78928655714162
Q99733,-7.4156740326476
Q9Y6X5,-7.13074605048619
O94992,-3.69389734891865
O14772,-5.1174861376322
O75943,-2.93248102608005
Q86SE5,-2.01163390844759
Q6ZT12,-5.67694625991854
Q5SWX8,-4.6582377698527
O15399,-3.55028414364159
Q9BX66,-6.53976726207907
Q9BXW6,-6.02222447106126
P62760,-4.75681464356722
Q8WZA2,-7.83544652771449
Q16560,-4.71246538156864
O43674,-5.46489731912949
P35240,-8.73727641027613
Q9Y2D5,-8.5279962107375
Q68DK7,-6.07483980560484
Q14686,-3.37376813756334
Q6R2W3,-4.33858669084593
Q13029,-6.76463411286227
Q9Y4C1,-1.67667455970141
Q9UGC7,-6.61918008530584
Q9P0J1,-6.41844312156904
P10074,-3.31060531622919
Q8TAP6,1.13034410584815
Q96MW7,-4.48983559511483
Q86V42,-5.52804561837941
Q9UHQ9,-8.45551313971002
Q9UKM7,-4.34295188915525
O14967,-23.2534966642115
Q9H792,-2.89649594582943
Q9UNI6,-5.95953634751672
Q969Q5,-5.8656994393132
P22059,-8.54642930481046
Q9Y3P9,-6.19837100637835
P48067,-2.489454618287
P57678,-6.4394235339447
P07686,-3.87243435431627
Q4VC31,-14.0839921251914
P46087,-3.39615116754176
P51805,-6.12617899518856
P62263,-7.16033913973055
P45974,-7.79340075305991
Q9NVR2,-3.14922007177763
Q96JC1,-6.31264117545774
Q14CX7,-7.11371448695299
P40938,-6.27003191290478
P36873,-5.66215825060629
Q8N461,-5.39980234647554
Q8IUI8,-23.2534966642115
P26992,-8.71585625250321
Q6ZMI0,-7.15015633949317
Q9UH99,-5.4720021516898
Q6ZVC0,-2.74403456502388
P55211,-3.60678578202498
O14672,-7.29798554084533
Q96EL3,-6.25452282882923
O14763,-3.64294522914432
P51570,-2.65121747364794
Q8NDX5,-5.05800595858795
Q15208,-6.37031998226777
P17405,-6.47852951268062
Q96G21,-6.77685916450483
Q9P2J9,-4.84265059198725
Q15785,-5.81578372436494
Q92506,-5.48315639063358
Q9ULC4,-6.12822687414193
P11940,-6.56876178545082
Q15631,-6.72411301098619
O14880,-8.70994381903786
Q9Y6D5,-6.45393875229663
A1X283,-7.98981730434123
Q8N4T8,-5.3704694251241
Q92932,-12.6594299378611
Q92945,-7.21618649833415
Q9UBB6,-6.39222785915851
Q8TEQ6,-7.77313291332357
P61421,-7.97885830525424
P61916,-7.26420898340125
Q96AQ6,-5.06478830481819
Q14865,-1.7061307629131
Q8IUZ0,-5.13053354979371
P62244,-7.82095726286918
Q9UKZ9,-6.96833470065124
Q9Y3T9,-4.57444390060848
P23443,-5.25511748224421
Q96GD0,-7.88827324163504
Q15084,-8.42260001420325
P84098,-6.98707220519714
Q9NX40,-5.70034966989645
P35637,-7.03195774191645
Q96EF0,-5.17339988601984
Q9Y250,-5.7470779554437
Q08380,-8.23671597699643
Q86V48,-5.84578515351299
Q14849,-4.62530448319826
Q6PCB7,-3.44328063483153
O95672,-4.6519867283418
Q07812,-6.40236439119768
A9UHW6,-3.00093481620434
Q53G59,-2.34410829772163
Q9UJX6,-5.89961299169267
Q9P2R3,-8.112803699827
O15460,-3.23484663793356
O14730,-3.66224292848377
Q00973,-2.11142073267449
O60341,-7.2370504649843
Q9UPV9,-6.18195894399772
Q13492,-5.5769521273817
Q9BW61,-5.51143815593034
Q9NXA8,-5.19671982537606
Q9NUL3,-5.91385533909043
P61006,-5.99760343863837
P58546,-12.7741081273556
Q15022,-3.77672343456921
Q5JY77,-3.18848608113159
Q9HCQ5,-4.1328684243354
Q71F56,-4.81295757579049
P50453,-8.42266327076642
Q9H3H3,-23.2534966642115
Q66K64,-3.99608263196284
Q16513,-3.85077270848826
O95163,-8.20180978248151
A4D161,-7.34659304928752
Q8TBZ3,-12.4719831630435
Q8WV41,-5.68911428496797
Q8WYQ9,-23.2534966642115
Q9NNW5,-6.12374243273881
P48051,-2.59530268022984
Q5TKA1,-3.11360952901184
Q86UW6,-7.22827950848328
O15347,-8.59743502550562
Q9H2H8,-6.11275975738623
Q9NX58,-3.16505968702997
Q5EB52,-2.89515680273537
Q9H4G4,-13.1910688732504
P52756,-6.61273663136297
Q9NWS8,-6.91545544289763
Q5BJH7,-6.6733820527916
Q93050,-7.1409643456665
Q86Y37,-2.41779348068043
P52824,-4.22183572901044
Q8IWS0,-4.79450794886112
Q9HAR2,-5.48143195975482
Q53FT3,-7.34925293252714
P19634,-2.57359920799247
Q13322,-6.96626331042648
Q8N5Y2,-6.07173998532531
P52630,-2.67245685631466
Q9Y4G8,-6.28982862505203
O75132,-8.07233728389928
Q9BYT3,-4.79494509822114
O43488,-7.61707868461824
P28370,-5.75524916747344
Q8IVD9,-7.24684513392653
O14594,-4.06919722602653
P15311,-7.29542287387445
P49641,-4.91716644212349
Q13616,-7.41351613416786
P09622,-7.83914022865686
P40763,-6.74267232058521
Q9NU19,-3.40700075172283
Q8N5Z0,-6.25392943960374
P43246,-8.88812430362601
Q96RG2,-5.73270192131584
Q53EL6,-5.33646198604746
Q9Y3Z3,-7.78712027627641
P00403,-8.31451969834023
O14924,-7.00741767394207
Q86U70,-5.84272584793522
O14828,-3.6842832163293
Q5VWQ8,-8.1402014036399
Q92581,-7.20189743763216
A8K855,-13.6920311905522
O15016,-19.7292481896927
Q6PUV4,-9.42971228832192
Q96EK6,-3.77092603342862
O75907,-5.56654243388351
Q15276,-7.31374897192453
P58004,-6.64462794436041
Q96IW2,-3.83661262354985
Q8N5C6,-13.8827329439279
Q9BW27,-8.8924612006715
P49902,-7.21624628435081
Q13310,-8.30954830057546
Q3SY69,-5.68626053753441
O75525,-6.75586716035497
Q9UG56,-3.62019778419862
Q96B97,-4.82071456637175
O94819,-5.25064879365521
Q9Y2J4,-5.92537369055855
P82979,-6.39657100719632
O14576,-7.37183157119225
Q9NYH9,-4.06098505619385
Q96FV9,-6.65287699796419
O14559,-4.62874808551114
P27694,-7.93890406346609
P78352,-6.62204557034238
Q9BUZ4,-7.9226171921275
O43164,-4.72063868632213
Q9UQL6,-2.56460098593774
P48029,-5.03066351537728
Q8IWU2,-5.67049782483092
Q13610,-6.37525786418146
Q9Y3B8,-6.79866219553567
Q8TD30,-4.47094041616342
Q9NZV8,-2.29776110959527
Q9NTJ5,-8.64954371779598
Q9UG63,-7.53181793343889
O15060,-4.45225429225513
Q9UJD0,-7.01100028870811
Q9C0K7,-2.73970846495971
Q08828,-6.51783496439466
Q9NVM6,-3.64607742941509
Q9Y383,-7.21167547847408
Q9GZZ9,-5.4840238349619
Q6UXD5,-3.94122712580447
Q92993,-6.9248327058241
Q8N766,-8.27116184021365
Q13438,-3.79460592791995
P21953,-5.30586220141313
Q9Y2K9,-2.460890068389
Q12809,-6.8439148410683
Q99816,-3.24179501185737
Q9UFN0,-9.31204740011875
Q14249,-5.7166049884299
Q86WN1,-4.139863869584
Q86TP1,-7.7545721997241
Q9Y6G5,-6.2507368654691
Q9UP83,-7.24202223672332
Q6P1N9,-12.0788983309093
Q15126,-7.6399799717406
Q8N8A2,0.000447278857424676
Q8TDN4,-1.09692239793256
Q7Z7L9,-2.22991299390978
Q92841,-7.85715266683537
Q2VPK5,-8.70948023194833
Q9Y5E8,-2.68282897159823
P40123,-3.71525753789916
P05114,-8.86271942861213
P18433,-6.01314567345379
Q15070,-4.09212393084829
Q15599,-6.91818179932006
Q6P1R4,-6.63300967122424
Q13627,-5.2857803262712
Q8IYD2,-5.10408155850368
Q9HD26,-6.42081301308011
P80192,-3.16280441971167
Q96RR1,-0.39995887846935
P50750,-7.89034475624372
Q9Y6J0,-5.88591873953846
P28799,-0.0397931339860629
Q8IWA4,-6.95518216327754
Q86WK6,-0.483379319520191
Q9NQX7,-6.51014852285155
Q8NBP0,-3.48321605721559
Q8IYB8,-6.67753060394874
O60493,-0.9256986390065
O95716,-3.48638121219247
Q8N6T3,-5.79500156176895
Q9P244,-6.6182364704623
P16949,-7.74768709608657
P25686,-7.6735067737272
Q9NWQ8,-5.63571326596001
Q9NX95,-3.67944747282388
Q8NEZ5,-6.79170851965297
Q49A26,-6.11921690752985
Q8WVM0,-4.48129970102169
O95394,-6.59974544885079
Q9H3U1,-7.82384730813479
O60331,-7.34348002881006
Q8IXQ5,-3.14425717718432
Q9Y692,0.188673876014487
Q96FT7,-6.89229969698484
Q13158,-2.16023999256719
P34947,-5.11318580982085
P26006,-2.27006524010667
P51511,-1.2745416167805
Q6P4I2,-10.9112106377233
P26358,-6.52374064213484
Q96PN7,-2.09650706060633
Q9H9S4,-7.98840085521454
Q9H6Z4,-5.74088069913845
Q5T5X7,-3.26089203770653
Q9NZQ3,-7.78748504078545
Q9H8E8,-1.4125629349254
Q14165,-7.71196164684942
P53671,-6.64869603634607
Q16538,-6.27253054691863
Q9C0B0,-7.32056361532479
Q9BRA2,-6.52557911716327
O75431,-3.67191091020441
Q7Z6M1,-6.95990268369323
Q9UHP3,-13.5447996719253
P49759,-2.63158490080946
Q9Y6X3,-8.21382079106027
Q99549,-4.2580362510837
Q495W5,2.56246668812633
Q86WG3,-7.79035673817771
Q6YP21,-6.25702794007636
Q9P2K2,-12.3005071526823
O95104,-6.54375300726108
Q68DU8,-3.97049288468635
Q9UBW7,-8.44390492622341
P05089,-23.2534966642115
Q96JM7,-8.27804781360879
O43402,-4.83085385758597
Q8N5X7,-6.97200043212845
Q9UJS0,-7.73212332995591
Q92575,-6.28176624709575
Q16566,-6.65645171360976
P78559,-8.92750792559942
Q96FS4,-4.43774304766038
Q6ZVL6,-3.69837292919958
O00170,-7.94076666691598
Q9NPB6,-1.01557266239671
P06280,-7.09997183711067
Q9Y371,-4.68099377952142
Q8N594,-5.67213416389516
Q9Y6K8,-15.9956700164014
P62166,-8.09409728003257
O95825,-4.74916252409079
Q9Y3A2,-5.69905662092455
P46527,-7.91058569989327
Q96GW9,-5.44189824799947
Q9BYE7,-3.7440391765564
Q9H2Y7,-1.25532898337553
Q9NZN3,-16.476015634332
Q8IZ07,-7.53570517964557
Q00537,-2.41686600305385
P31943,-5.53947007258794
P08582,-10.9640708255467
Q8WU76,-6.58634439528706
Q9BPX3,-7.36675070149678
Q9H089,-1.01520700774973
Q6NUJ5,-3.27298991042979
Q9Y3T6,-3.77713771003333
Q7Z3E2,-4.08001520672408
O95622,-7.88057747746041
Q9P2F5,-2.5190998481511
Q8WVZ9,-4.680372845118
Q9Y216,-4.96697092051965
Q6ZSJ8,-5.52478145790036
P54753,-7.49231035039341
Q8N6W0,-6.87491995720983
P09429,-2.90416955503765
Q9UHW5,-5.2015734763742
A6H8Y1,-23.2534966642115
O95057,-8.28291486095205
O95140,-7.96178277888612
Q9NW75,-0.283315478878239
Q86X27,-3.47556805012257
Q9HAS0,-4.18996062757409
Q9Y5S9,-4.40313393153882
Q96N21,-6.32968290032756
Q9NZC7,-2.36926009062574
Q12899,-4.43237873148941
Q9BQE3,-5.18950468946869
P62847,-5.50923729069649
Q7L4I2,-4.21280900709271
Q15311,-7.74053340003471
O15083,-3.42303115704084
Q9BWT3,-7.7817143466256
Q9NP90,-3.82291294046161
Q9BWE0,-3.3930070311772
O60508,-8.49293124628407
Q8IY63,-6.71851431732071
Q8NFJ9,-5.5680051640026
P55011,-4.65128272519398
Q9NZJ7,-8.50625347521816
Q9UDX5,-8.86527925567939
Q8N442,-7.36838934935514
Q9ULG1,-3.75482443655907
Q6UVM3,-3.67013116386828
Q2NKJ3,-0.531142739578073
O75882,-7.29958502294225
Q9Y546,-3.77044020317679
Q92618,-4.42485420489777
Q9Y2H9,-8.37190520530643
Q66PJ3,-12.1309628586121
Q86X02,-2.19955454609339
Q9Y467,-4.97105599771568
Q13535,-4.02401097763969
Q9C0C7,-3.08036944161242
Q9H0W8,-8.24652993923873
O43556,-4.2867015706748
Q13823,-2.82003720443104
Q86YH6,-3.43038565350796
Q02218,-8.85551927070783
Q9UQM7,-14.4085506158855
Q14444,-8.81303559816332
Q9NYK5,-5.77851498633867
Q92556,-8.15173396385047
Q9NXW2,-8.00883497040468
Q9BYW2,-2.68110106790335
Q9NRV9,-7.82877457192825
Q5H9R4,-5.84750857805152
Q16342,-5.53463960853005
Q9NZC9,-2.68030481169825
Q9HA64,-6.76690433003904
Q16706,-2.97300821058275
Q96SQ9,-2.0056899406354
Q9GZQ3,-6.80608595502981
O95631,-1.81342893310254
Q9UJC3,-4.82675417850027
Q9H5K3,-8.18286329026392
Q13491,-7.73795744267832
L0R819,-23.2534966642115
Q9BRR6,-6.38178764393299
P52746,-12.5300633783761
Q96QE2,-23.2534966642115
P22090,-5.46157534477372
Q9H4M3,-2.73203347157075
Q99805,-5.39169856605248
Q4ADV7,-0.715035308734243
Q8WXI9,-2.48702114390231
Q9NQV5,0.736316002304262
Q86VR2,-4.3388341267059
Q12980,-4.17141195114181
O43684,-7.19900930395568
P54652,-3.58654890504296
Q9UBF8,-5.8736292682274
Q86WJ1,-6.21170286122182
Q16864,-23.2534966642115
Q92667,-8.48984196362304
Q8TE04,-4.5159515625116
O94805,-8.84543418459279
Q9UHD9,-7.00336527025334
Q969P0,-6.49441837536074
Q15796,-4.27160244674039
Q8IXV7,-3.81675049169593
P00441,-7.58100103534662
Q5JR59,-11.4439232586401
Q70CQ4,-6.07296392516286
O14994,-3.02233919313148
Q9P107,-5.20659803057268
P49842,-0.343580332954166
Q9H5L6,-7.4490943042948
Q53EQ6,-2.74022961614779
Q8IXS6,-6.74937902410254
Q16222,-23.2534966642115
P53582,-12.2460929159444
P42166,-4.4266930093706
Q96MG7,-3.35104105328451
Q5T6F2,-8.50456366226917
Q9NR61,-7.44186917659244
Q13243,-3.62627425315346
Q99614,-8.18842436483345
Q08623,-4.30846093775298
Q9NUQ8,-3.74460444309686
O94804,-0.527989688745946
P51817,-3.02378216593472
O14544,-3.02338831807202
Q01826,-3.74069213598401
Q9NTJ3,-3.17257310628044
O75581,-5.42698594729011
Q9NVF7,-23.2534966642115
P09132,-6.94542201268282
Q96IV0,-7.2681924695057
Q96NX9,-4.76949901091085
P29353,-23.2534966642115
Q9UBP6,-8.82800684561216
O75077,-4.63852175032637
O14910,0.340553012014767
Q9Y2W2,-7.10483307154812
O94876,-4.90212650344277
Q16825,-2.09009774159228
O14508,0.536794608899583
Q96GA7,-23.2534966642115
Q96MU7,-7.13946383069981
Q8N357,-1.05310623715789
Q96K17,-4.50416627371022
Q8NCN4,-0.662261328168417
O95182,-5.99498749518414
Q92888,-5.67448942690185
Q7Z7H8,-0.882343344392383
P56182,-6.79836581084014
Q9BU61,-5.69695116339653
A6QL63,-6.49989019713855
Q8NDY3,-1.80825163633201
P48163,-15.5134158264819
Q9P219,-3.8378508903375
Q96T21,-2.79297122417879
Q13057,-5.81563337456329
Q96MX6,-3.65617453294405
Q9BTY2,-7.42240661231401
Q86UB2,-5.53639933125596
Q8N2K1,-3.5605416594262
Q9H5Z1,-7.40302795028617
Q96I34,-5.56831970469603
Q8N0U4,-4.47661323513327
P02794,-5.55374174309569
Q8N2G8,-5.99528583101379
Q9NZC3,-6.18357659650384
Q6NS38,-23.2534966642115
P52298,0.405026867365352
Q8N9N8,-3.89026798905463
Q9NRR4,-23.2534966642115
Q96DB5,-7.31144700706986
P62820,-7.70625067669773
Q8WVJ2,-6.55066626600038
P40855,-3.58460717598454
Q9UKK3,-4.35409873279572
P31327,-3.14225003337236
Q96A49,-5.22323652446121
Q15025,1.67852823192396
Q7Z3D6,-6.08212318428794
Q96BJ3,-7.13954148031862
Q15572,-3.96229723547333
Q9Y4C4,-4.61659243410996
P26373,-5.70252051783336
Q9UPN7,-6.08222304918828
Q9BVL4,-3.77924695421501
O75716,-5.92274863454869
Q8WYA0,-0.529300697038525
Q4KMQ1,-23.2534966642115
O14908,-4.73982858716161
Q9Y6Q9,-23.2534966642115
Q14534,-11.6160733672438
Q8N8U2,-4.39816099460245
Q8TEP8,-23.2534966642115
Q6UW02,-2.25588513279415
P46977,-23.2534966642115
P62140,-0.830002294308596
Q9NZM3,-3.76241483369175
Q13003,-3.45935037374529
P50607,-1.4947479060698
Q86YJ7,-1.62588955845973
Q9C0D6,-0.79781951592556
P20073,-8.74536415347685
Q15906,-4.30544462068587
Q03468,-4.33211106996353
P15907,-6.34610032770875
Q9BUH6,-3.90322701168583
Q9NZ56,-8.57099840426789
Q9H1V8,-2.97732882183385
Q9H477,-0.867845536057372
Q6P1A2,-7.63560135989275
Q9BPX5,-6.57380430535567
Q9UL40,-5.21354379264948
O75787,-5.17522160884923
Q8TCF1,-6.54328891652628
P68402,-5.56516827113896
Q9UL68,-4.6240859784029
P82933,-8.60719138366016
Q8NFY9,-12.0384761080072
Q96KS9,-8.54561397814279
Q5T3I0,-2.91730939312446
Q15366,-7.94399223128251
Q9H6J7,0.362739693791525
Q9H2U2,-12.1469631457456
Q86TA1,-3.92537388910794
Q75N03,-2.13657289722025
Q76B58,-3.29382553670562
Q8WUY1,-3.08837639037882
P58166,-4.3930493776031
Q86TJ2,-8.50016402084125
Q15436,-8.29798311177665
Q8N6N3,-8.48300508914963
Q8N5N7,-7.28379069035083
Q7Z6G3,-4.75512141696531
Q99447,-4.51736222534646
Q8WYB5,-10.8878579124751
Q00169,-7.9514617854748
Q96P53,-4.84964560322619
O75899,-5.62590507927553
Q9H7Z7,-5.13432524244405
O76041,-3.53748949808344
O76062,-4.69391903920261
P78324,-2.32493394810143
Q9P0L2,-6.08099547790833
O60701,-8.68260882442714
O43493,-6.49152874171571
Q96RU3,-3.02017351369941
O43824,-6.79944459485383
Q9UHV7,-23.2534966642115
Q96AC1,-4.24807067381213
Q96CX6,-0.358935265765076
P67809,-8.59058179736823
Q99961,-7.0346640909946
Q9BQP7,-6.46813890906133
Q9BXA9,-0.631295673524458
Q5FWE3,-2.97078710587725
Q9HCK1,-1.15363558530545
Q6UXP7,-0.214894880541712
P53675,-8.82315761659942
O96001,-3.37863149103248
P04424,-5.2337856692636
Q99439,-4.45357495242879
Q6Y2X3,-2.86990349574287
Q9NVR5,-11.2138706977384
Q9BU76,-0.848715102325378
Q02750,-3.11870793380866
Q13557,-2.6816388934328
P62857,-3.05244003992743
P09001,-11.2704633842183
Q9BXY0,-4.48154786119804
Q6STE5,1.91925240264608
Q8WV74,-1.8064261357401
Q9H2S9,-3.08348657890639
Q6PJI9,-0.90618189934392
Q9H4K7,0.804202069622793
Q9H5U6,-1.53644301732108
Q8WTS6,-5.25179234313784
P12955,-7.03331160185571
Q9BUL5,-6.52440854826577
Q9H4B0,-1.88247290777891
Q15363,-4.70216052619948
Q9UF56,-2.9357722932468
Q9HCP0,-0.439702873963138
Q96HN2,-4.84432608822501
Q6P1L5,-2.15651596968077
Q14684,-6.96527238790086
Q7Z5L2,-3.32637888271719
Q9NRR6,-3.09739545768732
Q9Y6M4,-5.03896658378705
O95168,-1.71210896968056
Q08999,-4.54558140260934
Q9Y4E5,-3.91768714039976
P51798,-23.2534966642115
P48426,-8.05497511432693
Q9HB21,-8.53879765206585
Q15814,-4.02358326225688
Q9NWS0,-1.96155431842358
Q9UKD2,-2.40066050654123
Q9BT09,-7.24140010466397
Q16842,-12.7565655111407
Q9NRZ7,-4.52637822861698
P04216,-3.84293268555572
Q96HY6,-7.45109264261553
Q9UM19,-2.1970603243263
P53611,-8.80387580476711
Q92562,-5.19188706030521
Q01804,-1.47922172515007
Q9UKT8,-23.2534966642115
Q8IUQ0,-4.82335811887747
P51512,-12.6521394499298
P13995,-5.43233160209203
Q4L235,-12.0927869462937
O75038,-3.87395184092373
Q92564,-13.695373259903
Q96QC0,-10.7692030908769
P62280,-11.9886297399739
Q9BV35,-2.23986655570382
Q9BZJ0,-7.53169434355841
Q15833,-2.6053835042152
O43752,-7.34401213315799
Q8N336,-3.17163360105403
P05388,-7.51965532064828
Q05519,-3.54273137420929
P52758,-23.2534966642115
P42898,-5.91182664734623
Q93096,-23.2534966642115
Q63HK5,-12.0964207657984
O75521,-2.95478659685975
Q8TDQ7,-4.62022769519686
Q96EC8,-3.12062472839968
O43464,-3.57496419047136
Q13564,-5.12828558939705
Q9Y6X6,-5.54677566690701
O75792,-11.758693016119
Q99933,-9.71496019124608
Q9UKJ3,-3.37678442363388
P11277,-4.49013083324775
Q9BY11,-4.63078651004262
Q8WUH2,-9.95909572800293
Q9BUJ2,-11.5007856525122
Q8NBM8,-4.51708024418523
Q9Y4C8,-3.28537361751804
Q05655,-2.29718413709981
Q02083,-3.25286737966666
Q13163,-4.30232228109825
Q6P4A7,-4.13877359917552
Q9Y2J0,-10.8837389593453
O94887,0.830530814363478
Q13445,-1.9090424282752
Q86W50,-6.46245590105421
Q9H3N1,-6.72359031194633
Q86XN8,-3.98846946912685
Q7L7X3,-13.5416023750917
Q9UK73,-3.49373857018373
Q8TCD5,-5.97598026202795
O00505,-3.38431458163573
Q9Y657,-1.90285507044499
P19447,-5.76927622810217
Q9NW61,0.137782831144123
O00461,-4.13683530624559
Q15034,-4.59288871299812
O95201,-2.69409150510359
O75608,-6.79098943595739
Q9H8Y8,-4.48841409331293
O14545,-1.99503249953178
Q9Y4D1,-8.9746180069316
Q10713,-5.36388967228492
Q9BR76,-10.4951214501103
Q9NR31,-4.63003245701162
Q02809,-7.38579576959821
Q12967,-5.97538347902185
O75676,-6.43981781918664
Q96EP0,-7.53149483780378
Q9BTN0,-6.38155416215028
Q96GZ6,-8.75925520204732
Q9UQ26,-5.99019820740576
Q5TC82,-2.99895707317996
Q96HU1,-6.2522081086111
Q9P2R7,-7.63693215284855
Q8IZD4,-5.34137819169822
Q6P4R8,-4.15052327269055
Q96AP0,-1.51105178324821
Q16877,-3.44352150692737
Q9BYC9,-8.19238894678656
Q99436,-1.47745208621549
P42229,-12.7816937683674
Q9H3T2,-2.43218768529561
Q9NWT6,-2.74021387170709
Q9NPF4,-7.72266559859536
P06865,-7.89339857160021
P62253,-10.3043222708243
Q9Y3B2,-13.5149882770442
Q9H2J4,-5.62859966362841
Q5T440,-4.99535492815788
Q9BVG8,-3.15351335187897
Q6ZNW5,-3.1509323332604
Q6V1X1,-3.94538814124107
O75351,-4.01056578468396
Q9H0M0,-5.6108161404018
Q6P2P2,-12.597675823262
P15735,-3.82119661794203
P09661,-6.63213031075364
Q9BYG5,-6.57466975965918
P05141,-5.78727633013973
Q9BZ29,-4.8721973645974
P35475,-4.11190804978201
Q8NDV7,-1.61619835145465
Q9UBM7,-4.19892727423561
Q9H553,-6.50352855863049
P83916,-3.298649752888
P52799,-23.2534966642115
O15118,-4.46182512749153
Q9H307,-6.06282439366673
Q96ER3,-11.1702064253711
Q9HCE5,-2.81931447820235
Q14677,-2.17596648685842
P62330,-7.80534564962445
Q9Y6B6,-12.7514113848885
Q08493,-5.48736236624628
Q8N5Y8,-3.96767626337027
Q96I99,-1.29660734287623
P82921,-5.30593595748095
P27361,-6.93279186199065
Q9H254,-10.164122982335
Q9UNA4,-3.77329238158379
Q9BT22,-3.11643524039102
Q969U7,-5.826181568258
Q5J8M3,-1.7387124329673
O95571,-8.48192409385498
Q86VD7,-4.75875716256998
O00422,-5.11256660541194
Q9BV86,-6.51401130135919
Q8N8R3,-0.500517290854901
Q9UKZ4,-5.54326631536334
Q92828,-2.69312492518938
P50452,-5.83608135960301
Q96PU8,-1.55473185264374
Q9H2H0,1.74208246789629
P05387,-0.51996148021045
P30049,-7.18271866582086
Q14257,-8.45071431956691
Q96G01,-2.59668256565453
Q9HAV7,-4.13432882919119
Q8N7H5,-23.2534966642115
P62942,-6.50947952677738
Q92830,-1.6850716215785
Q13472,-3.04909971337858
P51157,-4.64403962763029
Q8N4N3,-5.17383350395075
Q8N944,-11.4265704911354
Q8N9B5,-3.02256668530053
Q9P270,-6.96048667666707
Q9NRC1,-3.30156459002284
Q8IZU2,-2.59334123742544
Q86UN2,-1.46411835012547
O43772,1.21315241110629
O76080,-4.35162681943131
Q9UIJ7,-8.32158018759308
Q9H977,-4.84918058422327
P0CJ78,-1.24719563118069
P48380,-2.40093535150009
Q9Y365,-13.4438046546338
P52747,-8.52939680683038
Q96RT1,-4.54050707753361
Q14232,-7.86445422651996
O95905,-3.70790693846836
P07203,-5.99435382202346
Q8NHP8,-12.3506158250686
Q96BM9,-8.50444521648882
Q9BSL1,-7.04465013908607
Q7L5Y6,-12.2175890016574
O94916,-2.11597359398279
P22413,0.849651663267668
Q86TW2,-11.972613670695
Q8WZ74,-5.33071140412472
P14174,-5.53725600622315
A2RU67,-2.28758709203003
Q9H0E9,-8.65724303968116
Q9H898,-0.837482365226503
Q6P3S6,-14.4970199455994
Q5TEU4,-3.69917348977544
P49593,-6.34237879002483
Q9GZT3,-19.3644874429443
P40121,0.543262100087228
P10746,-5.8579731950761
Q13424,-0.45603392133942
Q9NPQ8,-1.36752896881084
Q9NPI6,-5.57005282755107
Q4LDG9,-4.59698333365834
Q9NRR5,-4.87531374838604
Q9H3R0,-5.90284071898716
Q9H2F5,-2.87547603142313
O15160,-6.16484415545311
Q9Y259,-3.46090125377138
Q9UBV2,-6.74605293582751
Q0VDF9,-5.11655326549849
Q9Y4B5,-3.27341913264531
P27544,-2.31467126817543
P13861,-6.59425326149294
Q15542,-1.0802336762187
Q5T7N2,-6.28105582743966
P54756,-2.77307324658034
Q13190,-7.32687173614302
Q6IC98,-4.64803673377274
P56537,-5.66420949246301
Q8WYP3,-4.05343913740361
Q92696,-6.34657071629131
Q76N89,-10.7485870579638
Q5EBM0,-1.66226742640503
Q8N4L2,-3.72198617613144
Q5RKV6,-1.91061903175204
Q4VCS5,-3.6979458301476
O00541,-4.19831518994357
Q13464,-3.38157006742764
Q96Q07,-4.20157339522087
O60563,-3.05629705165213
Q15788,-12.245893177078
P17568,-7.37104433984307
Q96FC7,-5.14731606547295
Q9H175,0.406403695071297
Q9NP92,-6.09169018992239
Q9BRR8,-3.54555597503651
Q93063,-2.37060982090189
Q12791,-5.32348425467642
P50416,-5.3051466652437
Q9NVM4,-23.2534966642115
P46013,4.01799147731644
Q9BV44,-8.33650628728749
Q9BQ67,-8.82284732918053
Q9H0R3,-4.02167674337344
Q9NSY0,-6.99337386094973
Q01118,-2.86295656108101
Q8WXE9,-3.28423553724727
Q8NI37,-23.2534966642115
Q9UH77,-4.50695882529875
O94763,-4.40299174689459
Q7Z4Q2,-4.66436224326618
Q15464,-4.82247507712574
Q9Y243,-12.3099219581092
Q92824,-1.91860318007324
Q155Q3,-2.15049284795661
Q02410,-9.64506858460441
Q6ZS30,-4.85825752186162
Q9BYN8,-11.925024733322
Q8ND83,-14.4742197247829
Q9P0J0,-7.52898591812986
Q9P2P1,-4.35197242707602
Q9Y484,-3.94389149331407
Q8TBP0,-4.78340334626226
Q15831,-5.14411015303812
Q92905,-11.0856048783411
Q9H7Z3,-7.77917322690706
Q8TEU7,-6.3320690610622
O60934,-8.63399839031445
Q6P1M9,-15.107814114898
Q96N46,-11.2708523820429
Q6ZU65,-10.4291586454491
O14653,-4.5658840041929
Q13595,-3.44429597125648
Q9HD45,-3.88586627046124
Q9NPA0,-4.20035519057482
Q96C19,-23.2534966642115
Q9UHW9,-6.33842287907715
Q9UHQ1,-2.17308482766537
Q9NSB8,-4.09168682275915