PG.ProteinGroups,P150
P61247,-6.1606930139779
O43312,-4.25301882865867
P62380,-3.67956814789076
O15020,-5.49321494052085
P14735,-3.74486888909187
P47756,-4.41129115239573
Q96B54,-2.58222053646731
Q96S90,-3.4192081950781
Q9UJ41,-5.13839927199259
Q86Y82,-3.12298593181687
Q8IWT6,-4.10520784525088
P48634,-3.53271024807775
Q5VTL8,-4.08706278974635
Q9Y3I1,-3.30088980529687
Q9P0J7,-3.82432421269006
Q14318,-2.52259856982566
P51513,-5.5668814734238
Q9BWM7,-4.45076760266519
Q9ULJ7,-3.99481965087444
Q86UU1,-3.59174920274202
O43924,-3.06436380051995
Q9Y6D9,-2.96763018105364
Q96CX2,-2.92735358136
Q06455,-1.30131831281717
Q75VX8,-4.4142933624879
Q9HCG8,-3.83774357421058
Q24JP5,-2.72627139394542
Q8NFZ8,-2.80127745960848
Q9GZZ1,-4.17795574774013
O00571,-3.1166329739441
Q16718,-3.67650696074184
Q9H4M3,-3.38193552838142
Q96ST3,-3.57558898398528
O94813,-4.59383942333185
Q7Z5G4,-3.80689913344045
Q53FT3,-5.45953521602829
Q12926,-3.58401669776316
Q9H8M5,-4.2053886404422
Q5TGI0,-3.85073751148151
O15173,-3.98091096230293
P42892,-2.74994298311079
Q92993,-4.22955300139826
Q07866,-5.64074238230811
Q9Y2H5,-2.63944855535777
Q8IXH7,-4.55415982234244
O95297,-5.49581318017614
Q9UHR5,-4.43504024330558
O15394,-2.91488261407898
Q9NQG5,-3.91459007755966
Q9HBE1,-1.72162074265625
Q9Y285,-5.18124127685386
Q9Y3C6,-6.35950481845903
O14730,-2.24905585591629
P13798,-4.33761295778562
Q9BRJ7,-3.99008387110068
O43292,-3.9705696751055
Q8IWA4,-3.61437302716313
Q2TAL8,-2.21704820411002
Q76G19,-3.0649158832896
Q8NI27,-4.47497675144636
P35222,-3.55269813452813
Q9Y4C2,-2.33921099786663
P52292,-3.00169738703829
Q6P1R4,-3.30834781018815
P51116,-3.18051257038572
P78559,-5.23116858730658
Q13526,-4.53598550519304
O43602,-3.85749919493971
Q8IV08,-3.25555794863913
Q7Z6M1,-4.21278991802295
Q9NP72,-3.99555635829999
P35716,-1.6726395103622
P63096,-4.07477500575011
Q8NCB2,-4.18112451734774
O60828,-3.47575058523014
Q12852,-3.71585676036959
Q16827,-2.98086450548208
Q5JU69,-3.60245029533326
O00273,-4.81303498777487
Q8IVU1,-3.22295816685203
O94910,-3.04211317858498
O94776,-2.82157578838401
Q92879,-3.7714791905739
O75190,-3.31202833879661
P22694,-3.93506163050844
Q96SW2,-3.55351312987553
Q8IV32,-2.74827555416246
A7MD48,-2.39528114387222
O60216,-4.20269663038075
Q13586,-4.66142416322331
Q8NFG4,-2.4726798807053
Q969G2,-2.42689163955932
O95336,-5.4449737269594
P54105,-4.33619191564483
O15379,-3.53308959611082
Q9NWZ5,-3.9707045461772
Q9GZL7,0.631676146835663
Q9UL46,-6.37154985436962
Q96AY3,-4.95809688603591
Q13873,-3.50673487935478
A6QL63,-1.73592146243546
Q08379,-2.84414957317438
Q8IYB1,-3.57489720350399
O43252,-3.48691380436714
Q8WYK1,-3.43759695893676
Q08629,-2.11630356303214
Q99856,-2.72734683991552
P55786,-5.78261737185413
P50148,-5.06500600976424
Q8IU81,-3.34221335070208
Q9BUZ4,-4.22013814919509
O00255,-4.52237509860515
P68106,-3.79825938672625
Q9UI30,-4.06890686943759
Q9NRN7,-3.22217642667918
Q9Y6M1,-5.21425746153462
Q13569,-2.88834468407785
Q8N5A5,-3.82661384255376
O00560,-6.04850103499524
Q99848,-4.60876411609944
Q8N9I9,-3.22626889540934
Q9P2N5,-3.61211789662772
Q12824,-2.84721238790679
Q9UGH3,-3.39960769680355
P63010,-7.99654631521784
O75489,-5.7078525192883
Q8TDN6,-3.24514696439785
Q9Y4F3,-4.2243867067865
Q9Y5V3,-2.12875265788934
Q5JSZ5,-3.03455440516779
P22307,-5.22270158431379
Q9H0E2,-3.69990159426733
Q92785,-3.55523109744567
P48729,-3.18887282370112
Q92609,-2.9897642076764
Q96A35,-5.08524563052868
Q92945,-5.14983852843276
Q7Z6K5,-23.2534966642115
O15270,-3.62064182390534
Q68D91,-4.69962424949333
P16298,-4.95897681734835
Q9BX66,-3.87514354155803
Q9NZ63,-3.48112400114846
O60927,-3.82715956992825
Q15717,-4.38565090566991
Q96SU4,-3.9096934688766
P11413,-4.88334957285373
Q9NRW7,-4.34573806251605
O15213,-4.61744296165806
Q6UXD5,-1.68205712267023
O14775,-4.42381421619702
Q9P258,-4.66488321072928
Q6P1X6,-5.10841345927608
Q9HCM3,-2.90071430910126
P60510,-3.89284035551142
Q9UI10,-4.77771365197048
Q9H1B7,-3.86365280470661
Q9Y4G8,-3.43811238057313
P78356,-4.65799094251415
O94953,-2.46491342589851
P60880,-4.39654507703035
Q5T3F8,-3.22258895216404
P00367,-6.11832272386017
Q9H5H4,-3.66801081722647
Q9NYY8,-4.49500591638785
Q96GD3,-0.818558166316129
Q8NFT8,-2.50690295785718
Q9UMN6,-3.82845544606176
P98175,-4.01069655721543
P17405,-4.99600744714706
O75044,-4.12726353471497
Q86VW0,-3.76157480736589
P17612,-8.07762288556579
Q5T7P8,-4.04412728294492
Q9Y2I1,-3.37139567656502
Q8N5J2,-3.3779634351721
Q6PID6,-3.31293339926154
Q9ULI4,-2.81039123970275
Q14728,-5.45973221317067
Q52WX2,-3.722955741121
Q8N1G4,-4.92282917683293
Q9BWF3,-2.58054762926598
Q643R3,-3.98027600685892
P45954,-4.80067580486643
P62937,-5.47112410171661
P26378,-3.31315511309656
Q9UI36,-2.51786410524585
Q9NVG8,-3.82822908004143
Q96K37,-4.01875121053125
Q86UK7,-3.27485914606235
Q7Z5K2,-3.1464133637003
A6NGN9,-3.87584912809281
P23470,-3.62164770972508
Q9H496,-3.68240865501348
O95721,-4.3735660597256
P11117,-6.07888893023156
Q8NEZ5,-4.67569565969628
Q9UJC5,-7.33421248649958
Q96PB7,-2.17755662992507
Q8IXK0,-2.54129695066908
P18615,-3.03860725557228
Q8N5H7,-2.82069296953911
Q14BN4,-4.97813069273853
Q96S59,-2.79469071227276
Q59EK9,-3.72815254275544
P50607,-0.768409877838765
Q86WA8,-4.78461353698312
Q9UBU9,-4.87487355632104
Q5SQI0,-6.78492362098864
Q6NTF9,-6.74299521625389
O15260,-6.42244142078951
P34931,-5.05983464541307
Q5VTB9,-4.08370409961432
O60858,-2.62501117986914
Q92558,-4.33252564663966
O75376,-2.47977655451914
P26196,-5.52019047973472
P18669,-8.56380782818097
Q96CU9,-5.87745895325558
Q9H6U8,-4.69619218352252
Q9BRX2,-3.40568191688992
Q9Y5W9,-6.51770281847925
Q9HBU6,-2.53441241106687
P46109,-7.3049087978193
O14828,-3.34219424302035
O00506,-4.64812163783076
O14735,-4.96819608091287
Q2TAY7,-5.64553001864562
Q9UPU3,-2.73984105874834
Q14CW9,-1.0646722080058
Q9H254,-1.87556734822326
Q9GZM8,-3.522440893852
Q9BRL6,-4.61624942975456
O95372,-6.74830293042297
Q86U90,-6.03578114404229
Q15788,-2.72515432796116
P49840,-4.37026669221787
Q9HAT8,-3.14836193581213
Q5M775,-4.96039074149413
A1A5C7,-6.68640444703857
Q6DKJ4,-3.96725465496324
Q9H1D9,-3.43100482936996
Q9Y2U8,-1.89484272274476
O94856,-4.3361647605433
Q9H165,-3.06700591926707
Q12765,-4.77510586968542
P60763,-4.555439043523
P48454,-6.8972540075052
Q86WR0,-4.72415083708891
P13489,-4.97468962886771
P50579,-4.97375015657486
P57771,-4.41616324200493
Q9H1V8,-2.15051640954169
Q969R2,-5.94622262479172
Q9UBB4,-3.81995175699493
O43310,-2.8837541403885
O15400,-4.00248693866659
Q14331,-5.81984501857369
P57678,-4.80927032449708
O43505,-2.63087925608303
Q9HD20,-4.8192841073525
Q6IAA8,-4.51676721896247
Q9H444,-5.68105198162977
Q8N9V3,-2.83300327700487
Q7L3B6,-0.274446070195646
Q96JQ0,-2.22309884552438
Q147X3,-3.80758005150522
O14782,-2.80409454527899
A1L0T0,-4.46687338380027
Q8NC96,-7.28989442630669
Q7Z7K6,-6.07342586835147
Q8IZD9,-5.40166238731655
O00750,-4.51301922999894
Q8IUH5,-3.19784045094476
Q8NFP9,-4.46843382691055
Q99497,-6.23402116962868
O43929,-2.31470671152226
Q9BRQ0,-3.38451851472798
P26358,-2.91861868926022
Q9HCD6,-3.34644138976165
Q8WWI5,-4.87389887403574
Q6Y7W6,-3.7257246384683
Q9NX40,-3.95037264957981
Q8IWZ3,-4.73498611034071
Q9HCK5,-4.01676359263768
O00213,-2.93491249417893
O14628,-2.21964883317137
P48664,-2.63306994170901
O75182,-3.44876775330114
Q96M27,-5.69490380472823
Q674X7,-4.18862875322668
Q96JJ6,-2.35846993845393
P61129,-1.90032362039484
Q8WTW4,-10.7665533961114
P78318,-3.52935075742002
O94766,-3.4765587763433
Q8N1G1,-3.83094608186068
Q8TEW0,-3.70988270262168
Q16555,-6.84837740438117
P35790,-3.64446573372978
Q6ICG6,-3.58403385371953
Q8NCA5,-5.14100576086282
Q02543,-5.3007381607053
P14373,-3.23360185252131
Q96IG2,-4.61792923064973
A6NJT0,-2.06762253663612
O43920,-5.00966343435728
Q8IUD2,-7.47347701233614
P49458,-3.59141883610578
P09012,-6.08206770160151
Q9NP66,-1.95079769592476
Q9Y5F7,-2.86427557304909
Q02790,-6.11683207032003
O95758,-3.5311822918494
Q9BUN8,-5.17329040568624
Q08945,-7.74109110704162
O75179,-4.83828637920286
Q96F63,-3.43057346208339
Q14344,-5.2141312094552
Q96MY1,-2.13098129868513
Q7L523,-5.09687492834916
P02786,-4.4351155398506
P56159,-3.19247702680048
P55795,-4.1079918867445
O75164,-3.18132057535326
Q96DM3,-2.23417883870932
Q15771,-3.27643002900814
Q9C0C2,-4.3840287231924
Q15393,-6.40882233174611
Q8N9I0,-2.48714779607731
O75396,-6.82117357519088
P35813,-5.80200831546535
Q9Y6I4,-4.46652773939978
O96005,-6.12010047898259
O14979,-7.554091033941
Q9C0D9,-23.2534966642115
Q9NRG7,-5.65171754858471
Q92845,-2.83740501193351
Q6PI78,-5.46900551778659
O00233,-4.51473700299665
Q14686,-0.94921421090092
P30876,-4.01972164962304
O95402,-1.85703351941287
Q9UPP1,-4.48391952019
Q6P1Q0,-5.67205950646539
Q9H2V7,-3.8190266703059
O15399,-1.33578920232613
P49736,-10.3971532570627
P49327,-6.56613834525676
P29372,-3.79741921482537
Q9NV06,-2.86068056445543
P23443,-3.82351820453386
P05060,-2.46028904132303
Q15048,-4.15167502527825
P07437,-8.5094700583513
Q14669,-4.46001379640403
Q2TBE0,-3.41425252543689
Q8TEY7,-2.78748520860611
Q08554,-23.2534966642115
O15344,-5.92810562015866
Q9NR46,-5.83518980958189
Q8WUU5,-4.51273271944574
Q92841,-5.68093931499187
Q9UKE5,-2.73842288766258
Q96N64,-5.07214857406704
Q5VWQ0,-3.26931774328168
Q9UKB1,-2.83015221253511
Q86Y79,-3.43007070815612
Q96BY9,-1.10078172245631
P55011,-3.23083612307925
Q08174,-3.68736267203822
O94805,-4.75270568238394
Q8N6N2,-3.50678469242384
O95782,-8.16833770192377
Q9BTY2,-23.2534966642115
Q9BYV9,-3.08146457218613
Q9C0D0,-5.75549481540731
P61006,-4.13972003121864
Q9P291,-2.28149833624517
Q9UHG3,-6.18771493994068
Q5VUA4,-3.14045167026897
O00451,-3.30913493795352
Q6IEE7,-3.23240547513386
Q9C0I3,0.282224663372221
P48449,-5.45560961892587
Q684P5,-4.41187658383134
Q14671,-3.93008953469897
P51149,-7.15336529693516
P0CK96,-0.648670543643107
O00743,-3.62243595862904
P30040,-4.94014895257962
Q92520,-2.95622341643699
Q8NB37,-3.02409561342987
Q96DE0,-4.19029009716192
Q10469,-1.92641457129103
Q9H857,-4.19817347116666
Q14651,-3.42929053044339
Q1L5Z9,-3.71347418534507
P24666,-4.72775598343954
Q9BSV6,-2.14389539301838
Q9NSI2,-3.23020879291952
Q9NWU5,-6.85977857813924
Q9UKR5,-4.78535904521434
Q9UGL1,-2.75724579840749
Q92529,-3.25498035427752
Q9H8M7,-4.06840812400237
P18433,-3.11134215620132
P53677,-4.33912658268546
Q13310,-8.5660311436001
Q96RE7,-3.94947944635526
Q9BZM4,-3.78599257673677
Q9Y5B8,-4.71904583695377
Q9Y4F5,-2.63734018654809
Q96C03,-2.7498602666999
Q5T5Y3,-3.94087399836193
Q6T4R5,-23.2534966642115
P46926,-5.92198078194646
Q969T9,-7.5769207300709
Q9H4L4,-3.52245082842451
Q9Y4X5,-3.55167245588744
Q9NYB0,-5.1525882711069
Q14108,-5.10486520032634
P46821,-8.87819291516144
P37235,-4.3746152860568
Q7Z3T8,-23.2534966642115
Q92805,-2.23335040094864
Q15858,-3.95618015136712
Q7Z4K8,-4.62594596718481
Q9Y580,-3.91228138727626
Q9H3R0,-2.59039229575182
Q96T58,-3.44987202882173
Q8NF37,-4.90327583447767
Q96FE5,-4.51257838782717
Q92759,-6.1719296514992
Q9UBI9,-4.54428356641841
P36873,-4.17169638718186
Q9UHV9,-5.47803817807603
Q9ULJ6,-2.5860719236654
O14682,-4.32258795512347
P10645,-5.2148767101384
Q9P1Z2,-4.16389743476297
A6NNY8,-4.24870237769837
Q5F1R6,-3.47479900892685
Q8IW70,-4.19806127328875
Q53EL6,-4.95695123988852
O95405,-3.06581460027856
Q14202,-4.01444927968803
Q9BTU6,-5.40179966088385
Q15386,-4.79234958799832
O00203,-4.66483901068396
Q719H9,-2.33241702558524
Q9Y2S7,-4.06648042912312
Q8IUZ0,-4.16498401222104
A5PKW4,-1.68537904258827
Q9Y376,-4.40767832834971
P28799,-0.396061779948635
O15042,-3.9784450337049
Q9BRJ6,-5.96156962910254
Q96LT9,-4.86924094598071
Q9H3K2,-5.89759857659487
Q6PIJ6,-3.61949116192366
Q8TAE8,-4.88247640440685
O60347,-0.607283604885891
Q9GZN1,-3.11106014528084
Q9NRF8,-5.30123046504796
Q8N556,-5.07152225937242
Q9Y2B0,-4.87424772399408
Q9NR31,-2.96160211036304
Q96P16,-3.04469484957085
Q9NYQ7,-4.33827035776386
Q9BWU0,-3.54021647824505
O75390,-7.69543393592335
Q9Y2Q5,-3.89252189086416
Q8N158,-4.74286230224875
Q8NAF0,-5.38472790547671
Q16799,-5.86095500535667
P38646,-8.57898175565948
Q7Z5J4,-4.9415608668335
Q9H3P2,-3.98871752925475
Q13425,-6.61243328325859
O94812,-2.88957840531081
Q9HAR2,-3.57206197136238
Q6IS24,-14.6138237227479
Q10471,-3.35315238504315
Q9UM19,0.892884609091059
P51812,-3.51526198451525
P07949,-3.68395867342649
Q9Y5I4,-3.33369497254379
P61962,-5.62928317497608
Q0VG06,-4.35712482144242
Q86XP3,-3.93827695203339
A6NHL2,-5.32980848302177
Q9P107,-3.93521724268046
Q8N5Y8,-23.2534966642115
Q9Y5S9,-23.2534966642115
Q9NUJ3,-4.09943640387143
Q9NZN8,-4.18849485005122
O14497,-4.99276012255942
Q58EX2,-5.49908977014559
Q9HA65,-4.74715594368805
P22304,-4.84776986762163
P56945,-2.65125520723872
O95071,-4.0843982174725
Q9NPH2,-4.27943693909927
Q6ZSY5,-4.81095481671546
Q9Y216,-3.52903776530629
O95989,-4.7712579626467
P35052,-4.95656216356832
Q9UN75,-3.40376237922041
Q5VU43,-5.75523520777835
Q8N2K0,-4.3290789436284
Q96FW1,-6.62893676831176
P78509,-4.13234048672512
Q14964,-3.39217409503943
P07741,-5.54474982741091
O95996,-3.30209494220337
Q9Y5L0,-7.44643706594061
Q13895,-3.21724984192031
Q96PE2,-3.18806555475526
O14733,-2.16041536065231
Q6ZTW0,-3.736385201376
Q6ZT07,-2.44930034306718
Q9Y6K1,-6.66411537638957
P16949,-6.07817961585135
Q9BQG0,-8.85889032636519
O15126,-4.72811558209624
Q6PCB5,-4.1892316286524
P15586,-4.9689841590387
A1L020,-3.11030686593541
P22314,-7.95836796566778
O43173,-3.54270488311495
P38606,-4.15226944189234
Q9P2K6,-4.47452801803636
P61160,-6.37543394593651
Q9NUM4,-2.54561437240186
Q92604,-4.95163908079514
Q8TAD8,-3.66686101909796
O43741,-10.4199700717992
Q9ULU8,-7.42472992344415
Q6ZN54,-1.72966105690455
O75427,-4.19634827110582
Q93050,-5.16797563577407
O75093,-2.60675967525343
P12955,-4.52782190981751
Q99447,-3.67606067609287
Q9Y2X7,-4.93990957668006
O76071,-4.97316455883465
P50542,-4.38296859403196
O95376,-4.22629787761448
P52429,-5.27294586893186
Q75T13,-5.95068312424218
Q9Y4W2,-23.2534966642115
P06576,-6.17035017601739
Q9NVT9,-5.38644115376036
Q8N9T8,-5.46760780027854
O60716,-4.27168704815873
Q15067,-5.00864640142928
Q06210,-3.22773100905332
O14522,-3.3421126441117
O94985,-2.2690878347436
Q8N8R5,-5.28516631961381
Q15819,-5.03045555812364
Q9P2R3,-6.06570189634769
O95394,-4.19945905111823
Q3YEC7,-6.10327233522086
Q9BWD1,-7.25615444681413
Q9BXJ3,-3.16126298077084
O15498,-5.27821218049902
Q9BXB4,-4.13625879394767
P48426,-4.60441203619251
Q96FK6,-5.57327271340072
Q9H2Y7,0.289688844624693
Q6SZW1,-6.27438988185229
O75592,-5.3920199453874
P49902,-7.52064068202897
Q6VAB6,-3.49891290809522
Q9HCM7,-3.86036706982103
P61019,-8.08166131663487
Q9UQB3,-3.96124702229194
C9J069,-2.68946890846019
P61086,-4.24245815380206
Q9HCN4,-5.76667905280968
Q12972,-4.17643829684629
Q9Y4K4,-4.28595267566206
P20337,-6.93100004291868
Q9P0I2,-4.30194738730956
Q7L775,-4.06495736913251
Q8WXF1,-5.6681530140568
P21579,-4.93163287630519
Q6ZW49,-2.91079114499324
O60231,-4.4131566533328
O60503,-4.91362159052954
Q8NEY1,-4.91308616100943
Q155Q3,-1.38083250737681
Q15126,-4.6104678438666
Q06587,-3.87252285818652
Q9NRL3,-4.24105892867128
Q8WVM0,-2.56973599460826
P62829,-2.40248993171032
Q96KA5,-4.93351218649042
P35249,-1.30324667254465
Q9H9T3,-4.86167509228948
Q96EC8,-1.3663296496174
Q8WUA2,-3.43890147445518
P98170,-3.38223655009077
Q15208,-3.87189254830867
Q15102,-6.30277000076837
Q2V2M9,-2.35667164571423
P23193,-3.31684501055268
Q9C0J8,-3.56945850628951
Q9Y4H2,-2.68565910697698
Q8N568,-4.86551221487287
Q6NUM9,-3.71404117340462
Q8WX77,-3.9236648887502
Q96S55,-4.22791170583356
Q658Y4,-4.97421212632799
O95182,-7.82379466929557
Q92953,-3.67355722882126
O95155,-4.43436699027609
Q9BVL2,-6.92584942945491
P48051,-3.11396785603772
Q9BXQ6,-3.59758254751097
Q5EBL8,-14.0256642482669
O15160,-7.35874476295853
P07858,-5.84601479055832
Q15560,-2.21273198888244
Q9P265,-6.09936579633474
P01112,-23.2534966642115
P19086,-5.54927541924953
Q9Y5Z7,-2.54546435302696
Q12931,-8.25342971555813
Q9P2S2,-3.11256362745747
P00441,-6.50747968046493
Q9H6T3,-3.084496821515
O75153,-5.46305304393016
P56211,-3.94889975764644
Q86SK9,-2.95380133840135
Q17R31,-4.83855769063751
Q9NPZ5,-4.00425174435296
Q9P0J1,-3.99721264513855
Q9BTC8,-3.4033065936425
Q9UFN0,-11.939334135032
Q96SB4,-2.02537535816467
P52272,-7.94041647532415
P51148,-3.91452298581652
P19784,-5.49199892015127
P60660,-4.21241031123592
Q9UPN6,-2.88028550146614
Q8WU79,-3.71197991383634
O75054,-7.31325496576243
Q01804,-0.907184757912453
P20338,-4.87092652208828
Q9Y6G5,-5.05378423553656
P49116,-2.75158332619692
Q9NR80,-4.01182143364476
Q9NYJ8,-3.84270735732982
P31930,-5.69162138182639
Q96NI6,-3.83055954548228
Q6RFH5,-3.95068681147829
Q9C0C4,-6.44095210480578
Q7L592,-14.8234754182291
Q9UPT6,-7.91522105694499
Q86UA1,-4.64988522092594
O95486,-4.53266985516608
O00522,-5.39759999842435
Q02878,-5.95208959890731
Q9NVS2,-6.36627508712129
Q9NWQ8,-3.12013715178198
Q15070,0.0421415647523087
Q9H1Z4,-4.07876396313902
P46379,-3.82495556844875
Q6IA86,-4.26785729726393
O15164,-2.24111753967449
P49641,-3.1934062217319
Q5RI15,-5.32067747681151
P31629,-2.73236805868818
Q9NZC7,-0.758917032755959
Q8NBJ4,-3.45972307709599
Q9Y5F9,-4.67583069421468
P00387,-5.52562890176294
Q9Y250,-3.76603713395541
O14531,-7.82864300182893
Q5JTZ9,-4.61526553078226
O95168,-2.33149274250437
O95573,-7.57146676495957
Q9BY67,-3.23905369253854
Q9ULP9,-5.39298643408136
Q9C0E8,-5.94020842716635
Q2M389,-7.07126148982849
P51452,-4.39438816316551
O94829,-3.49908566196471
P25098,-5.23878555052194
Q9UGJ1,-3.64996947856628
Q8N8U2,-4.19491567207065
P78310,-8.12105648055431
P42166,-23.2534966642115
P78417,-6.97226140459563
O60264,-8.51716927591703
Q9P0J0,-5.38256774007851
O43405,-2.15468763461383
Q16762,-1.06892331526757
Q6ZSZ5,-4.77681607323846
Q96FJ0,-3.55939662321893
O75037,-6.05828935903886
Q9UJX6,-5.02958500163401
Q6L8Q7,-5.87122129007567
O60701,-4.83706096740979
Q15631,-4.73060552994804
Q96QR8,-10.6443806986466
Q9BXS5,-6.16432093770187
Q13685,-12.075989288171
Q96GM5,-4.71994697072906
Q8TF61,-4.55128679568589
Q86UN2,-12.0518662193585
Q6ZRP7,-2.84456736591726
P46019,-23.2534966642115
Q5VUB5,-10.4536803703549
P62993,-5.56955421309983
Q9UM73,-4.11124854258931
O15027,-4.48465135839502
O95861,-5.36673152792142
Q92925,-1.98673973560611
Q93073,-3.90286117019876
Q16512,-2.8876334943064
Q92890,-5.38083040915283
Q16401,-6.37385981809632
P10586,-3.69734710519683
P29083,-5.06897359705131
O60291,-4.88807047324362
Q6ZMI0,-6.08753490322071
Q96MZ0,-4.94534813327524
Q9C0D7,-3.49967225772408
O60477,-3.38226205499333
Q9HCJ6,-23.2534966642115
O43683,-4.92422329182737
Q86UW6,-3.81749231104234
Q96AP0,-4.12021428153682
P00966,-23.2534966642115
Q9BV35,-1.00669428596907
P0DPB6,-4.25706692965676
Q99504,-0.0723841575128526
Q12797,-3.29487291190287
Q7LBC6,-4.68292268806404
Q9NP90,-1.65338503909033
Q9UQF2,-2.99616269255031
P43681,-5.08451327507484
Q8IUL8,-3.98297532972036
Q9UNF0,-5.5729253060302
O60245,-3.4517354600623
A3KN83,-4.93916392366846
Q9Y5B9,-6.67601308411579
Q9Y5X2,-23.2534966642115
O43427,-5.46285628239345
Q96MX3,-3.48599189720431
Q96TA2,-7.86628909200359
O94880,-6.01496832158275
O94876,-2.49543007391806
Q04917,-8.38902430656483
O43164,-3.23278516584531
P42224,-4.32298995638505
Q7L014,-6.45116224156347
Q9Y5R8,1.69578775786437
Q2Y0W8,-5.78935828292787
Q96DZ1,-5.1225539123158
Q9H6K5,-5.35366477883051
Q13126,-5.73070295625204
Q6P6B7,-5.44874933010182
Q9BT40,-5.22353446627925
Q6R2W3,-3.14449523152354
Q13191,-4.29392305805239
Q5SYC1,-4.76553998420012
Q6P1M0,-5.36724808924224
Q9Y3A6,-4.23480678626779
O95502,-5.17340840815964
Q96JN8,-3.57551396810325
P11274,-5.19471209504379
Q92560,-3.26387143786815
Q9ULK0,-1.75070863971394
Q96JK2,-4.16329691519412
Q96AX9,-2.80424165857137
Q86VP1,-3.21580891218676
Q9NUS5,-4.31382612083932
Q64LD2,-5.04247856639471
Q5TCY1,-3.77062246734188
Q9BQ95,-5.03948427044168
Q13523,-4.74693580698731
Q9NZ56,-4.5858479031212
Q2NKJ3,-11.3913130668071
Q96E22,-2.6686424996963
Q9Y6X4,-6.99755284746497
Q96RN5,-3.66678173692189
Q9Y5H9,-3.87156681194335
Q9Y3A2,-7.35776819216477
Q9UQ16,-7.43577640053
Q9H2E6,-3.2526205466862
Q96AJ9,-4.94179066941942
Q9Y383,-13.1920488632782
Q9UH73,-1.89092463567374
Q9BT73,-6.33236322168407
Q9BY43,-6.21250207529777
P51674,-8.0766224929892
Q96P47,-5.41387803588327
Q8N608,-5.59334277431406
P27544,0.952205874285901
Q8TAQ2,-4.86422891048919
P40692,-4.91418281179492
Q14166,-8.34762401301996
O60506,-6.94580445715244
O43172,-6.94973262334458
Q15633,-23.2534966642115
Q7Z5N4,-4.549851288308
Q9UJA5,-5.20385978239858
Q96KQ7,-5.12601675768032
O94898,-3.80547383621347
Q9ULB1,-4.13768483690733
A6NIH7,-4.87916627038039
P21912,-23.2534966642115
Q15648,-6.48657345827994
Q6PJG6,-3.99537620927498
Q9ULN7,-3.27844758957291
Q9H3F6,-2.36673822165613
Q8WU90,-4.4492939927692
Q9C0B1,-8.55435206212895
Q9BWH6,-4.22120000721515
Q9P2Q2,-4.32914076353109
O76062,-1.21176889312891
Q6PD74,-7.09903117614163
Q8N5D0,-2.32275447796169
Q8NBI6,-3.6477367580695
Q96PK6,-6.07325489727731
Q96KG9,-5.61708757948263
Q9UBF2,-6.1997983872966
P49918,-3.17898363227889
Q9NS86,-7.20270931655983
Q14980,-5.05652605463596
P19404,-6.77044673049622
Q96A33,-3.26618729325796
Q9NPF5,-3.42175926493695
Q13485,-4.05775343402761
Q76NI1,-3.77279142464376
P60891,-7.1110484075634
Q9UNF1,-4.439414329629
Q96EV2,-5.37917822922545
O15066,-11.4378531970897
Q8WYQ9,-9.40111310713161
P53999,-8.61270430368637
Q8NEZ4,-23.2534966642115
Q86U70,-4.11947095986329
Q9BV68,-3.04809545194638
P09661,-5.06595496360787
Q92618,-3.88500940368103
Q15637,-6.19565057987364
Q9Y2K7,-3.54191635234662
Q14249,-3.4174553637281
P22626,-6.59006318622231
Q8IZ07,-4.86621970013929
Q13283,-6.81220776844794
P09651,-6.63923766447997
Q15276,-8.57556127413915
Q9H425,-4.66154711477931
Q9Y2Q0,-5.96023967494792
Q9P286,-4.63004491315616
P36894,-4.44824069901073
Q9BSJ5,-14.3226889116505
Q8N4S0,-3.37065002615188
Q05BQ5,-5.80716716896367
Q9H299,-4.66464566974999
Q08211,-6.40312504911344
Q9Y3A3,-7.8383116404311
Q15369,-6.02058920133849
Q2KHT3,-3.09367090101035
Q96Q04,-4.6593383599597
Q8TCT7,-5.25433843576097
Q2TAA5,-8.1034925125268
Q9UPS6,-3.74639261244958
Q96SB3,-5.35322498574558
Q9BSC4,-5.59852989756555
Q5MNZ6,-4.61785668258453
Q96EK6,-23.2534966642115
Q8TDC3,-5.34097504295262
P09104,-7.50085335860967
Q96SI9,-6.62640100149054
Q92747,-8.0175915625472
O75354,-4.84189311560393
Q92871,-5.23494339428215
Q7L099,-8.68461418317319
P61970,-6.36018058431297
Q9Y6X9,-8.69010429113279
P78362,-5.52849288422506
P16152,-8.43964630683888
P10588,-4.02806537639892
O75525,-6.08339694124478
Q9BU61,-2.96256453428234
Q8WXI9,-1.87354443358165
Q9Y4E6,-6.6288332254586
O95319,-3.69511967089157
Q8N961,-5.06941716671558
Q13449,-6.51195825724426
Q9Y4E8,-5.43993270306738
Q9BXW7,-6.18261496214734
O95248,-5.85583260380751
P18583,-8.89549977595758
P62760,-4.42129121957674
P07602,-7.43673082973628
Q92994,-3.31447997372509
Q5VTR2,-5.42083717427814
Q9ULH0,-6.04312053373315
Q9H2X9,-4.14857480856269
O75094,-3.3615449273923
Q13557,-4.85555015440776
Q9UJF2,-4.32915683380955
Q8N398,-5.33482910971226
Q99519,-4.18555799455002
Q86WB0,-5.66169873292422
Q9H553,-5.96590135708179
O00165,-4.86367466728607
P14543,-23.2534966642115
Q07912,-3.79992372759314
Q86TU7,-4.17466467799653
Q9Y233,-7.18048533405221
Q14534,-13.2189897021368
Q01826,-0.0499887580274415
Q10567,-6.90936071024043
Q8TEA1,-4.38160367857237
Q8ND83,-3.30824577053738
P30153,-7.65507705967745
P62280,-10.7430063506067
Q9Y2E6,-2.7415815698438
Q53T59,-6.81741362640065
O00170,-6.12489560682731
Q8N461,-4.31746757781722
P62304,-6.43310227779352
Q0VDG4,-6.08553023494697
P56537,-3.25471347665515
Q9NY27,-4.42847464286258
Q58WW2,-4.67690006966343
Q12788,-6.85406893571799
Q9P2Y5,0.164100177484015
Q07812,-5.49152731149032
O14545,-12.7830186910957
P18031,-6.95147645097198
Q9UBU6,-2.79303437976585
Q99436,-13.1570969681519
Q86YV9,-5.08575037208696
O00423,-5.84801907022018
Q9HCH0,-4.17056722174858
P31150,-7.21108907623734
Q8TEQ6,-5.12867954000721
Q96F07,-6.71085540306387
Q9BRP4,-3.50386226108847
P37268,-6.5009213358992
Q9H2A9,-4.5599845517646
P42568,-2.66125698542076
Q9NW13,-5.45847490661482
P23634,-5.59776531485227
Q96RD6,-4.3574105310953
O95716,-3.86284654200204
O94964,-4.04493898255614
Q5JU85,-1.39119191823169
Q6JQN1,-4.69204610787271
P54259,-4.56308007678757
Q92538,-4.23712704635531
O14653,-2.66709242038134
P27361,-2.08910095639398
O94991,-2.45715210479145
P50897,-2.78214136792225
P35080,-7.61730268767168
P51826,0.967778972499389
Q9P2J9,-3.48626744740287
O75061,-5.41267901346257
Q9HBF4,-4.32535357233515
Q9HCJ0,-5.2887527683212
Q96EL2,-5.18657364843618
Q92784,-3.62321078417923
Q15572,-3.19811574672807
Q9BYC5,-2.45442942790952
P18206,-9.01243682267094
P50452,-23.2534966642115
Q75V66,-4.51099651647328
O43306,-4.55418504505223
O94779,-5.88395583896931
Q9P000,-23.2534966642115
Q96EY1,-4.32312375258943
Q8N3Y1,-1.0873836265384
Q96S52,-7.81746595153801
Q9UBW7,-4.55751733402608
Q8TC26,-5.35800188044501
Q9Y6E2,-4.10323841811534
O00192,-4.4316843303042
Q8WVM7,-4.66280143932378
Q9Y6X3,-4.15020444294091
P15260,-4.32526601269883
Q14781,-3.84984131908796
Q9H7D7,-4.25308458686117
Q15382,-23.2534966642115
Q15545,-2.47239706747076
Q7L7V1,-4.03151274587556
O43151,-2.39277675179088
P13647,-23.2534966642115
Q9UMY4,-4.56470026035115
Q9BQA1,-6.01635533970073
Q9NYA4,-2.48164595672845
P05141,-4.91179094418322
Q8IWU5,-4.17392182117779
Q9UJ83,-1.59674399702607
Q8N0Z6,-5.44912872174825
O43829,-3.25688158389323
Q9NW61,0.244825067022277
P17980,-6.75387601969284
Q9BZG1,-2.11895454858026
P04062,-8.13374171367287
Q12860,-7.91938599682137
P18858,-2.73807810852812
O43402,-4.01660465433352
Q8IWU2,-6.12502164468123
Q86UE8,-2.21692990149595
Q9UHY1,-5.22764089122559
P00403,-8.59565228741089
Q96S38,-4.72532727844754
P43007,-5.62575787715528
Q5T5C0,-5.83823002750197
Q92581,-4.65183981841462
P01130,-3.10471759328154
O60568,-5.22723798281209
Q8IZQ1,-4.70265009060735
Q92729,-4.47727201729611
Q9Y5A7,-3.39868099928477
Q9ULV3,-3.9531923003889
Q9C0D6,-3.85271254274765
P53384,-6.18205116294959
O15013,-5.77848024111645
O95602,-5.44600823273333
P84095,-2.65744899012676
Q7RTV0,-7.0860247097536
Q6NT76,-2.85469294404405
Q969H6,-13.0634716278603
Q7Z7L7,-3.37195710292336
Q9BXI6,-13.9760805963908
Q6UXK2,-4.95630674900092
Q8WV44,-3.41487171040108
Q9Y2I8,-5.18226578424502
Q9P2G1,-5.15575762025499
Q9NY72,-1.67389039910716
Q9H3U1,-5.4878260395227
Q5VSG8,-4.92900551060045
P49917,-5.16376732527533
P41208,-6.62304098942128
Q6KCM7,3.41497126729082
Q712K3,-3.94887301161344
Q9BPW8,-7.92939692616228
P07738,-5.40187745907479
Q8WUX9,-4.59317496345235
Q15742,-3.23647625958102
P38405,-5.65128874401602
Q96LT4,-7.34871441467739
Q13705,-3.20407853192958
P00352,-1.28464038926465E-05
Q15785,-4.53117904548357
O94888,-5.16323424115407
Q9Y315,-6.03395517878284
Q86SE5,-1.93635811440996
Q15269,-5.78490393873599
Q8N8D1,-3.72414701279711
Q9P2G3,-4.14548707592234
Q9BU76,4.14619894304854
Q9NZC3,-12.5563746048114
O60299,-2.35054375391082
Q9UK39,-23.2534966642115
Q9UPN4,-3.67728318931679
Q9NQ29,-5.25301619333641
P54253,-3.17584178147263
Q14011,-8.68214236167916
Q9NRD5,-5.80353974530154
P07339,-7.24867074503768
Q6PI48,-8.38152882499916
Q8NC60,-3.71409753643159
O75078,-4.47413447699284
Q9NSY1,-1.25665884574866
Q9P253,-5.93264449302645
Q8TE04,-2.81473070547043
Q8TB52,-3.18065268577201
Q01538,-3.50710753457407
Q8WYL5,-4.12311003452606
P19388,-8.31636339097659
Q9UBB9,-4.16010564661619
Q13490,-4.44922939577368
Q9Y224,-7.90256009217881
Q9NXU5,-5.3955000252574
Q6PD62,-4.42807356429247
Q96FT7,-5.12985687282895
Q4VCS5,-23.2534966642115
Q9H9F9,-5.51593634340355
P78332,-6.02128384567029
P49755,-5.44471641771439
Q9NRX4,-4.57605792895872
Q9Y6V7,-4.70165556112258
Q13308,-4.65851268699393
Q9UKG1,-5.55477999683553
P49759,-3.2744323827305
Q9Y3B2,-5.35743357796545
A8MW92,-4.58954522346983
P51687,-1.83350717390338
O60318,-4.85688927458031
P09110,-7.18679395999627
P55283,-3.23927536496667
Q8IYT2,-1.08440688147907
Q8N6T3,-4.59047338455533
Q9NW82,-3.37258885240551
P04843,-5.89703083949495
Q8IVL1,-4.7167263615561
Q9UIA9,-8.47160432231244
O60784,-5.39722032392817
Q9UL54,-3.77677203268339
Q01581,-5.25352445005337
Q86UT6,-2.33426209361253
Q14684,-4.67293183904126
Q16585,-4.09781097952983
Q8TDM6,-4.67288570150321
A6NDB9,-5.18794740101995
Q9HCK8,-6.04988558557055
P04216,-3.62404382494373
O75170,-4.74366428176313
Q9NTM9,-6.1204476153547
P48730,-2.66627207716209
Q14160,-6.38748306538419
Q9NRN9,-6.34150534820533
Q68DK2,-12.6640220627882
Q9BZK7,-3.52906418918368
O15068,-3.94796351642697
Q96EZ8,-4.10034060716616
Q7L4E1,-4.16356558420951
P63244,-6.08795276966107
Q86SJ2,-6.23804986137677
Q8WWH5,-5.88533904165497
Q9Y3F4,-8.87417494026894
Q06787,-5.2228365071388
Q9H0W8,-5.50267841555431
Q9P2K5,-8.07866579394149
A6NKD9,-3.47518463262857
Q9H4A4,-7.53384600105482
Q96ER3,-11.7126843145889
Q8IWE4,-6.89979377842202
O75521,-23.2534966642115
Q9NQE9,-7.82094931109686
Q9BQI5,-5.09420314714883
Q92630,-1.37166211635954
Q8TEU7,-3.58010893480426
Q9UKZ4,-2.72581073452227
P78348,-7.24332851498878
P35659,-6.7932695931956
Q9NP61,-5.42121871567221
Q13347,-3.78519777064206
P40938,-6.04225587517391
P40925,-5.83778606687461
Q9H9A6,-7.86541086745498
P51610,-7.19892439416057
Q8IUR7,-5.47517749293983
Q96SN8,-0.568343585908152
Q9NNW5,-4.73590758114573
Q8NI60,-4.88777852153994
Q9P246,-4.63664091804937
Q6Y2X3,-0.36284761769861
Q86XZ4,-3.14307788770935
Q7Z6L0,-5.54354762729895
P18887,-9.67696873913451
Q8N4T8,-3.61978397640004
Q12772,-0.69007955494304
Q6DKI1,-6.72857099975228
O95757,-3.87459343924084
P0C870,-5.08020799914749
Q9UHL4,-1.30909819999039
P82663,-3.96367207686745
Q96E11,-6.26545280453231
Q15262,-3.59052616384188
P40123,-13.7680547571667
Q9UKL0,-4.64547082345781
Q9BZJ0,-4.92259393398848
Q8TBP6,-6.55666370277568
Q9UMS4,-5.21042017085718
O75143,-5.09210647222037
P51692,-3.07609441011581
O95881,-2.54642589952374
Q9H019,-4.78122365948713
Q13686,-3.26521796896945
O94967,-8.42199203523072
A2RU67,-0.941673482720321
Q8NBJ7,-4.28552750548564
P85037,-2.19309781466038
O15417,-3.02221404400307
Q9H3P7,-5.4752667865319
Q9NPB6,-23.2534966642115
P49674,-3.95064748859532
Q14687,-4.34649696044134
Q9BZQ6,-4.87332387827187
O14880,-6.46048179826334
Q86UN3,-5.24569554255742
Q9BSD7,-4.8830408109711
P82933,-5.44250239618676
Q9UBM7,-1.76882009169935
Q9UMX1,-3.54895264756921
P31943,-4.08218610276782
Q96N46,-4.19887103828013
Q8WXS5,-3.24865565654582
Q15643,-4.03125077564562
O43913,-3.13226348137073
Q13002,-2.31662252574769
Q6H8Q1,-6.12588311773977
Q96GD0,-5.76130769875178
Q9Y2T2,-7.6651702867605
Q6R327,-8.95446353698538
P51532,-4.56939770810057
O95025,-23.2534966642115
Q86U38,-4.67710131770848
P16383,-5.26694801733268
Q9UKT8,-23.2534966642115
Q9BY77,-4.7643906238331
Q9UG01,-4.10059835059242
Q15024,-5.82578190270135
Q6ZSJ8,-4.71410543844481
Q7Z7E8,-4.19455647333728
P45984,-10.6481637681177
Q9UGN5,-2.24084234803885
Q9HAK2,-3.38097917642853
Q9UKZ9,-5.73169716209237
Q96HE7,-8.29500084180254
Q92530,-4.86056733107046
P30519,-5.21115239752506
Q9H2C0,-5.34823482963886
Q9H7P9,-5.35227936342212
Q9UBC3,-12.7499186688326
O96028,-3.08069091911984
P78406,-6.7086512534272
P54920,-8.94799952414424
Q6ZVC0,-2.86891491728083
Q9Y4R8,-4.84756089095805
P43378,-3.24952176425637
Q9NSB8,-3.22500063732935
Q96T37,-6.54221717763733
P42695,-2.08829792105652
O43526,-3.46347769532768
P20340,-3.25417326505475
Q8TEH3,-5.92447193840049
Q969P0,-4.43046071008868
Q6ULP2,-2.28970318208341
Q8N806,-3.33382389458986
Q8WU76,-6.19917807021842
P15104,-4.88752096966606
P53794,-4.82381539472328
P31152,-0.787612168949858
Q9UHP3,-12.8834698283316
Q676U5,-3.81825830876647
Q96T17,-5.69083566842607
P48651,-3.89182179340766
Q8ND04,-5.3811212910083
Q9H3S7,-7.87289480184685
Q99873,-5.30215246691939
Q96QU8,-5.47294395614528
P22059,-8.42036204635898
Q15772,-1.22129261727899
P14174,-4.60972868663385
Q96E29,-1.41479969605328
O00499,-8.05120558209102
Q14165,-5.84667315360665
P25685,-6.56109735922472
Q6ZTA4,-6.77918848588711
Q9HCJ2,-1.20343425734731
Q8NAV1,-6.24442154510548
Q9P2I0,-5.78511875451645
Q9HA64,-23.2534966642115
Q00403,-4.53946549981964
Q9H0S4,-4.57088758558178
Q9NX05,-1.69562933648118
P13073,-8.3246961238606
Q9P219,-1.93324508915557
Q8N8A6,-5.25905379692096
Q9UN74,-2.93115668851187
O95801,-4.52675408400079
Q6P4R8,-23.2534966642115
Q8NFP4,-6.68481195324634
Q9BQ52,-6.59232154986374
P08579,-5.1809520839401
Q9UKC9,-5.43718421526253
Q6ZS17,-4.8142384927637
Q96HS1,-7.61510448105947
Q96B97,-0.670476086396925
Q9Y512,-7.65994459194519
Q969R5,-23.2534966642115
Q9NZ94,-4.68478240819191
Q9H4L5,-5.20232489722533
P32004,-6.77146816964186
O75907,-5.59864886148248
O94992,-3.20548013016856
Q9ULI0,-5.74390096182652
Q68E01,-5.56264127347737
Q9UK41,-6.56078048497953
P34059,-4.89768712544366
Q96PY6,-3.52489946028427
P54252,-6.40879499507267
Q15365,-7.94376119259891
Q8IZA0,-4.04203708211075
Q9NQZ5,-2.37613682388201
Q9H9S4,-5.27118768633986
P62873,-6.66115464947956
Q9BT09,-12.743130742758
P61916,-7.42910356428144
P09471,-7.43897908634534
O15484,-7.32415862176618
Q96BN8,-8.78431620931218
Q16854,-23.2534966642115
P62750,-8.09875626457908
Q9Y6H5,-23.2534966642115
O60869,-2.5149690542596
Q9P287,-6.09544411525107
Q5TEA3,-3.68190859911431
P09455,-6.68364845437617
Q9UNH7,-7.79183256141492
Q6UN15,-7.69051856747154
Q9ULC4,-7.82327729497235
Q9BVN2,-4.93226757861609
Q8N5C8,-4.98724436721541
O60583,0.00220864169630925
Q8IYD2,-4.70008848837375
Q15018,-5.51324923008067
Q8IY17,-4.41875546858513
Q16539,0.109950884601706
Q9NZV5,-4.51880142092775
Q9NWT6,-1.66797744743448
Q7Z736,-6.1365086263849
P48723,-7.62631326170579
P04083,-5.47378885231277
O14994,-1.83903608701033
Q9H0D6,-5.99692946470088
Q08999,-3.20853058689421
Q15025,-2.95433103970064
Q9H269,-5.89856773564389
O75882,-4.78115121707394
O75385,-2.90042424702994
Q8IYR6,-4.34972186461401
O95759,-5.50719988907719
Q8IWI9,-5.21367457998236
Q9BZ72,-4.55420725801395
Q15375,-2.74056289130261
Q99435,-0.0522874625593641
Q92824,-23.2534966642115
P50995,-4.00104727047368
P62879,-5.48962323231373
Q6PK18,-3.34669193675929
P25686,-4.6145616397245
P07205,-13.2200790432056
P54709,-7.84833906268515
Q9Y4D2,-2.75488543738172
P78352,-5.73509689542621
Q9NRR5,-3.83310457344069
Q04760,-4.73884741703896
Q16877,-23.2534966642115
Q96GS4,-6.07203570863796
P78324,-2.13497626169815
Q96EB6,-4.84069810607812
P52824,-4.63041353531785
P55036,-4.68522383291215
Q6NXR4,-4.24822375560523
O75912,-5.16029531851046
Q9UHK6,-4.80047506538864
Q8TC12,-5.95481508980588
Q8TE49,-3.55606518082735
P33316,-6.40790562820962
Q86YP4,-3.96799303013351
Q9NUQ3,-4.71594085336101
O95340,-3.05445759292584
Q9UBK9,-4.96404940604257
Q3SXM5,-7.69541352571398
Q13443,1.6972060293967
Q13796,-2.48118614399442
O43395,-23.2534966642115
Q7Z3E2,-3.3493558099325
Q9BPX5,-6.08659060686044
P52799,-2.21006312720733
P17655,-5.06088074291185
P27707,-6.42625479594726
O75976,-6.16609921652676
Q13772,-3.62149156769483
Q9P2R6,-4.05187564288628
Q8IVW6,-4.15888169542945
Q9Y266,-7.80361510503071
P17041,-10.9083219116235
O94855,-4.81199597245681
P62857,-4.61314153104057
Q9UK97,-23.2534966642115
P50749,-3.44262796948767
O95639,-3.91141167196129
Q9UID3,-5.95828342355532
Q9H0H0,-5.27944314816979
O75051,-5.4886204387145
Q9UGU5,-1.84803864304655
P82909,-2.26994076779467
P17844,-8.47584609748772
P48681,-8.86901294008094
Q9Y6K8,-2.3406839379024
Q96KC8,-3.80359746219625
P31040,-7.19237671336004
Q8WZ82,-6.53033705153424
P36897,-3.24985850680768
Q9UKY1,-23.2534966642115
Q9NZR2,-5.3966939059459
Q9Y5S2,-8.35114493321156
O75528,-3.50696198984357
O14559,-4.4169877281638
O43390,-8.61108105516425
Q86Y37,-2.40998677633768
Q8NI37,-1.41454147766356
O15294,-8.32196055509153
Q9HCE5,-5.17592956084146
Q9BS26,-6.94346154074084
O94901,-4.34064707404557
O43813,-7.01173961669092
Q8NBX0,-6.2716750693557
Q9H5V9,-3.32229261886981
Q9H7Z3,-3.9679961066029
Q9BT67,-4.27394325683798
Q16774,-6.44443710995762
Q9Y2K6,-2.36264080381411
Q8N944,-1.96093438334715
Q9C0K7,-1.64094296694705
Q9UL12,-14.5143384309156
Q8IXQ5,-9.25750428702855
Q5T7V8,-0.627026493150281
P27448,-7.13052465178695
Q8WX92,-6.45676041515056
Q86V59,-2.83021382438678
P52594,-7.92443559290378
Q9HBW1,2.33489147061076
Q15334,-6.43959867888236
P17858,-5.81024814535728
O14772,-23.2534966642115
P38117,-6.45724862740531
Q9H0X9,-5.72058201627872
Q9NZ32,-6.19138068322084
Q9Y2X0,-4.82996210888668
P48067,-2.8079024960635
Q13445,-2.23190344447856
Q9H706,-5.66716813452513
O43572,-5.8395181137446
A4D161,-5.24155661514719
Q7Z7M0,-4.07177149768364
O60684,-5.29032649532672
Q8ND23,-7.02806662165025
Q0PNE2,-12.9268624791701
Q15120,-5.38494898427231
Q9H6E4,-23.2534966642115
Q8NHP8,-12.8466205800798
Q96MP8,-4.88393587645408
Q9UKY4,-6.20172626960652
Q70EL1,-1.15484031818489
O43318,-4.69904639274093
Q13501,-4.85763877985607
P05387,-0.292120140160488
Q14696,-6.68370996714668
Q01831,-3.34957349301771
Q8IZ73,-11.4764153115639
Q969U7,-3.64212132074584
Q8WTR4,-3.97118428062646
P40855,-2.38896182926225
P61018,-4.6654276111805
O95864,-3.9465620329365
Q96JN0,-7.07977228111583
Q495W5,0.971543290673642
Q8IZQ5,-23.2534966642115
Q96Q07,-23.2534966642115
Q86XX4,-4.2675766958953
Q96JJ7,-3.5272338503901
P35475,-11.8996914673302
O14640,-8.8892281914356
Q53G59,-1.49111557113019
Q9BY44,-8.09239920573708
O15297,-2.66150242024667
O95628,-3.86401538426438
Q9HDC9,-6.60124948164561
Q8IWT3,-5.52016598560685
Q86XE3,-6.32603364821359
O15347,-7.43213588676737
Q96NW4,-23.2534966642115
Q96J02,-6.31367869646099
Q13115,-23.2534966642115
O95201,0.618530668485525
Q13427,-5.80380530554784
Q13057,-4.89907147838779
P98174,-3.26266081228592
O15079,-5.92289764119098
Q9GZT8,-5.14685155621227
Q96T76,-6.38929398364724
P53582,-5.51637898240335
Q9BV20,-19.3843789726042
Q8IZ40,-7.28775816476822
Q92564,0.403509749884516
O75132,-5.69527176990923
O94868,-3.59342141486464
Q96DA2,-6.51861190207381
P20336,-8.1403773797363
Q8N5X7,-6.78996026482715
A6NE02,-5.15343701010651
P35232,-7.92655620365738
Q4G0F5,-6.88585280548174
Q5H9R4,-5.61315795635554
Q9UG56,-3.0891451157871
Q9Y618,-4.13332100741936
Q9Y6X5,-6.37897254835568
Q9BXA9,-9.94869613461158
P57768,-2.37590345738305
Q13263,-8.0593842875725
P55265,-5.47405750836586
Q8N8N7,-6.32596099639117
Q6DN14,-4.01257691695778
Q9NWS8,-6.62764059007683
Q15436,-6.11929330768667
Q9H0U9,-2.99806477473895
Q93096,-23.2534966642115
O43488,-6.35369311702509
Q9HAS0,-3.57040262711562
Q96S94,-14.1008057995997
Q8WUN7,-2.92514791845581
Q8IUI8,-23.2534966642115
Q92777,-5.09386179512476
P23468,-5.07642998491994
Q9Y3L5,-5.38426904271346
Q9BX67,-6.2364275653367
P17706,-3.34517304349319
Q8N9N8,-2.67812924758825
O75127,-4.9304656949747
P11940,-4.45492420469915
Q9Y3T9,-3.36842754185037
O15069,-7.26714966879429
A1X283,-6.71816299523206
O15118,-3.47328558450981
Q3L8U1,-4.93645818673599
Q5JTJ3,-1.29223264043163
P61163,-5.54619777974961
Q96FV2,-3.31117895646782
P42694,-4.60590467282344
Q9H898,-1.3373927433271
Q14232,-12.2773625338691
Q92905,-18.0006434807001
Q14139,-5.35046616362479
P51946,-4.0372115121234
O95983,-5.72728035081996
Q9Y2L5,-6.67647271312556
P51571,-6.47246687046478
Q9NZ53,-4.51966647353793
Q9NZ01,-4.1109960348955
P23743,-4.44336341124644
Q86UL8,-5.95227124923288
Q9NSY0,-4.36231235446487
P56937,-4.92060661991767
Q15286,-7.53571276907922
Q8TDN4,-11.9522273771095
Q9NR19,-7.03816524625354
O94916,-4.56388925504274
O60664,-6.24165734744112
P61758,-11.0931924903987
Q9Y6J0,-5.47955003531213
O95163,-7.69183537005416
Q9UJS0,-8.34714207106993
P47755,-7.66722976168247
Q9BTE3,-3.74805564101529
Q9BRP8,-6.60511346112303
Q9BPX7,-3.25549145264863
Q99767,-5.33692024566939
Q8IUQ0,-4.02182301947955
Q9NTJ4,-3.8450195965757
Q86TP1,-6.24212743767056
Q96EK2,-4.41855437214926
P06396,-5.63584073162902
P54756,0.0586504218142621
Q9Y295,-6.84497811998158
P09132,-12.9486999441693
O15530,1.94941562017787
P28288,-3.67498227982668
Q9C040,-8.77576790833799
O60613,-1.53535983152709
Q8IXV7,-4.16727160319307
Q9H307,-5.25613695738578
Q9P2F5,-1.48337856427153
Q8WUA4,-6.70871608471279
Q13573,-4.8211617707184
Q9P0L2,-5.79725626816318
Q6P3S6,-3.88385898472444
Q9NQG6,-5.42443501110408
Q9BSM1,-2.44409083665959
O60524,-5.19470810984787
Q9H6J7,-1.14891029275887
Q8IY47,-5.88089461951083
Q05469,-7.12450678080497
Q86WN1,-1.60715256665665
P50583,-12.8924493302105
Q8TEA8,-5.67253686964895
Q9UET6,-4.38635442950728
Q5TC82,-23.2534966642115
Q8IUH3,-4.92607089639042
Q9H5K3,-3.89702952920185
Q5T440,-3.432541044621
O95571,-5.82238486991023
Q86VN1,-5.36325803094145
P48200,-4.3153553203815
O14933,-7.31948995425082
Q06136,-6.07849157726471
Q9BY11,-3.06920104491824
Q9HCM9,-1.47608306769846
Q8N126,-8.47057615425816
Q9NW75,-9.86905711708186
Q9BYT3,-4.57104785103992
O00329,-4.58998400667876
P45985,-8.7702814745171
O96001,-2.36846690853006
P42285,-6.77243273522683
Q8WZA1,-2.87034841985432
Q9Y371,-3.71568272411859
Q9NT99,-6.45270294911653
Q15424,-7.71603815745402
Q9H000,-12.0737117502751
Q8N475,-3.57791032351166
Q9NZV8,-1.09737005978048
Q9NVX7,-6.10100622160525
Q9UHB7,-7.00300507756403
Q9Y2J0,-10.2074041780156
Q8N8L6,-4.61859560278699
Q8NDN9,-4.91106598150985
Q13017,-6.14615647135055
P35568,-4.79877193380747
Q9UH99,-5.04998137307849
P40926,-8.86799518272716
Q6IC98,-3.52940821893557
Q9H3T3,-4.63564360856781
Q8TAA9,-9.86342088522739
Q14865,-1.18427992354649
O75165,-6.68878085238227
P46087,-3.36760199503641
Q9H6Z4,-4.01083583307262
Q15596,-5.17150981554329
P25705,-7.54025176771452
Q9UHV7,-4.85427715256653
Q6NXT6,-5.69146826879484
Q92979,-4.894719266656
Q8NC69,-1.60314367524778
Q02809,-6.14209861885292
Q8N594,-2.83892485909634
Q7Z7L9,-1.63505067635137
Q9UG63,-5.52114669627783
Q4KMQ1,-1.33446839172576
Q9H832,-3.85624026599069
Q92734,-3.46647190228892
Q16875,-3.59830420660288
Q8NDY3,-11.6264809095149
Q9ULR3,-6.89290245652704
Q9NRR6,-1.84689531162012
O43639,-5.28552604573497
Q13217,-3.42662056920034
Q96ME1,-5.85611419679882
Q12907,-6.76067856075313
Q8IVH4,-6.62237084724317
P42898,-3.53883616652641
Q8WZ19,-0.0195227530171761
Q9BZG8,-0.790768970888234
Q3ZCQ8,-4.87651212678916
Q9BR76,-6.45838466672842
Q8WTW3,-7.52391463468221
Q9P0K9,3.9908216642633
P20339,-4.62974859669001
P26373,-5.51645132310912
Q9H0M0,-3.82846038850403
P80192,-4.59884467786858
O43189,-6.43178706766245
Q8N7H5,-14.4403743387378
Q9ULD9,-5.07052950710363
Q16222,1.7148321601684
P84085,-7.35561801084968
Q15022,-3.94597147874641
Q13492,-4.83460457125627
Q9NUQ2,-9.10818295422257
Q9UPU7,-4.49295861292468
P53671,-7.48343109844125
Q6T4P5,-7.14420204544308
Q01813,-6.09472163440487
Q12800,-8.8685918469529
P43304,-8.03508846525903
Q99569,-3.56548210498968
P08243,-8.04865936806088
Q02338,0.754619823604587
Q8N5Y2,-6.37278383681937
Q12974,-6.62537251153317
Q13029,-5.35668832624046
Q96JA1,-3.97381762646124
Q8IV38,-4.56156768996219
Q8IUW3,-1.59318525375959
Q9H4A6,-8.27666231562868
Q9BVG8,-11.7859296819589
Q63HK5,-11.621009311908
Q15363,-14.3252738037888
P63151,-5.63474695142996
Q04726,-3.96976336747033
Q14566,-4.00289252598203
Q9BZR6,-0.462516292536197
Q9Y4K3,-23.2534966642115
P40937,-7.40445829911104
O94952,-4.50395614628223
Q9ULV4,-8.49716575628099
O14763,-3.58685014132735
Q99439,-3.28669447614685
Q9NX95,-3.01647005776015
O75953,-5.16201984553305
P62877,-6.72804394720801
P78345,-0.692968053887494
Q9NR28,-5.30939925938341
O43752,-5.40793671164448
O75347,-7.98725140329459
Q9NPA0,-2.691623301866
O43674,-3.97955252249034
Q9H999,-1.26071530614244
Q9P0U3,-3.05493340875929
Q9NYK5,-4.99186059869845
P63098,-7.34730214523892
Q9NX74,-4.35502998037984
Q9UKM7,-3.69640509966337
Q8TD30,-5.1194925288316
Q86VS8,-6.35900095596713
Q14576,-8.91832000686762
P23368,-10.9410574699338
Q8TBC4,-11.9503357086995
Q9Y4C4,-4.47017463449944
P52788,-5.27420948649318
Q07954,-8.82982927375342
P40222,-5.05134607247054
Q86WG3,-8.02807042769782
Q96EP5,-8.44731926421824
Q9UBQ5,-8.76525573041006
O75787,-23.2534966642115
Q8N474,-1.78091316442819
Q13003,-2.64107149152847
Q7Z6G3,-4.27360333420212
O43837,-6.07900724494809
P16591,-3.38864569024279
Q9UI08,-5.11638867496935
Q9Y4P1,-7.69474612043865
Q6ZVL6,-3.2269267377645
Q9P0U4,-5.29099481927433
Q9UPN7,-11.3309415639493
A2AJT9,-5.92173696215335
Q9H3H3,-4.05315615234243
Q68D10,-2.5822421321167
Q99758,-5.44627736648572
Q9NVR5,-11.4501763987923
Q9HAD4,-6.18162699312923
Q8WUH1,-4.98578156257794
Q9HCU5,-8.32299460352968
Q8NHQ9,-23.2534966642115
Q9NRZ5,-8.49672580620703
Q53R41,0.330899241926945
O00748,-1.00303940817765
Q96RU3,-2.48186716214373
Q9GZT9,-6.4172566347815
Q8TCF1,-2.69737211678715
Q8NEM7,-3.38074717571294
Q14562,-6.23090225363064
P11277,-3.22505383082666
Q9H426,-4.99021485470102
Q7Z7A3,-10.7369011460173
Q9UHX1,-7.40291593853788
P08574,-7.09581835573194
O43159,-5.07597649462541
O14686,-6.80745613270754
Q9NP92,-13.1964780222548
Q96PV0,-4.94011487607691
Q5H8A4,-5.15181283546256
P62701,-8.52225579618814
P47972,-4.70655385180301
Q8N684,-3.63124946072104
Q6NUJ5,-5.37838244648552
Q6P4A7,-10.4128875097907
P83916,-3.06458269083174
Q8NB50,-4.16903939473489
Q9Y692,0.547977712946997
O76024,-23.2534966642115
Q5T0D9,-8.14857594852504
Q92575,-6.47584350628985
Q9H074,-7.84951163110706
Q9NVN3,-5.94558053150943
Q16513,-5.20767732182487
Q96DV4,-7.00713143577743
Q9UKA4,-6.37399307389045
Q7Z589,-6.90159560803276
Q9BQT9,-3.76722963394504
P50613,-5.38319563715711
Q32P41,-5.97134983979127
Q15758,-6.83892111405429
Q9BQF6,-6.96839553109003
Q9P2K2,-23.2534966642115
Q96HY6,-6.4208047971764
Q86XS8,-2.27317765886214
Q9NZL4,-7.85112155554481
Q8IY95,0.0343574305339673
Q9BUJ2,-8.0383839789295
P49427,-4.23928458356268
P33991,-4.97645618344498
Q8TCX1,-4.86776209581993
P26992,-7.01840989832665
Q8TCT9,-7.17645384991897
O95104,-6.2831378368073
Q5GH73,-5.26608498944005
A2RRP1,-6.88418683088882
O95926,-3.08462958486618
Q8NB78,-6.23312904249059
Q9UIC8,-7.11260545989597
Q96QE2,-6.06453541646953
Q9NT62,-7.69251475753754
Q58A45,-4.90699676821377
A8MXV4,-5.03129494790489
Q9BXW6,-6.37123686523712
Q15006,-3.31689751214646
Q10713,-4.34104756401574
Q8TBP0,-0.478560581956626
Q9Y2R4,-7.30724897951133
Q13596,-7.4098325308538
Q6P2P2,-23.2534966642115
P05388,-6.79057477560145
O15230,-7.54083756818068
Q562E7,-6.8357745044115
Q8IXQ4,-23.2534966642115
O75746,-7.92253212731886
Q13627,-5.16112450841233
Q8ND82,0.398399421255427
Q6NXT4,-4.65240893038619
P28715,-4.15940178069878
Q13491,-7.37326867425084
P07355,-5.10278431742748
Q9NQX7,-5.57056382762468
Q9BXR0,-7.43208524308253
Q9BXJ8,-12.7685650932713
Q99689,-5.64167927561195
Q14416,-11.9619794699123
Q86X02,-3.05310646867176
P53804,-4.76989683910369
Q8N350,-6.18011076033138
Q9Y6E0,-6.19318504563709
P49354,-6.38022515875744
Q96SQ9,-2.47019559013039
Q9Y657,-2.89298593497443
Q5MIZ7,-4.05120195176016
Q9UKZ1,-3.26641108996089
P50552,-5.49049765162859
Q9NWU1,-6.05140707633382
Q8NCC3,-5.38476301648861
Q9Y4B5,-4.88237423756195
O14579,-7.35294238700189
Q12888,-8.89428063361207
Q14457,-1.99450775861771
Q92673,-3.93285549888759
Q6PKG0,-7.96953340243249
O00401,-4.91203498733003
Q9UNA1,-3.40384592509858
Q9H4G4,-1.07123493208674
P15735,-5.33918953777826
Q9NXG6,-5.45824595811714
P22303,-5.03022873368324
Q9P2U8,-6.1253315132152
Q9BQE3,-5.25244328642244
Q96GZ6,-4.73333644592357
Q8TDI0,-4.5876663293237
P51511,-4.13527175393648
Q17R98,-4.20325009916883
P48029,-4.99857861365002
Q4L235,-13.3390993341429
O00461,-3.57114407124125
Q6STE5,2.62580241670407
Q9HCK4,-7.18300870490514
Q8N0U4,-23.2534966642115
Q9BYP7,-7.71159660306778
Q9Y2Q3,-4.09021787597633
P07203,-4.60711084550221
Q9UBW8,-1.24554655956774
P04049,-6.62484237174625
O00442,-8.84222654069491
Q01118,-4.43947513191358
Q9UHN1,-6.48917864492278
Q9NVF7,-9.96820470553684
Q9UH62,-7.07423116442944
Q8IYB8,-6.77947940160065
P07948,-2.37762782131027
O60422,-2.19331456658747
Q9GZT4,-6.19770971673747
Q9BWL3,-2.0182317283569
Q96EF0,-2.79702106631369
Q6UWY0,1.93779996133029
Q9BW61,-4.58981509200644
Q6UW02,-2.56200090262334
O60293,-3.64597560656417
O43581,-4.03231965572334
Q9BRD0,-4.33393295803867
Q13045,-8.763800342498
Q96AE7,-2.78743519143088
Q8IVH8,-3.94696991560725
Q14149,-4.64110788784177
Q7L7X3,-7.70967692385631
Q9UQ26,-11.7328963517376
Q96P53,-23.2534966642115
Q13136,-8.34144589493604
Q92562,-5.3831365899519
Q6PCB6,-6.21133328257753
P51570,-3.75642152194957
P43004,-7.91676817206014
Q9NV31,-6.05985602130628
P49842,-2.18660909320158
Q9UQL6,-2.43184463627857
P09429,-9.11345638995324
Q8IUC8,-3.08402343765009
P09497,-11.3077406881527
P52757,-5.64660537238061
Q8NBP0,-2.41769153163261
O95057,-6.84644232931775
Q02818,-5.25106848215699
Q9H993,-4.86975465759348
Q5H9F3,-1.64040461211429
Q96L34,-5.31142310308936
Q5TKA1,-4.04928613916536
Q8WYB5,-5.13620462111926
O14967,-4.06930969890292
Q03426,-8.81753425007646
O95271,-5.49515467429466
Q92667,-5.58457261817594
Q8WZ74,-4.46750487395358
Q05048,-6.99873387356906
Q9BQ67,-5.67659253012339
Q86V21,-6.14674351224481
Q16825,-2.46011026439704
P29320,-5.46663080798398
O94818,-2.17890434797156
P10074,-4.53929048660738
Q9UIJ7,-9.23531674209443
P59998,-8.83426719755076
Q86VR2,-4.3773703451895
Q76B58,-2.72574270195653
Q96Q11,-6.63858555893398
P52298,0.666410687616889
Q6P1M9,-11.941274000048
P62263,-6.6742233195006
Q8NG11,-10.1082685837416
Q9UBF8,-9.61277310797914
Q9NU19,-3.39730112696472
O00193,-7.89695755266054
Q14644,-4.6472760653892
P15907,-4.901301017657
Q92610,-3.05906821014735
P52756,-7.22710101778264
Q9BR01,-1.8996745484353
Q9Y3P9,-8.39133820019981
Q00537,-2.42074077228186
Q9UGI6,5.33765766630598
P19838,-6.0327365079719
O15016,-13.450406417552
P0CJ78,-1.06219215560847
Q8TBN0,-2.94777388741319
P15311,-8.44344907344795
P22413,1.40288095351564
P61421,-8.46769150956149
Q9BVG4,-7.79665924524134
Q8IZ21,-6.99372716845344
Q92888,-12.3684240546702
Q7Z6J6,-5.9501377600596
P09622,-8.87669920086725
P20936,-8.81707552336866
Q15777,-8.45973719348443
Q969Q5,-5.8393477023688
P58546,-6.41369536907083
Q969Y2,-6.37861450574417
Q9P2H3,-4.14797573342324
P26006,-2.31193817625495
Q5J8M3,-2.00451519220862
Q13618,-8.49374130334276
Q9BVI4,-6.69333063337339
Q9Y3T6,-3.77674512967561
Q13257,-3.54293896329945
Q96RY7,-7.5070320597839
P36915,-8.60757614350558
P05771,-7.12212116163883
Q86VP3,-7.56086778876057
Q9UHW9,-5.59227367491402
Q9UL40,-4.38861772879955
Q13535,-6.39089375432388
P41247,-2.05535789159862
Q9Y4C8,-2.2048367384133
Q13243,-7.21140128922497
Q7L5Y6,-13.0965419556801
Q9Y696,-23.2534966642115
O60934,-4.88724766059301
Q9Y2G0,-6.25586334371379
Q9NPQ8,-1.79224713277022
Q9H5Z1,-23.2534966642115
Q8N2K1,-3.47748750495571
Q8N5U6,-3.948943550552
P07093,-3.09251446587709
Q8WUY1,-23.2534966642115
O94875,-4.15741526184919
Q8NBM4,-8.2749539110035
Q9UNP4,-3.46312792778229
P62330,-7.1494653224642
Q9Y484,-3.6101022485614
O75038,-3.711780224484
P62847,-5.6390982712607
O75140,-3.57245440278411
Q6UXP7,-0.258378322103475
Q8WZA2,-7.61378617920078
Q8N1B4,-6.13145079262747
P21281,-8.70721304341799
Q96T21,-4.24967834877634
Q96SZ6,-2.4420470992754
Q13585,-7.81804441501428
Q09328,-7.59761789561138
Q9BZA7,-3.13638293182449
Q9UQ03,-7.89759039299446
P19634,-3.31259218314912
Q9NXH9,-2.41500010410634
Q99816,-3.23422159451731
Q96EK9,-6.30902815290018
O43432,-8.73064594545402
Q5EBM0,-0.860696398983193
Q99549,-4.28204278856963
P54619,-8.52082234954201
Q8NE71,-8.95854563844125
Q9Y6K9,-4.63810905620306
Q2VPK5,-7.99456389114216
Q9H1A3,-7.6109406250106
O60879,-4.04285741281816
Q14185,-0.0088638133954652
Q99733,-7.96320918247836
Q9NWH9,-8.95040225489438
Q15311,-10.6124765691298
Q96PV6,-6.13155954300271
Q8IY18,-5.84343474069188
Q8TEP8,-23.2534966642115
Q6NYC1,-8.25965433120794
Q86WK6,-23.2534966642115
Q9H7Z7,-5.49174770105764
Q9UQ35,-8.29686544267763
O15034,-8.73872840275115
P10606,-5.68714767543337
Q96AC1,-4.08265565422435
Q99523,-1.88874040630787
Q9Y5E8,-4.64315555014203
Q8NDX5,-2.57519686522033
Q9UGR2,-6.73498842309248
Q8IVD9,-8.87159694690143
Q9Y6M4,-5.13608341756517
P55769,-8.69956458357777
Q4ADV7,-0.701859065673698
Q92932,-14.70902535427
Q9BV86,-4.59438441777545
Q9ULK4,-7.86165984164359
Q8WUH2,-9.26214572326987
Q9NYH9,-12.1925237939115
A8K855,-12.8049692999877
Q6IQ55,-8.27050498522815
Q15542,-1.91305722309568
O75864,-6.34056167814937
Q9P2K3,-7.32628426245616
Q8IZD4,-4.55794218085708
Q9NZC9,-3.31377350267668
Q5T5X7,-3.1477767498868
Q7Z5L9,-4.04722520354564
Q6ZVM7,-6.69090296263381
Q8N163,-8.04630123190594
Q76I76,-4.2607474978841
Q53HC9,-4.95109667059633
P24534,-8.75316920318201
Q8N335,-5.14009085742121
Q9UEE9,-6.78307846290131
Q8NCW6,-2.89158947521001
Q9NXA8,-5.54232752177738
Q86XL3,-7.96702870146411
Q4VC31,-11.3252216283863
Q13838,-8.94379687768952
Q8IXS6,-4.15135316962999
Q6V1X1,-3.42825785698962
Q9Y597,-0.649271667004469
P05089,-23.2534966642115
Q5TGY3,-8.76966220798473
Q9BSF8,-4.8191913280683
P31327,-13.8030643498469
P13994,-7.20985835100293
Q13438,-4.133585266416
Q9H2H9,-2.45882188433507
Q86X27,-23.2534966642115
Q9NPL8,-5.37938667388327
O43772,1.51879886709048
P22670,-6.73763711385635
O95470,-5.73989141827228
P98077,-3.92976643553171
Q9NZN3,-23.2534966642115
O94887,1.07452405116904
Q6UUV9,-11.3076503967166
P42574,-7.86127343593915
Q29RF7,-4.42457577042921
Q9UJD0,-8.22011703180969
Q9H6V9,-8.75034817713274
Q969K3,-4.06037629056255
Q96A11,-5.57302616354675
Q5JRA6,-8.22939520170425
P37108,-8.95924441736302
O43556,-4.66323784053602
Q7L2J0,-8.20570529252164
Q8WVZ9,-4.3183650667331
Q9NWS0,-1.58658227496689
O15083,-3.06480576198753
O76080,-23.2534966642115
A4D1E9,-4.66734518881405
Q5T011,-14.371414488959
Q12933,-4.32204357210645
Q8NEB9,-5.61022276383909
O75530,-6.91211786960207
Q96RR1,-0.0602949171131418
Q7Z5L2,-4.23770827085486
Q6NTE8,-5.41077942059803
Q9BYG5,-6.09669782831897
Q9BZE4,-8.88916723302109
Q9H089,-0.995700348835992
O00445,-8.3987413073183
Q96C12,-12.5504374139561
O95260,-2.79729050685031
Q14257,-7.64250958953022
Q9HB21,-6.32839254955244
Q9H175,-2.34469105009863
Q9Y320,-4.42658978731178
Q00013,-6.05272565769795
Q13158,-2.22972536752829
P04179,-8.58514083522671
Q6ZT12,-8.72799259842042
Q8N5C6,-4.76345134509445
Q05D32,-2.18946625637273
P53675,-7.74073899101018
Q9H2U2,-12.6184412653264
Q9H4B0,-1.5605347188739
Q5T3I0,-2.63033817667083
P22090,-5.97145477751639
O95822,-3.2700712635379
Q8TDQ7,-4.78116546964286
Q5VWX1,-2.62246758208097
Q9BQP7,-4.74007622272465
P30533,-8.8483013890198
O43493,-4.2439613602526
Q6NS38,-23.2534966642115
Q13823,-3.30889868631684
P52758,-6.40085659353412
P55211,-3.04761951919316
Q9BSL1,-23.2534966642115
Q9UQM7,-12.0088248197892
P50416,-2.73581508965098
O00222,-2.73712273274555
O94819,-5.55276082302372
P17568,-6.48242790066891
Q8N157,0.179384682208371
Q99653,-6.97109576000482
Q14681,-3.15938764548611
Q9P2R7,-5.86991624543633
Q7Z7H8,-0.451928377647744
O14910,0.42313529588709
Q5JR59,-11.0313120979017
Q99961,-6.5037370516615
Q96HU1,-9.0132615454051
Q96C19,-6.39920563474446
O95461,-12.0929361314854
Q9BT22,-3.11616317577652
Q96MX6,-3.83866886984152
P25116,-1.71503290395156
P09001,-6.32054731632142
Q8NBM8,-4.96975844349856
O43818,-10.0311434908624
Q7Z4Q2,-4.17445003203612
Q96I99,-11.1139069014933
Q96S15,-8.67361601840634
Q9BQ16,-2.74991098013063
Q8TB72,-8.19612806096562
P51817,-2.73420722054483
Q86TB9,-7.46692605380933
O14908,-23.2534966642115
Q5JTV8,-5.68311908566616
P57105,-0.245855780063444
O60493,-8.51631255324937
Q9H9L3,-6.65856227291966
O94804,-1.70801846043343
Q15773,-3.75906851705806
Q96SM3,-4.80033607269943
O14594,-16.3473059597334
O76041,-2.95122396826115
P52630,-4.24011958874741
Q9GZQ3,-7.16853325770924
Q9Y2S2,-23.2534966642115
Q9NVR0,-1.82351350271881
Q86YW9,-0.985095296931372
P51512,-23.2534966642115
Q96NL0,-3.93309671191578
Q96CX6,-2.46825481341348
Q13424,0.0319671655073865
Q9H5U6,-1.18882639133959
Q96BT7,-2.41288554689291
Q02083,-4.51627224135408
Q86XN8,-4.13777787116093
O95631,-3.49280048412471
Q15366,-6.91608771982692
Q96BJ3,-6.7686673562646
P15822,-13.80085106567
Q8WVJ2,-6.45821893547089
P62820,-7.89643770577109
P55957,-5.08748715285654
O75317,-11.0315370909018
Q8IW41,-3.1753253985299
P63313,-8.23911650019129
Q96JJ3,-3.05383114741811
Q9C0C7,-3.56094795508553
Q6P4I2,-5.73283667468076
L0R819,-3.08220967325373
Q96MG7,-4.20741266448585
Q99805,-6.98629929770177
Q9Y6Q9,-13.2943509190434
O60292,-4.76285400288499
A6H8Y1,-5.4143000748983
Q9NRH2,-3.26938748049964
Q9UJY4,-6.15513537970557
P34947,-4.81605252676459
Q08345,-8.02808614872523
Q9P244,-7.59016430110303
P62244,-6.03354918199945
Q9UHQ1,-3.23803225187545
Q9NPE3,-2.27703610602961
Q86V87,-3.11967176573586
Q5TEU4,-3.51342857717464
Q16281,-23.2534966642115
Q9BZ29,-18.0525331323559
Q86YJ7,-1.44232276082651
Q16706,-3.99464473501124
P84098,-2.75113407396809
Q8TAP6,0.925295836834716
Q9UKD2,-1.83386291069355
P08582,-5.5335266515683
O75147,-2.79682693624661
Q96FZ7,-6.2978746640353
P13611,-1.38798725045441
Q8N9B5,-3.5103699864617
Q16842,-6.98595013758019
O43824,-5.02586432673987
Q9H8Y8,-4.15562328339952
Q2TAC6,-3.08715047459723
Q96MG8,-23.2534966642115
Q9HD45,-7.02592774910005
Q9NPG1,-3.40208334301304
P35237,-4.26904570496502
Q08380,-6.02916033309223
O75663,-7.56013891800063
Q12980,-3.44748162626853
Q15814,-3.59895078235822
Q9NX58,-11.8548442611166
Q9GZS1,-4.80853382159531
Q9H8E8,-1.31411071499471
O14508,-2.67097917378851
Q16629,-5.56366212377731
Q8N4N3,-6.21271842441776
O00767,-10.7780069803141
Q9BYW2,-4.73945893492972
Q68DU8,-3.78241282626186
Q8WZA0,-6.63171554186205
Q9H2J4,-5.0802427620536
Q96K17,-4.21594397850372
O14867,-13.5001520464342
Q9H2F5,-3.20566410609262
Q05519,-3.5033583907176
Q15906,-4.46431956425321
Q8NFY9,-3.34925650709696
Q9NVM4,-6.24058220200878
Q9H4K7,0.843569914883328
Q86UB2,-6.82625804867238
O60296,-5.11559804041397
Q8IZU2,-4.55892539646814
Q96PN7,-1.90178499171431
A6NK58,-4.10126180978391
Q13190,-7.35626164218195
Q7LG56,-7.30587349892694
Q0VDF9,-4.29217435440353
P42229,-23.2534966642115
O43823,-4.69209660291125
Q96QC0,-9.52498765062406
Q9UJC3,-5.99750421191356
O95551,-5.97730806973039
Q13480,-4.9414266791708
Q6NUK4,-5.94075529518262
Q08623,-4.68593286657123
Q04837,-9.0447344993226
O43399,-8.9016023901176
Q8TDX7,-3.67525191392973
O43314,-10.6717344636901
Q01167,-6.14572761463617
Q9UK73,-4.16599431388669
Q15464,-4.80968657797
P02794,-9.4704026097322
Q9NVM6,-4.32880087307931
Q86TA1,-3.78658737974383
Q9BYN8,-5.25498127412923
P06865,-7.05223923311119
Q96EP1,-1.74285265835481
O95198,-4.46969361945437
Q9H4A3,-10.8187427434989
Q5FWE3,-3.99351407797517
Q86XK2,-3.14932525617565
P49247,-3.76001777357305
Q96RT1,-4.65745051054987
O75792,-3.47157784766337
Q96EP0,-8.08134829538517
O75351,-3.95250064582013
Q75N03,-2.8443827916544
Q7Z553,-6.57214206778738
Q9H0K6,-2.79482090742516
Q9H977,-5.18226006538716
P62979,-9.02278534916546
Q96FC7,-5.44425654508994
Q9UHB4,-2.99950581311835
O95772,-4.27099104138254
Q9NRR4,-14.034495069072
P31946,-6.38308705732002
Q9BRR8,-3.35120407915709
Q6ZNW5,-3.49238964879523
Q8N357,-1.50883840312177
Q9UNA4,-6.64840460142021
Q8N4L2,-3.72379011673289
Q6ZU65,-3.75911350315457
O75608,-8.56295892376294
P46977,-8.43973085413561
Q7Z3C6,-6.68668546387032
Q92828,-3.10224327016291
Q05655,-1.84126646653887
Q8WVF1,-0.14366249489866
O00505,-3.42677790303859
Q16864,-6.66163059892561
Q13595,-4.5530316190567
O94763,-4.1046617373059
Q9UL68,-2.9554269742012
Q969R8,0.631575567709492
P54652,-1.54624435260931
P98179,-3.00539868819452
Q8N9N5,-2.55581229564492
O00541,-4.64121734259997
Q9H2S9,-3.22290624528381
Q9UM13,-4.18178250972197
Q9H3T2,-2.06667173297485
Q4LDG9,-4.0868847501869
Q6PML9,-2.57833348354506
Q5RKV6,-2.34907679114497
Q96GA7,-23.2534966642115
P49593,-6.17899897282438
Q96A49,-5.46690060164837
Q6P1N9,-11.253932047193
Q86VD7,-2.73664475483548
Q7L4I2,-8.61092048570288
P58107,-5.35721016865539
Q8NBF2,-8.38283227069724
Q02750,-4.70603984800424
Q14677,-2.17803497706287
Q6ZTN6,-7.16233410517722
Q9UNI6,-10.892661513381
Q9H0E9,-5.47683662032467
Q9Y243,-12.7388300348095
Q13454,0.440001114535422
Q96I34,-6.42084956358258
Q06203,-7.68888798311096
P82921,-4.56717838125449
Q9BPY3,-3.12417156732947
Q70CQ4,-10.2853887965856
Q49A26,-5.52105151434366
Q6PUV4,-8.40624619606579
Q9UKK3,-8.82554097692837
O43670,-15.4770746448453
Q9Y467,-9.95491965841718
Q9NRC1,-3.73078966002531
P19447,-14.81946230004
A4D1P6,-7.19820632332158
Q92696,-5.49842932413124
Q86TW2,-23.2534966642115
P13995,-4.37709448689749
P06213,-7.25745445764568
Q93063,-2.31435085573604
Q8N6N3,-5.6037735781827
Q4G0J3,-5.84877956131605
Q9Y365,-6.04227290135308
Q9H2H0,1.60088307804554
Q8NFH3,-6.22254449256803
Q9H9J4,-3.33454195149239
Q13464,-9.9203911278972
O75676,-9.30291011612645
Q9UKJ3,-3.79574461269928
P48163,-8.8822329155604
Q8N8R3,-2.07339398353041
Q6P1A2,-7.38140367892519
Q9NWT1,-2.95321354781869
Q9H5N1,-5.49133608994213
Q96G01,-3.12965319007628
Q12791,-5.85594801482205
Q86W50,-6.82480105972537
Q9NUQ8,-4.22454038749291
Q6UXV4,-7.00646509348004
O95568,-8.71714789594846
O14683,-8.46286963799288
Q13472,-3.57027564778114
Q9GZT3,-10.7184480563602
Q969S3,-23.2534966642115
Q99933,-10.6069226782915
Q92963,-4.47203114931729
Q13163,-12.5700195114357
Q9ULG1,-23.2534966642115
Q9HCP0,-0.208499691224306
P62942,-6.26391277417371
Q9H777,-23.2534966642115
Q8WV74,-2.13788029678435
Q9P270,-8.44753571456597
P04424,-5.67127462294002
Q8IWS0,-7.34602073039221
Q96HN2,-4.90061846057339
Q8NDX6,-4.43077081640262
Q8WYP3,-4.41715622020821
Q00973,-3.83227000549411
Q8WTS6,-4.53090196146617
P62253,-10.2343222669428
Q53EQ6,-5.48456883307431
P10746,-5.8673874294652
Q9BUH6,-3.73817304693542
Q9H2H8,-6.31263702397862
Q68DH5,-5.00473832239661
Q76N89,-4.88739351326171
Q16342,-11.177735552498
Q8NCS7,-5.0521485616812
O76039,-2.21951709725046
Q8N0V4,-5.82981364580225
Q9UF56,-3.21624010919081
Q9NVF9,-3.59609757621096
O60563,-3.95403593019994
O75431,-8.11675365041043
Q8NDV7,-2.64754259050737
Q9NRZ7,-5.00411527917514
Q96MW7,-8.48718219172806
Q9Y2G5,-3.00431982086036
Q96GW9,-5.81244102997313
P13861,-7.00107601551431
Q02410,-7.55491562351344
Q9NPF4,-6.89857929218556
Q13564,-5.43247440479769
Q9NVV4,-3.501092728011
P52746,-23.2534966642115
A9UHW6,-3.77554120679716
Q9Y4C1,-3.97706534489559
Q9Y6B6,-12.3049213386055
P28370,-7.70862326753836
P07686,-11.1214641353908
O95825,-2.59095440312244
Q99836,-6.14606675878159
Q96L73,-4.65632095837999
Q6P996,-11.8385623618162
Q9H0R3,-23.2534966642115
Q9UPQ9,-23.2534966642115
P46013,3.79877277205675
Q9Y2W2,-4.62169655204102
P28329,-2.20091844301105
Q9NPI6,-5.84666055414142
Q4KMQ2,-3.64325106949796
P23396,-7.63073499786558
Q66PJ3,-3.49313835402413
Q6UWP2,-23.2534966642115
P48637,-8.61808461124111
Q8WXE9,-3.4829509046357
P39019,-7.12768881636662
P62140,-0.730043440772959
O00507,-9.6787496596745
Q9Y3B3,-5.93566996170074
Q96KS9,-6.02273129490214
P51157,-4.58211112284452
Q92854,-7.22705741670071
Q16740,-7.63766516161864
P55345,-7.10315870204405
Q7Z7H5,-2.99914133072256
Q5EB52,-4.13089791871062
P48380,-2.31425235794753
Q9BTN0,-6.08088819662101
Q8NCN4,-2.69642653065488
Q15833,-3.26235873537901
Q9ULB5,-2.71086994484332
Q96PU8,-1.29552411350007
Q9H792,-2.51975091783127
Q9BRS2,-23.2534966642115
Q9BVL4,-4.13087720702393
P51798,2.62426548377349
Q9UNM6,-8.69879003397518
P46940,-3.86885500384876
Q9H477,-1.75238707333848
P58166,-4.62394552310044
Q6P1L5,-2.18293472146506
P29353,-3.91779390959625
Q6PJI9,-2.1145205954307
Q9Y3B8,-23.2534966642115
Q92830,-1.50186801606581
Q9Y259,-4.33089836606573
Q96EQ0,-11.4379495358461
Q9HCK1,-0.920101996316871
O14544,-3.05380434973865
Q9BVC4,-4.04463757410849
P49748,-13.566708644856
Q15034,-4.67286036856732
Q8WYA0,-2.20477863948079
P30049,-9.70120962263186
P40121,0.765560872446984
P12814,-11.1252809630248
P32297,-11.83209212495
Q9NQT5,-13.7494413367161
Q9BTY7,-2.44318628480106
Q8TBZ3,-3.88557531371793
Q9H871,-1.17510427347623
Q9UH77,-3.78015337780978
Q7Z6I8,0.999862342634601