PG.ProteinGroups,300_24
Q9NQ69,-3.56957725883774
O00170,-5.96346482299512
Q9HCP0,-0.271002448344076
Q8IXM3,-7.19548378454679
Q92570,-6.12143641348385
O95502,-4.73459382204354
O95551,-4.62761055957755
Q6DKI1,-4.51439342114934
Q99733,-6.62458752324838
Q9UGP5,-11.1258808964731
Q14576,-6.95465887898938
Q9H6V9,-6.18591717733161
P53999,-7.3989030234262
Q9H5N1,-1.78355911674212
Q9H857,-5.74367501265318
Q9H2S9,-2.56315874696058
Q9H871,-0.18887195315131
P35237,-23.2534966642115
Q9NRZ7,-3.42366466318864
P47972,-14.1406389239229
Q9Y5V3,-3.64416687183677
Q96CX6,-0.243735492608815
O00203,-16.3482127348324
Q8NAP3,-2.87597758011901
Q9NZ53,-13.1229456524244
P0CK96,-2.09150399669072
Q9Y2G5,-2.48227149129451
Q15858,-5.05120506816287
Q9H3K2,-4.12736743510198
Q8WXS5,-9.6689909873664
Q96EP1,-1.30423229543683
Q9GZT4,-5.6358326531852
A5PLN9,-23.2534966642115
Q7Z6K5,-4.73969904707736
A9UHW6,-9.52254668111929
Q9BWU0,-5.8264371599694
Q9ULD5,-12.8230290299065
Q155Q3,-2.2572366291886
P48426,-7.50990247045958
Q7Z5J4,-4.83312907636638
Q13243,-5.15206091279844
P51570,-2.79321959320028
Q92539,-3.99974349328169
Q9UNW9,-8.67505372824943
Q96I99,-23.2534966642115
Q8IY18,-14.0096552929957
O15347,-6.51952806862978
Q96AC1,-5.63807547905966
Q12980,-3.20361473965107
Q13438,-3.13559958265767
P05388,-7.05793831745539
O14628,-5.45958580831539
Q9BZM4,-16.9223558087748
Q9P0J1,-6.91266381409562
O43913,-3.52752184142583
Q9NP72,-6.41363419398217
Q15742,-16.0240314985951
Q9BZ29,-3.9103136865924
Q9NV96,-7.68727747602525
O14994,-4.97423229503351
Q8WUA2,-23.2534966642115
Q5VTL8,-7.57830862178979
Q9HCD6,-7.00420871143916
Q4KMQ2,-3.3697836725394
Q99962,-23.2534966642115
Q96GW9,-5.65913899395336
P39019,-5.13027932786414
Q9NRH2,-1.99822972320883
Q96KC8,-13.1626545656183
Q0PNE2,-12.284439981779
Q9Y2H0,-6.56292037059337
O75380,-10.8245863128677
P78406,-7.7633477435974
Q93096,-5.95626988551627
Q6IEE7,-7.65269248446885
P62879,-23.2534966642115
Q17RY0,-5.04902300188101
P78318,-2.97872302473292
Q8NDV7,-0.617326794685329
Q8WVZ9,-4.98862649718002
Q9Y5E8,-2.81939704640976
Q9HAV7,-3.26288711419853
Q6ZSZ5,-12.1821580436769
Q02410,-11.5691768052586
P36897,-6.2648253197241
P62745,-6.94427308770826
Q9P2N6,-1.49436020625061
Q13895,-6.38468068286859
O43399,-5.49114611804985
Q7Z553,-2.0926965980172
Q9H8E8,-6.07031149371878
Q6SPF0,-1.80745171749868
Q12933,-3.55878096734893
Q14149,-4.73753011357548
Q13233,-5.42797959533906
Q9UJV9,-5.90837435255967
P00403,-5.65122991046404
Q96I34,-4.26595813002509
Q9H6R7,-8.67766557791882
P48382,-11.4736771626516
Q01804,-1.61755765631581
O75695,-20.5371301440898
Q9NZV1,-9.93427811767258
Q96MG7,-3.55708281345358
P19447,-3.55089881477634
P78536,-5.85307607426622
Q75N03,-10.9924640685981
Q9BXM9,-8.38464544761566
Q8IZ69,-12.3152381482444
Q96A35,-5.40495234217669
O14492,-23.2534966642115
P62277,-15.2328880690349
Q8TEH3,-6.20942938455154
Q6ZN54,-1.9109911809785
P30040,-23.2534966642115
P48651,-6.55646659639728
Q5GH73,-5.23744941125985
C9J069,-5.83139557796691
Q9BW19,-1.99746601338032
P16383,-10.6515085490063
Q9Y6X0,-2.36732824619224
Q96ER3,-2.00543465098833
Q13445,-1.89082162476669
Q9Y5Z7,-15.2949544867833
Q08493,-13.6615453341102
P32856,-10.9127325599798
O95292,-7.1004454958531
Q6UXP7,0.394139509169945
O75094,-12.8082091841752
Q96LJ7,-4.87968126171463
Q9UK97,-0.404499435084339
Q9Y2X0,-13.6872009104658
Q16342,-7.04650676417742
Q53HC5,-9.44853708984785
Q9BUZ4,-4.09587080091766
Q9NVF9,-12.7828665236138
Q9NRX1,-5.08000553103189
Q96AQ6,-6.70753058903299
P49903,-7.36215858463274
P51817,-0.943793472840677
P40937,-6.02935795119999
O94776,-13.7236919350278
Q09472,-5.55876503595694
Q9HAU0,-7.52077774907745
Q6NUJ5,-12.6920170583827
Q8N612,-12.9098368601153
P29372,-10.9436616193376
Q96RD7,-8.73031387418243
Q9Y6A4,-6.54412555488419
P50607,-1.73601231432246
O95864,-4.61720908509232
Q8N961,-1.07703421523342
Q7Z6M1,-23.2534966642115
Q96DA6,-23.2534966642115
Q9BSH5,-6.23751867663966
Q9Y315,-13.8913883541866
Q9H5I1,-16.8421833069009
Q96PN7,-2.54419441243816
O15118,-6.19982775631031
Q13596,-7.35890213452489
Q9UPW8,-11.5802842080236
P54802,-13.3852263509771
Q15293,-13.1284215435191
Q06455,-23.2534966642115
Q8N9N5,-12.6714992271979
O15016,-2.00571513516146
P62068,-14.8964118969557
Q5TCY1,-7.07047030665502
Q13501,-1.91865863536243
Q9BQ89,-13.621627635314
O43924,-15.9988637037174
P38919,-8.11172077514112
Q15833,-14.7823647417669
Q99805,-6.05538805255752
Q9Y625,-6.09002760201636
P78356,-10.9332379647852
Q6IAA8,-4.98769686801242
Q86W92,-3.14368524341251
Q8IZQ5,-8.11223500821198
P22304,-5.61753128563007
O14733,-14.1474317547623
Q15788,-4.27752654595584
P04035,-5.4854459941746
Q96RL7,-10.0272792021303
Q8NAF0,-6.08059046197662
Q9HC38,-6.75009430335367
Q9UP83,-14.4044336952977
P53677,-6.38248491482479
Q9NYJ8,-23.2534966642115
Q9ULN7,-4.93895834646355
Q8TD30,-5.17201887963944
O14522,-8.33335475029619
Q8IUL8,-5.78134020145721
Q8NC69,-1.16868827210561
Q8WUD4,-13.4693968142042
P51572,-5.87553115462783
O94985,-2.80284720306756
Q5BJH7,-18.7624158929746
Q9NYB0,-5.76170619942356
P62829,-9.70810039869836
Q68DU8,-3.34290839337887
Q14781,-12.6148538781683
O00555,-12.1496054820241
Q9UBQ0,-11.3050984026637
P78345,-5.26246812958544
Q15061,-5.26841054819763
O95628,-3.56167488605215
P08247,-7.48311406792622
P36954,-7.71496867542535
Q9HD45,-6.78275456986521
Q86VN1,-8.55155599155911
Q8N9B5,-6.79685838831804
P09012,-8.13400307488969
O75884,-12.0155895853797
Q92963,-4.96132309087246
Q6KCM7,2.23904970840403
Q9NZR1,-8.94274298283411
Q8NCC3,-5.67514516162486
Q53EQ6,-1.51493463052051
P98077,-2.70754612861724
Q5F1R6,-1.25239622524441
Q8N2F6,-12.7455591206248
Q99439,-13.3091674997194
O60568,-8.31779457558859
Q02543,-8.12571937323714
Q9BZG1,-11.5285668901486
Q9Y2D5,-12.7041208508829
Q16706,-4.07663750806528
Q5JTW2,-12.4154468496997
P21953,-4.24718886460803
P55211,-3.87316760630051
O60336,-4.70495512603436
O60216,-6.99006405911969
P84085,-6.73808384851057
P32297,-3.69811788752854
Q86SE5,-2.68949578055506
Q6NS38,-4.32241023005365
Q7LG56,-11.3613512865598
Q6IS24,-6.30636870014985
O43405,-11.7086812156191
Q9BQA1,-8.87045684365083
Q9UH73,-2.51210381112981
Q9UHD9,-10.5958734063555
Q96FS4,-14.2618013653549
O94875,-5.97215451678632
Q9P0L2,-7.76312437301039
Q9P2S5,-3.88654559377587
Q8IZ73,2.87510844762621
P61020,-7.93802055368418
O43752,-6.53490868543867
P07602,-5.86886285875765
P57772,-11.7582558232881
P41208,-5.30345809172067
Q9NWU1,-14.1901555036037
Q9NPA0,-3.28314625958749
Q96KQ7,-6.77364728845888
Q9P2U8,-4.68458432801111
Q9H477,0.321359495091993
P78559,-8.4850109036714
Q02040,-5.19059202334124
P26373,-11.2680916178496
Q96MY1,-6.06946884618775
Q6PI78,-6.63923562010086
P20336,-6.19106114284364
Q5EBM0,-0.958700758833139
O75354,-5.47510298237277
Q96PY6,-5.54844050349888
Q92540,-13.3374889878986
P54259,-12.1082742463018
Q9H000,-3.69404969081716
Q92769,-23.2534966642115
Q66PJ3,-5.99483702217867
Q9UJ83,-3.01022223636696
O75530,-7.15701344434567
Q8IWU2,-12.7867213619521
Q15560,-12.9575055361637
Q8IWA0,-13.5384184781093
O95881,-4.09743792268011
Q92520,-6.48792850458929
P49902,-8.19355312215093
P78504,-1.11440672985134
Q8N556,-7.25692519973895
P15622,-11.6057311887036
Q06546,-15.0958141920682
Q9UIQ6,-2.94982461448465
Q6UUV9,-5.45829893096227
Q6IC98,-6.35583880422942
Q04656,-4.23781218084823
Q9NWQ8,-23.2534966642115
Q969R8,0.502542370775485
Q99757,-11.9380065571075
Q96DT7,-8.67882787024444
Q14241,-4.47738981645574
O15083,-6.19944229068274
O43683,-12.2270759787569
Q969T9,-5.5578253423408
Q08945,-6.83067049322624
Q96PV0,-7.48877934706791
Q96MU7,-6.20864067517029
Q9UBU9,-23.2534966642115
Q92564,0.210973596654086
Q7L3T8,-4.4631949726717
P14735,-16.09914840061
Q7Z6G3,-5.66916833108376
Q6P4R8,-11.1997061190539
Q8N4T8,-14.5550424837071
P55769,-8.37365733699436
Q8WWH5,-5.13810703465227
Q9BZF2,-3.35939409900051
Q96NL0,-11.1742053869572
Q8TDX7,-1.44823525666884
P00390,-11.0578996813635
P49840,-6.85751120026226
Q8TCU6,-10.9469937360155
Q9BYW2,-3.6811256552928
O75170,-11.9400159639685
Q9C0I3,-0.314524736672053
Q9Y4F5,-5.1957159073818
Q9BRP4,-4.88863350443307
Q9BX66,-6.1417661730484
Q9P289,-13.2383637735962
P62993,-5.91521940085979
P17405,-8.70677709835086
O75907,-23.2534966642115
Q9Y5X1,-8.81326780929899
P37837,-7.40213371657631
Q02809,-7.04986629404202
Q86VP1,-12.6069198120243
O75909,-12.9172939886737
Q8ND04,-6.78073184429286
Q14687,-4.29143183506013
P83916,-4.7368032437721
Q9UKZ9,-6.77324081434953
Q7Z6J9,-14.0824619901958
Q9BXA9,-0.747379623958106
Q9NWS0,-2.04225508314728
P08727,-10.9153291978572
Q8ND82,0.237060098003423
Q9NSC5,-5.64159085544214
Q9NUQ2,-10.5427679694247
Q6ZVL6,-6.15864110679735
Q9NRW1,-4.82577515055492
Q8TDN6,-4.19796725097766
Q7L1I2,-23.2534966642115
Q13163,-2.61600035954975
O75317,-3.22403621903194
Q9NUS5,-23.2534966642115
Q8NCA5,-5.30230066852035
O94804,-2.13968814067477
O75953,-5.9015971822168
Q8WYK1,-23.2534966642115
Q9NZ01,-1.40271101329594
Q5JTZ9,-6.893151189119
Q9HC52,-11.5483414294819
P61266,-13.9151463878889
Q14147,-16.0817380690914
Q13427,-7.80120621533833
Q9BVL4,-11.868324099128
Q5MNZ6,-5.16591060439129
P10588,-12.2269043699381
Q8IY17,-6.01340048390701
Q9Y2K9,-4.6917833214846
Q9UKZ1,-4.40892735104639
P12004,-6.98914411581924
Q16877,-14.4621093066984
A4D1P6,-6.55647469998315
P52594,-7.37483265193159
P24666,-6.88382972332105
Q13003,-2.71808892738709
P35080,-7.62358660933743
Q70EL1,-3.78646840560323
Q13907,-7.17550651783357
Q9UL12,-12.9260939957049
Q5T011,-11.3264012002394
Q9Y2Q3,-3.09761950014545
Q9NNW5,-6.28828087436929
Q02218,-8.36710665122101
Q9UG56,-5.18888006470581
Q13769,-12.6790888374193
Q9H4G4,-9.68234160753401
Q8TDN4,-2.85150783289608
Q5T7V8,-1.13733302654983
P20337,-5.22139576318406
P20338,-6.61384552249929
Q5T5X7,-5.39207671288438
Q13825,-10.1065714751301
Q14249,-5.63275382324483
Q15910,-4.8590999718146
Q13164,-15.2892682854578
Q9UFN0,-6.4373124151568
Q9Y3C6,-7.61650735993921
O15041,-12.455499721287
Q9Y3T9,-12.9824405753057
Q96N21,-16.2946132960674
Q96HY6,-6.02041739492102
Q8TF44,-5.50958090022947
Q8WX77,-6.10937883227587
Q9P2B2,-8.24521737225918
Q9Y277,-8.72786755180894
Q9Y219,-4.12067210165242
Q96FC7,-4.10014456422813
P23443,-6.15669581431702
Q86YD1,-6.00794903841129
Q9NUQ8,-11.081842189353
O00222,-2.35632726811366
Q96ME1,-8.8983745475681
Q9BSA9,-12.644953652879
Q8TBZ3,-3.64176180484113
Q6ZSY5,-5.9900624142518
O43173,-7.27434603711077
Q12797,-3.10403249347293
Q96MP8,-6.76320483953568
O96005,-7.32170547780287
Q9HB21,-5.48851066949551
Q9BSV6,-11.7975013176085
Q16539,-0.211428891804913
P18669,-7.62746713039907
Q86YH6,-3.16617977330461
Q7Z6J6,-10.6681515416404
Q16512,-0.824485153900033
Q9H4K7,0.410312203862142
Q96QE2,-5.84684197025223
P07205,1.8167620268439
A6NNY8,-4.88699270944177
Q6P1X6,-14.847504522282
O15394,-7.52788030581815
O75147,-2.22510279206018
P56937,-3.17433035259865
Q96L34,-5.92015574799431
Q9UKD2,-3.34567353880685
Q96FK6,-15.1576985138916
O14653,-2.94919718627514
Q9BT22,-3.40132519721253
P35052,-6.37849446283084
Q9BYJ9,-6.54398316000287
Q69YN2,-3.4230976593984
Q7L3B6,-2.57792069954274
Q8NCW6,-3.09286307551384
Q9P2F5,-5.60088956971701
O14730,-6.17796514537308
Q8N8A2,-11.9315956088291
Q8N2G8,-13.6162162737678
P50336,-7.22063060815196
O75044,-6.07027019782251
Q5TEC3,-2.47962156280879
P82921,-14.4130091556922
Q96GZ6,-4.32276626602283
Q9H1U9,-0.390492953863288
Q8N474,-3.19456021575893
Q16281,-23.2534966642115
Q08380,-16.3133381135054
Q16585,-14.9140168603817
O00213,-4.60086665432495
Q9UBC3,2.55015575113152
Q96RY7,-23.2534966642115
O43741,-2.63637094887496
P28370,-5.78839285350821
Q92953,-10.8264978143943
P19388,-5.84847168431576
P31930,-8.33561879128088
Q86WN1,-11.0682726748786
P49842,-16.9482598228547
Q6P3S6,-8.98869759583898
Q9BZV1,-16.1312348097328
Q9UQB8,-23.2534966642115
Q8N8U2,-4.42087122196314
Q76N89,-7.13321152449842
Q99816,-11.7919638325321
Q14457,-5.62840893746838
Q96T21,-2.94086573344058
O95801,-0.736000709753303
P51826,-23.2534966642115
Q9NWT1,-2.06495582501003
Q12974,-8.52197113757095
Q15269,-12.5293857676677
Q9Y3Q0,-11.5496458986435
Q6NWY9,-6.13768248836045
P48067,-14.6401626462252
O76024,-14.6192456063534
Q8TEV9,-14.2958646915033
O95983,-7.59535759065042
P45954,-6.57994293279936
P07355,-13.5434771097984
Q9UHN1,-23.2534966642115
Q9Y6G5,-5.6458247732818
Q9Y4C2,-7.16784874565119
Q5T7P8,-4.75538357100875
Q9BTY7,-2.83286802952702
Q6NTE8,-3.68485568009685
Q96EC8,-10.0048562987603
Q5RKV6,-2.44838567184489
Q8WW12,-6.81773444555724
Q9Y508,-7.40645054401584
Q13009,-8.02836057999115
Q13838,-8.93899038975672
Q9UHQ1,-1.43247522901647
Q96EQ0,-4.3070180856516
Q86YP4,-11.7984585722474
P67809,-8.95216873977652
P61088,-7.47439682953679
Q96FV2,-2.92371818881254
P49441,-6.5113872724448
Q6UXN9,-5.08088157209403
Q13564,-6.5762534257394
Q68CP9,-5.58663965975025
O95180,-2.84211789202676
Q99523,-1.92501522511733
O14818,-8.72974597265788
Q96E11,-6.30198329231309
Q16773,-23.2534966642115
Q9P2D1,-7.28639145749584
O95470,-6.65761400319343
Q9P1Y6,-12.5389421155939
Q86WB0,-5.31030516843465
P55036,-9.11097175921251
P54756,-2.40780398408514
Q8N4V2,-11.8591836495913
Q15363,-4.78095251428645
Q8WZA9,-15.6554322453258
Q14686,-1.67301508444563
Q9BZR6,-1.56936969303922
Q9NRN9,-7.04546088514085
P17252,-5.4329842459125
Q9BQ16,-3.09343805949419
O14490,-12.1849884925256
Q02790,-6.59720567845731
Q9UHD1,-8.50565342119497
P31629,-3.80136122628802
Q9H089,-12.6000672159068
O95948,-3.76505397003903
O14562,-7.10171487852406
Q5VST9,-10.9200947984918
Q9NW75,-0.241040293789808
Q969P0,-15.7334996244944
Q16875,-4.22380063848398
Q15417,-8.80127495396002
Q12899,-4.10060097957136
Q9NVF7,-3.19320592598018
Q16740,-7.04328911400929
Q15048,-7.15178879384904
Q6XQN6,-1.18076160376775
Q15800,-7.13570909551196
P52747,-1.81639715452832
Q96IV0,-5.81306733172443
Q96IG2,-14.0432325424857
Q9H2F5,-4.78514034595253
Q9H936,-13.8393249711245
O43402,-4.94468695244514
P62910,-5.45042106857697
Q9H0K6,-4.18315651904859
Q9H6J7,-0.845808213817985
Q96GA7,-4.76661991783517
P0DPB6,-6.1224932661197
Q6UW02,-3.27981006843525
Q9UQ90,-13.4419121333726
P50749,-6.37401097897446
Q9Y3F4,-8.83284004424663
Q9NX05,-1.15656196432562
Q9GZY8,-15.3069220551295
P49748,-14.0936810640861
Q8NFG4,-6.73417822089005
Q9UPN7,-8.83567136846222
Q92562,-6.78292170285524
Q9BY67,-7.52250790062134
Q8TCD5,-14.2636719204605
Q6PI48,-7.60225490482936
Q9ULP9,-16.1206599936305
Q02750,-4.2219882203952
Q9UGI6,4.72231451579252
Q9UEE9,-6.86427629882142
P54803,-23.2534966642115
Q14232,-13.8454869938113
P10515,-6.68768771736035
Q08999,-4.64364035792624
Q8IXQ4,-2.47499884974356
Q96PU8,-13.1016008704936
Q8IU81,-4.62528340238086
Q92506,-5.54860568183792
O00750,-8.25335089288755
Q92925,-10.1777775188629
Q9NX74,-3.42958527645378
O14828,-4.48933375084635
O15484,-4.74189894736544
Q7Z7K6,-14.8753604100958
Q9BV35,-1.91219120639077
O43818,-4.92110668928865
P55209,-8.15535140668039
P28288,-6.96612869548181
P63000,-7.26735829513289
Q6P4A7,-14.4942180711766
P62750,-7.36307319530354
Q9Y692,-0.0978573742376051
A1L0T0,-9.68090938911013
P49593,-7.25276939463261
Q96MW7,-14.3769089477162
Q684P5,-6.47683276949812
Q9H999,-1.14373148106681
P17041,-11.1769829645698
Q13158,-2.9604668036907
Q8NEJ9,-4.32704414503208
Q9P121,-6.5338847218102
Q86XK2,-4.79011467384223
Q8N6N2,-5.8115376568575
Q9H7L9,-2.23873351239591
O95825,-4.64035991415779
Q9UPW5,-8.96073885628798
Q8N6N3,-5.43160219204874
Q86VD7,-3.51688695987693
P78310,-7.70149885261779
Q6PI98,-7.53776828950799
Q70CQ4,-5.43863173074406
Q8WYA0,-3.74677375211814
Q9NQT5,-7.57958333602096
Q9UNA1,-3.64598299631321
Q86Y82,-7.48203426023363
Q9H1D9,-16.1347649074358
Q8N4U5,-15.4613923766942
Q9NVR5,-10.4860247855767
Q8IV38,-23.2534966642115
Q4ADV7,-0.956942427096453
Q13257,-4.08485051469602
Q9NQV5,1.70394316104811
Q92828,-1.88026467210842
Q9Y2K6,-5.00031109132953
Q5T440,-4.63172509752701
Q9H6U8,-9.41672332522069
Q08345,-8.52422647020052
Q9UKN8,-7.30784584347479
P40925,-8.79554609343601
Q9UET6,-6.1485820495654
O76080,-3.99080769606443
Q9Y4C4,-5.65425428613068
Q96SW2,-6.51950680930473
O95757,-5.65355524688167
Q9Y5B8,-7.51325801975107
Q13796,-5.47191019135607
P35716,-5.2868250022546
Q32P41,-4.46474881834522
P49458,-8.03464082132104
Q5TC82,-5.5378227223332
Q9Y328,-5.90262448765533
Q9GZZ1,-6.15849446951092
P20339,-5.41831579830927
P98179,-3.12677686795402
Q68DH5,-5.82560277594734
Q9BY41,-14.3558429223922
O15417,-11.627963043977
Q14684,-5.16131581239267
O75688,-7.80229878200756
Q16854,-1.41887533925943
P83876,-1.87742177094348
P46199,-13.2978692984206
O95822,-3.59452228255587
Q96BY9,-11.7280602807598
P56211,-6.30966116231581
Q02880,-8.5662327166537
Q6VAB6,-4.57797762168046
Q99856,-7.89407107434293
Q9HBF4,-7.65733697974859
Q5VZL5,-13.3442687856479
Q15942,-7.71618683165075
Q96Q11,-7.38241671679427
Q9UJC3,-23.2534966642115
P50416,-4.86414994181214
Q13185,-5.67884061700856
Q99767,-5.57524691456539
Q9UNA4,-5.83148986075323
Q8N126,-7.09231483388131
Q9P227,-10.3931272864151
P06396,-7.55844756577203
Q16842,-13.0245793120091
Q9UHB4,-13.1545551161873
O94813,-6.79666419300975
Q9H8Y8,-5.84312562429485
Q96P11,-7.8811353344552
Q9UMY4,-4.34586521175328
Q68D10,-4.79936659123621
P61018,-5.33335462730691
Q969U7,-4.77672181114161
Q5VWX1,-2.99146852164424
Q9NWW6,-3.47892423149246
Q9BQ69,-2.07734811293295
O75077,-0.958615054559984
P35659,-7.71505102791728
O43148,-11.4460576776247
Q9UKK3,-1.29285724545018
O75529,-5.99650168823053
P08243,-7.72646244759879
Q9Y3C1,-4.72774523918468
Q8NBP0,-2.78911729038147
Q5TGI0,-8.18263854096358
Q9UGU5,-4.73432292640333
Q9BQG2,-11.6895434056236
Q16698,-10.0220274822678
Q8WVY7,-8.68390969684308
Q14004,-3.59572688781923
P15907,-3.15266912921509
P17706,-4.64922485024282
Q9H814,-5.2383212231107
A6NHX0,-7.43795716961721
Q9NZV8,-3.63582535240217
P40938,-7.15315110640152
Q86Y79,-5.94129981880873
Q7LGA3,-6.43078192362328
Q9H307,-7.18953336831309
Q96LA8,-23.2534966642115
Q4W5G0,-6.96085165631009
Q9NVR0,-1.6175992846308
Q9UJC5,-9.59075732993746
A4D1E9,-4.59450432461976
Q9H254,-2.32055180515929
O43427,-14.2908870364699
Q8N8A6,-7.55483663202916
Q13219,-4.24109559208591
Q92871,-5.22116687349612
O60245,-7.54539079697059
O75528,-4.23295707107748
O75150,-5.51664921923677
Q9Y487,-4.82251591039086
Q6DCA0,-5.13557136789467
O76071,-4.18906062591074
Q9UQ16,-8.19543151523535
Q9UJ41,-7.75985804934678
O43159,-8.15185443887417
Q96RS0,-4.13842630957067
Q9ULU4,-7.73167604601962
Q9NRZ5,-8.30442055708854
Q8TBN0,-12.5533219638864
Q96DH6,-8.42572416879223
Q8WYP3,-2.22592377963573
Q9Y2Q5,-6.68663014148199
Q9H777,-7.92349425473723
Q99608,-3.68328030907483
O60422,-3.11865361388035
P49674,-8.46341233256907
Q9UBK9,-6.86838042032618
Q6ZN55,-5.88064260684471
Q29RF7,-5.77610776832815
Q24JP5,-7.15611056976841
Q5TKA1,-2.9187107930895
P18615,-7.76131673033736
Q9H0M0,-2.84092810912791
Q96PB7,-3.75005271361476
O75431,-6.053614170118
Q92784,-7.14935819321214
O43581,-4.48185111020471
Q8NB37,-6.36318951606575
Q7Z739,-6.69743200788048
Q96ST2,-6.65252329736014
Q9BYG5,-2.26675448026185
Q9BSF8,-5.8101694813573
Q9Y657,-1.56161739406883
Q96ED9,-0.609458468985939
Q8IWZ3,-7.93201631592092
Q9UJT0,-2.62471004796873
Q9H3P7,-6.75280195149573
Q96G01,-2.2862231928258
Q8WYQ9,-1.18600335073393
O94916,-2.76604174798002
Q86XS8,-3.93955274659087
P45983,-6.54533295887263
Q9H2J4,-4.66269159299511
Q8N5Y2,-4.9574455868023
Q9NW61,0.363566761033883
Q53HC9,-2.68167353923421
P02794,-4.70487397252964
Q5HYJ3,-12.6205528801391
Q9Y3A3,-7.85912522456842
O95602,-6.92005036444158
P51452,-8.24200337115344
P17655,-9.4627375782249
Q13177,-7.91254884027191
Q14195,-8.90956751138729
Q8IXK0,-23.2534966642115
O43823,-4.49760864932134
O95168,-3.08452516874347
P54652,-2.76091540600679
Q8N5F7,-12.6984168375217
Q969T7,-7.38546465790922
P51571,-6.74532406203778
Q9UBB9,-5.54460783272011
P15822,-2.82951734794753
Q96PZ0,-6.97736545418401
Q8TB52,-4.06045093581208
P26599,-8.17634198913552
Q00688,-8.22353865528985
Q6P1R4,-4.35996303050324
A0AVF1,-14.0914589992197
Q13480,-5.43906421745443
Q8NCE2,-15.7633982847217
Q96LT4,-5.33521330131024
Q9NZ63,-4.45800836067774
P35626,-5.82890727000314
Q9ULG1,-4.70947247617781
Q9UNP9,-8.00009455412353
Q8N4N3,-5.7076457185027
Q92618,-6.02277311881325
O43920,-7.66591433719466
Q9H8H0,-8.53030328413591
Q9Y6K8,-3.6371643194334
O14910,-2.04124291444899
O43809,-7.08440064473329
O43505,-7.54463091899642
Q9H8M7,-8.12552622900549
Q9UNA0,-2.92814320336147
Q9Y5E9,-11.107965877996
P16949,-6.99873604764056
Q9H4A3,-6.24939098479248
P26374,-4.87619880929446
Q76B58,-6.93219718100404
O94905,-5.48104609818048
A6NK58,-14.2821946836095
Q8WTW4,-1.40814474128074
Q8ND83,-5.54110609332623
O15164,-4.23640579288629
O14782,-2.87273519419253
Q9BZC7,-2.85634698822508
Q8IUR7,-6.44824834511731
Q4J6C6,-8.41784558256126
Q9Y287,-3.2727942588895
Q9Y6Q9,-2.74558343896224
Q5J8M3,-2.48831790409372
O75368,-6.60007487536335
O94992,-5.93933106581141
Q92734,-5.25671633983398
O60503,-5.18707108569553
P30414,-12.7637070409625
Q9NTM9,-8.96594482057542
Q6UWY0,-2.08349181394119
Q16629,-4.69304126708919
Q9H1K6,-11.5410404241554
Q8WUH1,-4.71064361451733
Q16538,-23.2534966642115
Q9H6T3,-7.93815711975523
Q96M27,-6.82515960293313
Q3MHD2,-8.65169728873021
O75385,-11.0581895971519
Q96AB3,-15.7248412909231
Q495W5,1.71498691487303
Q8N2K0,-7.49909059747197
O96001,-2.49391665974351
O75157,-1.99513365538427
P52788,-8.28013871736244
Q9Y5R2,-6.55977381918546
A2AJT9,-13.9263472699342
Q9Y484,-4.19983437533257
A8MXV4,-6.26771335124062
O60934,-11.4414027279573
Q9NXN4,-6.66191058422031
Q9NWZ5,-7.44900150937107
P53671,-6.65619677501057
Q7L523,-11.4130243611409
O95232,-8.5667994534283
O43295,-7.71454531919947
Q9Y320,-4.38274448433683
Q8N2K1,-3.56510517626282
P13995,-7.1473301117504
Q8WUM0,-13.2052877645337
Q2KHT3,-4.17589561658544
Q5VTB9,-4.74319650163058
Q8TBP0,-0.514432438418861
Q9HCJ2,-1.11151531379382
P22413,2.47901145327433
Q9NVI7,-6.49757184553621
O43347,-8.7753393864799
Q00013,-2.4928630704413
P78324,-1.72084792653937
P62280,-4.32681347531163
Q8TC12,-7.58377776297432
P08574,-3.88646999198199
P09543,-8.18852807288544
Q00973,-2.44595846402234
Q14849,-11.6249463285419
O96028,-4.86491093776931
Q9UPR5,-6.66942636618552
Q8NFU7,0.0861481874637914
Q9H9Y2,-7.4104912271337
Q86XZ4,-5.22461725482138
Q9UBU8,-6.16940786423632
Q9NR31,-4.27081060394308
Q9HCE1,-6.30458947832197
P40855,-4.06436509213132
Q9NZV5,-6.07808532438464
P51523,-1.50096245668695
Q8WZ74,-4.13389925994336
Q5VSG8,-3.76657128970463
Q9Y6M1,-11.3359547785822
Q6RFH5,-6.76679184161254
Q8WZA0,-5.29262980037404
P48380,-2.87559288128342
L0R819,-3.001704984627
P46013,3.62134249381062
Q96J42,-5.74356280856511
Q8N0U8,-8.86899681488754
P51692,-3.95207500062648
Q9BRK4,-3.5438186696875
Q9GZM8,-5.46491771816081
Q9Y2T2,-8.24118572173053
Q8N5C8,-13.4555021946003
Q96BT7,-3.66959936297839
Q9H1V8,-3.89586012033593
Q9P0U3,-3.6734097181082
Q8N9I9,-8.01642842799615
Q9P270,-8.14413275945138
Q08828,-23.2534966642115
Q9UNP4,-3.84705303821733
P82650,-8.80274764775531
Q96EZ8,-3.39682813919507
Q96KM6,-7.36953726508328
Q14651,-2.84387792821187
O75716,-20.416597248646
P13611,-1.52301037415917
Q86X02,-3.55039970854965
Q8NAV1,-7.25143544529833
Q9BYD3,-12.2747501167698
P35637,-9.45094297685822
Q7Z2K6,-13.1741644902035
Q9HCM7,-13.3093041664833
Q9Y216,-7.20618277158847
P30519,-5.88941643417757
Q9C026,-10.2424491384012
P48444,-8.75312113918841
P55011,-4.41171604765341
Q7Z7L7,-2.73081460683792
Q96BM9,-8.52300388269035
P98172,-23.2534966642115
Q9NSC2,-7.00588800805463
Q8IWZ8,-6.71466063834735
Q9GZR7,-8.9650849575324
Q9HCK1,-1.65973091163498
Q7Z3E2,-4.12848096701066
Q15375,-6.3009631199178
P10644,-6.47068646393205
P61019,-8.94520775969271
Q9UKE5,-5.64077100513369
Q9HC62,-6.0228797329316
Q5THK1,-15.4464566892907
O15066,-5.61899309965573
O43772,-0.99958322441958
Q9NTJ3,-3.57620037058639
P48730,-7.62392074658446
P34931,-8.60002351958682
Q96JA1,-5.84672394209966
Q9NV35,-14.2958440774669
O60927,-6.52115752237023
Q9BYC5,-4.93724206823492
Q5H9R4,-6.59739893696384
P46087,-5.35861059729676
Q14CX7,-11.205331748853
Q9P0J0,-9.97959246702156
Q8NI37,-2.59695559025571
P28715,-5.67306435482741
P16455,-5.97431486463222
P09661,-5.76414574752883
P78563,-4.71402000067139
Q02338,0.85344696932578
Q9NXA8,-8.41599836932231
Q13491,-7.50303563013118
Q9NXH9,-3.38296800995129
Q9NP66,-4.64761755230772
Q6T4R5,-12.9310827015024
Q7Z417,-7.04812805197672
Q9Y2J0,-2.85799973313188
Q96C19,-6.71394261354629
Q9NVM9,-8.33114958631299
Q8TEY7,-5.58367498671764
Q9UH77,-0.764178384509536
O75038,-3.23971256863538
Q9HCM9,-13.329217472942
Q8N335,-6.87067194809925
Q13424,-1.04895999098104
Q7Z7A3,-16.206857463003
O00522,-6.39213988567017
Q9H2B2,-5.35405791720381
Q8IWW6,-6.97054874349819
P40121,0.592468460614081
Q9GZS1,-3.41152457986869
Q9ULC3,-7.64010625941779
P42285,-7.93543355144635
Q14114,-7.29572040214387
Q13823,-3.65566114728659
O95758,-5.32298952343022
Q96PE2,-6.92811277118104
P00352,-3.44808657003343
P42898,-5.57150028510505
P42262,-18.1366950616991
Q9H3N1,-8.83916354981604
Q6N021,-3.43247096634094
Q9UKR5,-8.14690055573526
P60983,-4.97963004544336
P23396,-7.93707230954996
Q9Y314,-8.09206204564881
Q9NPE3,-2.56743974918152
P40222,-6.66540897228656
Q9H336,-4.84680136576575
Q8TCF1,-3.4855334427099
Q8WXE9,-4.45642530655357
Q13557,-4.90056020877777
Q15024,-8.65447706679052
Q8TCX1,-5.29330017742902
Q9BV44,-8.59380587650804
P29320,-6.32866733621213
Q9NRJ4,-3.44165356381216
Q6N043,-13.2745137570788
P18858,-1.69671386334334
P19838,-16.5163991088259
Q86YT6,-13.0164549131819
Q6PCB6,-8.39946109076869
Q92609,-4.89254588509014
Q8N7H5,-8.52724640946503
Q9UHX1,-8.86875140185924
Q8TCA0,-9.86422651150246
Q14416,-8.3269359978396
Q96JQ0,-3.85508515918708
Q9UL40,-15.6322134227466
Q99504,-3.01545421528322
Q7Z7H5,-2.13531168286506
P48739,-8.72812831666506
Q8IUQ0,-6.09202721078865
Q9Y5S9,-6.69670541954682
Q9NRG4,-3.86764460367432
O75832,-7.54409629459857
Q4KMQ1,-1.88508158658623
O43296,-23.2534966642115
O95631,-0.418801832354832
Q9Y6N1,-7.78909223859692
Q6NT76,-5.02516672257142
Q6ZW49,-4.58610539084957
Q9UGN5,-5.38125445091578
P62820,-7.28725201544272
Q9BVL2,-23.2534966642115
P50583,-23.2534966642115
Q92673,-3.14701017767599
Q14257,-8.03900834927752
P52824,-5.55127185696374
P56962,-11.8762415266728
Q9UPS6,-8.26764055152747
O14917,-7.59372469111579
A6H8Y1,-12.7418372691136
Q86U70,-14.1138676673894
Q01433,-13.7558330257222
Q49A26,-7.84176369894071
Q9HCH0,-5.79077029813753
O43169,-8.91290652228426
O00193,-6.24824138279541
Q9Y5F7,-3.62065432281916
Q13454,1.44937248803743
Q92905,-7.44908179486893
O14508,1.82255362911865
O15090,-3.96633555341216
P52429,-6.52845341673657
Q9UJY4,-6.89265454546878
P62847,-6.67440320634878
Q92610,-2.44768585878826
Q9H0X9,-8.45744853205734
Q93075,-6.81104996441859
Q9NR80,-5.05139457988161
Q9UM13,-3.99122886787267
Q9NR61,-4.05178312211957
Q96JN0,-7.06787309838152
Q8IZU2,-4.70383477974418
Q8N9N8,-4.00660449085853
Q9P2Y5,-3.15768923821118
Q8N594,-3.54795356833702
Q15723,-2.71510597273207
O75792,-2.99393955149011
Q86TA1,-3.9982183684
Q8N6W0,-7.59076284229573
Q9UM19,0.760974239818691
Q9NTJ4,-5.41755025295669
P60468,-5.04962320063915
Q96SZ6,-3.78316942790763
Q7L5Y6,-3.05446250370201
P50995,-5.22789819801925
Q16825,-2.97354824302731
O95201,-0.251780948668982
Q96HS1,-7.84545144561738
Q9UK39,-7.21121832840738
Q8TF46,-3.01713983910803
Q9NU19,-12.8488624697195
Q8IYR6,-5.40304652666452
Q96A83,-23.2534966642115
Q86SK9,-9.29169342444789
O43493,-4.73270634003972
Q9H5V9,-6.02018176546076
Q9H223,-8.32758419181577
Q969H6,-1.21860169022278
P51687,-4.61489787416297
Q9Y462,-5.71189460464511
Q13464,-11.6195677117192
Q8IY63,-5.53908888491414
Q147X3,-6.68701664716723
P48051,-2.60275711396776
Q96Q07,-4.82967193669827
Q9BTN0,-5.2142968948454
Q14562,-7.16548124585243
A6NHL2,-11.6498330556068
Q13275,-23.2534966642115
Q5T3F8,-13.9050691620333
Q9UL68,-12.8690592722839
Q9UF56,-12.215108861674
Q8WVM0,-7.83103758077727
Q96G97,-4.19283087911154
Q0VDG4,-6.53034112662296
Q13569,-7.5432919063042
Q12824,-8.04418780532402
Q9H7Z7,-5.58515625233273
Q9NRR5,-5.76657496509584
O95057,-8.69677633421461
Q9H6E4,-4.94624200174507
Q15382,-8.88435765991448
Q15428,-6.45913122949283
P26006,-2.18180462365389
Q9UNI6,-11.6281179351024
Q9UHY1,-6.86707400623274
Q2TAA5,-6.62740003788114
P62140,-5.28538740312491
Q9BUL5,-5.84814483907732
Q01167,-5.22120647592203
P52298,0.0463241916736894
Q9BV86,-3.71459991300737
Q86UN2,-12.5889055420457
P52758,-6.06044981282459
Q9GZZ9,-8.30490178747507
Q9Y2K7,-3.18049590934868
O15060,-5.95718868926705
Q9Y653,-7.03976460407815
Q7Z5G4,-4.52738972042346
Q9P219,-4.94962636981028
P08138,-7.47120818897667
Q14155,-7.91588087719603
Q9NPQ8,-2.87024479418154
Q9Y5T5,-5.08731070087437
Q06587,-8.61908171367006
Q8WV74,-2.24842283409088
Q16762,-0.768154088593462
O43151,-12.5793535586331
Q8WUH2,-7.61646639597246
Q9H0F7,-7.01447577142691
Q0VG06,-8.00413935966825
Q96CM8,-4.42358604462487
Q5TEU4,-3.08816330163431
Q75V66,-6.71611564337543
P05787,-9.9085111640225
Q14644,-3.35394115420293
P53701,-8.21302695528879
Q6STE5,0.395472698291744
Q9HAT8,-7.31457502986615
Q14320,-6.04424431546035
Q7Z5L2,-3.83845070834533
O15126,-4.88366526945546
Q8TDQ7,-4.15132181302338
O60293,-5.57028774025923
O94868,-4.28668709593717
O60828,-6.7767236803185
Q76KP1,-8.97062408557328
Q14CW9,-3.97478528106892
O00461,-11.3410188207596
Q53GT1,-7.42260541034697
Q04726,-4.77603226072025
Q86WK6,-5.81027056050311
Q9HCE5,-6.72513302564927
Q6PK18,-2.28475944670152
Q8NDX5,-4.37301942775342
P98174,-10.1102107359772
Q9H0C8,-11.8263862142118
O14559,-12.1383336085649
P49247,-2.11389474398017
Q14011,-7.18981573931143
Q3ZCW2,-4.20181005216708
Q05D32,-6.55847178107687
Q9GZT3,-8.29318859173003
P05141,-5.22924327401008
P49759,-2.19079937136771
Q8TBB6,-15.1043547464085
O76039,-2.52219907428585
Q8NDY3,-4.52326433625063
P29590,-11.2911220363074
Q8N183,-8.15389319006532
O43929,-6.58555097182735
Q8WZA1,-3.67965851727243
O14908,-4.45677732476876
Q5JU85,-1.60829048718481
Q86XN8,-3.50266927312226
Q676U5,-6.24443299924144
Q9P2T1,-8.72722742802292
Q5JPH6,-7.85966186668982
A6NIH7,-5.55531769838242
P10398,-4.56341680817895
Q9H0E9,-5.73370892655202
P35475,-3.50984925817931
Q9BXY0,-7.53343497012329
Q9BXI6,-6.79073380425413
Q86V21,-6.72266740648811
P30049,-5.66242144120037
Q9BW61,-5.26845114635251
Q9Y546,-7.43420615455829
Q9BTC8,-23.2534966642115
Q04760,-7.44747842342123
Q92643,-6.23238152822951
Q9BYN8,-15.1098925108378
P63098,-7.87608055243485
Q6PUV4,-7.51746474766951
P04216,-4.92910613548099
O75143,-8.50042442064653
Q14964,-6.05640930788839
P62979,-4.4949538465517
Q8NEM7,-3.53210447070321
Q8IY95,-0.612056967912911
Q8NBJ4,-8.15518717403172
Q9H3H3,-6.76205787133092
Q99933,-6.92012719052289
Q9H2H0,1.15048558167739
Q08554,-23.2534966642115
Q9BZK7,-8.33148474854974
Q92563,-14.503848626458
Q96JJ7,-9.14621805318557
Q9Y399,-1.74913187607737
Q8TE04,-7.57602315842472
P50579,-7.02376846824975
P48454,-8.05009680726466
Q9BVS5,-8.96986584382765
Q96AY3,-2.83327039794566
A8K855,-5.7231424733917
P47756,-8.72504415072591
Q15652,-1.56547565914518
P60660,-9.0766182899523
P24821,-3.08507955461503
Q96CN9,-2.35965176876031
Q96A49,-6.36166670874576
Q96RT7,-13.923998337804
Q96AE7,-5.84462448406872
P15735,-4.11451144185839
Q05516,-8.00509187691989
O95716,-4.00073502085349
Q9UPN6,-6.25929046643182
Q8NHP8,-7.69485225990022
P49755,-6.7638570653653
P52630,-15.2021818212833
Q9P0K9,-6.99319817408476
O95926,-6.4663912372988
O94876,-10.6718843727526
Q96LZ7,-4.31527540988636
Q9C0K7,-3.95927402306603
O14594,-3.30137257343659
O75376,-5.42010894056307
Q9ULB5,-5.34300424238668
Q8NFH3,-5.61402894848703
P80192,-3.42572588302873
Q5T2E6,-12.7818056999023
Q9BRL6,-23.2534966642115
Q96SN8,-2.61084756562481
Q9UKA4,-4.41750047716799
Q12772,-2.24368481645668
Q9BUB7,-7.54514031049664
Q9UBW8,-1.64232724168337
Q92888,-4.892204450182
Q9HC36,-16.7251552389299
Q7L8J4,-12.0869256534995
Q8TCU4,-11.3453708275331
O95251,-11.6829771883374
O14867,-4.38207959850228
Q9NVV4,-3.44682687323428
Q9BU76,3.62513176000382
Q96AP0,-3.83656792077858
Q969R5,-2.55360270505347
O60296,-5.23414099406108
Q99447,-6.39765889806015
A5PKW4,-2.71516600570399
Q15022,-5.03662652978997
Q9Y3A2,-7.62571543171279
Q9NRR6,-2.21275988936961
Q6ZSJ8,-4.29777826184904
O94887,1.62637022320192
Q15366,-6.96080985929123
Q9H9Y4,-12.6602196701582
P42229,-5.28363179230612
O14544,-5.3619463850219
Q9NUM4,-5.083565162766
Q86UY6,-6.69222534545339
Q6PML9,-3.70015964506628
Q58A45,-3.52631846873843
O94811,-8.62220426659522
Q9NYF5,-3.35699903632248
Q96RU3,-2.76293980582003
Q92665,-8.80668750581097
Q02818,-5.34022530004347
Q14681,-3.4046060369382
Q5JR59,-4.80781188848704
P10746,-5.48697632280388
Q9NWT6,-3.53961499252018
Q8N5H7,-8.06065602189288
P52746,-5.41165309284795
Q9BXB4,-12.2059398415916
Q9HA65,-23.2534966642115
Q01650,-8.97724589073383
Q8TAP6,0.738779520637236
P62834,-5.37834081787197
Q9P2R6,-6.07298173669441
Q9NSY1,-3.08063923563208
P51148,-5.11197637707824
Q99426,-11.9827129425584
P85037,-2.75096942451307
Q6UB98,-12.115723130107
Q9UH62,-8.22085226780325
Q8IWY9,-2.97511370298112
A7MD48,-4.72092571453332
Q10469,-3.95811434819229
Q9H4A6,-6.84005321379773
Q9UHG3,-10.5167115103821
P61758,-8.76037375235982
Q8N157,-1.20108167028379
P49736,-5.43544207625006
O00505,-3.53049750966406
Q9Y6J0,-9.97492467196541
O94829,-4.64222445977086
Q8N944,-8.86929456226648
Q9H3T2,-3.29655141739676
Q6PJG6,-5.77462755201175
Q9H5U6,-3.17910799581815
Q8IUW3,-13.4778534266714
Q05655,-2.00941132072689
Q14865,-0.877736609565767
Q9Y2G0,-7.31207970061592
Q6DKJ4,-10.9853372797038
Q04206,-23.2534966642115
P56945,-6.61268235676791
P21912,-7.98668776566069
O95340,-3.55160450812271
P42695,-5.4433784044005
Q9H0E3,-4.99600372883084
P23743,-8.80043813860002
Q14739,-5.64150651375338
P28799,-1.63979672174986
Q9UHL4,-3.94698296390608
Q9BRJ7,-9.05457263067476
P41247,-5.64942202934669
Q86YW9,-1.5268331184027
Q9UG01,-6.50150252387442
Q9NVX7,-11.1687361318689
Q9GZL7,-3.6784317238275
Q9NVM4,-6.25764777868257
Q96NW7,-12.2344615668478
P43378,-5.39121733312083
Q8NG11,-7.28447163792501
Q14677,-0.356223055737313
Q6V1X1,-2.3951872466987
Q96JJ6,-4.74365775408177
Q15464,-8.0863280913041
Q96F85,-12.8454206071312
P40424,-11.9073364300061
O43670,-6.79939982245809
Q92932,-11.9857873744358
Q9NZC9,-2.21950963195553
P09001,-6.39710121393729
P23919,-8.27684393659679
Q96EK9,-23.2534966642115
O43556,-4.63746890585903
P61086,-7.75036846386251
Q9Y6M5,-7.3429717886772
P11940,-7.09669061984882
Q9H9Z2,-15.7111995515799
Q9UQL6,-3.76492389794851
Q9H9J4,-12.4837598695772
Q9BT40,-7.9943416067739
Q9H4M3,-8.07784010915157
Q16222,-5.13810775477705
Q99614,-5.94704812712349
P07203,-5.78814216347696
Q9Y5R8,0.220644908272799
Q9NZC7,-12.9914535827657
Q96LT9,-7.41647585088688
P42166,-4.71242218883918
Q76I76,-3.89258198183594
Q63HK5,-3.75529295547531
P58166,-3.50676989939621
P63151,-6.58566198380337
P78509,-6.83428190528352
P78364,-4.49945355776485
Q9NVM6,-5.30680350436258
O75943,-5.89978331569783
Q9UBF8,-9.62022210182428
P84095,-3.51113628993151
A6QL63,-7.13648271834276
Q9BWE0,-5.16918343218717
Q8NCN4,-5.68581694568969
Q9Y4C1,-4.0957519626585
P51512,-5.65434873860044
Q13492,-8.6445931818616
Q7Z7H8,-2.09036153982107
P51157,-4.76964925385204
O60583,-10.9131678622037
Q9BUN8,-7.57288195845041
P12814,-7.3069722141081
Q8N5U6,-4.41314577632005
Q92529,-3.66026391174922
Q9NVR2,-5.0023132111674
Q5FWE3,-3.89061352623203
Q5SYE7,-5.8161560576196
Q86V87,-3.44581725310544
O76062,-1.57323333867986
P27694,-11.3777523670827
Q08629,-6.38806131517672
Q96RR1,-0.931225644664352
O75663,-5.92921794752493
Q08623,-5.08768556853904
O43639,-8.44412297549577
Q8IZA0,-4.79209945101774
O14979,-7.4954341789721
Q96S59,-5.21306227124389
Q92692,-5.69822264265572
Q4VCS5,-7.16624008941869
Q96G21,-8.61450738963977
Q969Q5,-6.24378027148813
O95182,-7.69179430098569
A6NE02,-6.37798388230557
P61916,-8.10459015533742
O60347,-1.05168579885655
Q719H9,-6.00549032927856
Q15311,-13.2932576160804
P10606,-5.23721798133747
Q9BY11,-4.12219069464871
P63220,-3.26435079959568
P36507,-12.5432483630772
Q6PJI9,-1.94680353411762
Q8TEQ6,-8.8666371916542
Q8N0U4,-12.0708121046605
Q8IYT2,-2.20921056191244
Q9NRX4,-3.5510893948682
Q9BXP5,-8.32209631261077
O75521,-4.74172607251609
Q9Y2W2,-4.85115963092718
Q8N4L2,-4.75695331155055
O15297,-3.14198749094377
Q8N9I0,-3.08143826935325
P05387,0.0900253921501281
P40123,-2.16419729900654
Q15025,-13.975594560244
Q9BYC9,-7.92440739493437
P26992,-13.6209393233279
O95639,-6.50543984615286
Q96K17,-5.50675300805348
P01112,-6.99147360700101
Q9H993,-5.71165371061577
Q92805,-5.14356106918019
Q9NPB6,-15.134064271635
Q8IUC8,-4.18366701354357
Q9H444,-9.26381763302052
Q8N8R5,-8.40147472475732
Q6ZVC0,-4.82616661286096
Q9BXW9,-23.2534966642115
Q8NFT8,-7.31906856575297
Q9HBW1,0.838082429715074
Q8WZ82,-7.90132978702548
Q9Y3T6,-10.5573394369765
P62857,-2.88393645786534
Q96SQ9,-2.11706518112142
Q9BT09,-6.09041955523061
Q15814,-5.16507423410878
O60563,-4.60999307712495
P51511,-3.96459496186854
Q9P291,-9.21116924029661
Q9H4E7,-4.89318923785649
P62263,-6.74092118883058
Q9ULK0,-3.04811162471652
Q7Z7E8,-7.90156225750579
Q9H4B0,-3.61268705248892
P19634,-5.42955650780517
Q9Y5W9,-14.7530509467393
Q8N111,-7.42630104726433
Q99836,-6.60127488802953
Q8IYB8,-13.0561881918365
Q9H1U4,-11.7782194373228
P51798,2.67369823703386
Q9NV06,-3.61289753225327
Q8TBC4,-8.04694760132763
Q8IW70,-8.17161693486738
Q9Y6B6,-4.20207923738819
Q96S94,-6.33292318180784
Q13535,-4.58754658387869
P31152,-2.46353249435927
P42574,-8.93041405086709
Q8N0V4,-6.61368782842811
Q07890,-10.8394914236222
Q92575,-8.84619459583987
Q96J84,-6.42123597904996
Q7Z7L9,-2.26566706894311
Q02083,-5.03335032851888
P22303,-4.46246387669388
P37198,-8.27469333242669
P62314,-8.53560677147379
O15258,-7.36168851190924
P56537,-4.33947820024595
P46934,1.26533110371467
P35249,-2.72957098643131
P35813,-8.4235933974603
Q8NBM8,-7.90265383043698
Q86UT6,-2.08771784036698
Q9BZG8,-1.07931420678548
P53675,-6.33325483634906
Q14318,-9.35767406514259
Q13472,-6.01182007194103
O14772,-6.23343140306108
Q9H175,0.862805347211827
Q9H8Y5,-11.2072660976514
Q9UM82,-2.82290307509409
Q8WZ19,-1.26490060850059
Q9NYK5,-5.56829753218247
P14174,-7.25998037554473
O43829,-3.11794451424099
Q9Y3B3,-6.32876673587789
Q7Z4Q2,-5.05557306566287
P14543,-4.84269719476641
Q9H0R3,-6.97007436068484
Q96P53,-5.45593906197946
Q9UQR1,-6.10201014042514
Q92630,-2.34501018010679
O94864,-11.5747235969215
O95260,-4.21005506275039
Q9BY44,-7.23340721793797
Q9BV68,-23.2534966642115
Q6NUQ1,-4.80435739566562
Q9BUH6,-4.58927716072597
O60493,-7.70064861528183
O14727,-4.78350721603706
Q32NB8,-7.19658883331095
Q9Y693,-7.90162305198289
Q9UQ03,-7.28857437509435
Q8NEZ4,-0.106159346155561
P60484,-5.50216842854638
Q8WVJ2,-7.2681017039761
Q6ZU65,-3.2273495966887
O14640,-2.3153125102911
Q05519,-5.82232875413574
Q9BZI7,-5.34186906414473
Q9P0I2,-23.2534966642115
P04424,-4.20014774668664
P53804,-5.99568136371638
Q3ZCQ8,-7.56680177405669
O95461,-4.61367481236505
O00507,-1.15334397206801
Q6ZTN6,-6.07726484499497
P48029,-4.01704235598038
Q9BTX1,-11.5295575348532
Q96Q42,-8.22278015628716
Q9BVS4,-2.87836645648986
Q96SB4,-4.65235757155546
Q01118,-1.79124321637525
Q6Y2X3,-17.4045348313618
Q16827,-6.91488200241521
O95772,-3.28998095400567
Q8N3Y1,-3.80316007163635
Q4L235,-3.05616065254834
O14763,-3.32741758421787
Q9HAS0,-5.41587625375395
Q9NQZ5,-4.66048673210041
Q8TDI0,-2.4384339943252
Q96PV7,-3.39160696743245
Q6P1L5,-8.76062777972829
Q9Y6E2,-10.7320214163595
Q10471,-4.98768607730123
Q12972,-4.55929005383561
Q15572,-3.13588524090587
Q13616,-8.79216556918965
Q9BRQ0,-4.12802040481917
Q86XL3,-6.06382731216426
Q6ZNW5,-6.01276550562089
Q9NWS8,-8.2668306925565
P60520,-7.35626371003953
Q13057,-7.19446896756316
Q00537,-3.46933323381929
O94818,-7.38836070296614
Q6DKK2,2.22181808832886
P27544,-0.826136749445849
Q9UKG1,-8.37237350967919
Q86V59,-5.68747077479831
Q5EBL8,-3.0676950122442
Q9UBV2,-7.09399042051033
Q9BR01,-1.40134107402514
Q96MH6,-4.45031198795003
P46940,-3.85263011342215
Q9C0J8,-10.440825663665
O95394,-8.57773405343181
Q96DM3,-2.14627553091917
Q86X27,-2.21812341429351
Q7Z434,-23.2534966642115
Q8NCM8,-4.52286839168718
Q9BYT3,-3.82880906283568
Q15006,-4.14533766209585
Q7Z3T8,-5.20276566592401
Q6YN16,-0.158816983774489
Q8N357,-2.62773445293224
O76041,-4.13885380997675
Q9BZE4,-6.8609810524592
Q13002,-4.73614951382914
P61163,-7.30778379517816
Q9C0D9,-5.68412313517318
Q53EL6,-8.56442869768327
Q15018,-4.96899731290655
Q86XP3,-8.83408603084744
Q9BTY2,-4.95786334628019
Q96NX9,-4.02031632146206
Q9NS39,-5.13884396953752
Q2TAC6,-5.95681431184516
Q6P2C8,-4.02007809280481
Q9BQE3,-4.71272739190031
P55957,-4.40990029184916
Q06203,-10.5926438720884
Q13490,-13.0552358477491
O14880,-8.68574666176212
O43865,-15.6201323906538
Q9NSB8,-3.60253762413266
Q9BX10,-3.03306865684089
Q2NKJ3,-1.32534816411342
P00441,-6.87813596758048
Q92824,-2.98038844347743
Q86TW2,-5.40126500451702
Q7L311,-6.56307317072373
Q5JTJ3,-0.267258763231584
Q14566,-12.9986045900118
Q9H5Z1,-8.75275619595574
Q9BXJ3,-6.27823759864842
Q99436,-9.08909284442932
Q9Y4B5,-7.07273096489179
Q9H792,-2.57406026507467
Q9H3R0,-7.37836511644095
Q9BPX5,-5.70037056091008
P17568,-5.74620255387384
Q13190,-6.27170763525793
Q93063,-2.98583590651259
P61129,-3.91503345466455
O43526,-4.86557625290507
Q96KA5,-10.0697161922027
Q8NCS7,-3.97065905017568
Q9BWL3,-2.58230469511453
Q7RTV0,-5.69692779340008
O00541,-5.22966207014472
O94763,-3.74360540423974
P09497,-11.3057973480217
P50897,-4.89526833052521
Q9HBH1,-7.05166552166481
Q8N5X7,-6.74094034821263
P63313,-6.44006839455444
Q6NUK4,-5.64099225063324
Q9UPU7,-6.13432192116724
Q4LDG9,-4.62386143394576
Q9Y2U8,-13.7655716293133
O75899,-9.13471336642421
O60331,-7.53766723677957
Q9ULC4,-7.25069634648881
Q9UBW7,-10.2177716702263
P51957,-3.38979180339436
Q10713,-5.69358343356225
O00767,-23.2534966642115
P55283,-6.59157028477842
Q9Y259,-3.67981869410397
Q9BPX7,-5.49423297177288
Q96EF0,-6.50174468782904
Q6ULP2,-8.45080799600882
Q9UKY4,-5.34495419830458
Q2TAL8,-7.75827224384419
Q9C0C7,-11.243481114101
P23193,-12.2367624032262
Q9H2H8,-5.87517297708329
Q9Y3B8,-8.56712495265807
Q96MX6,-3.8573246108787
Q15542,-4.03915795253313
Q15034,-11.8248243663763
Q9NRC1,-10.5184055012048
Q8IXS6,-13.8367335512841
Q9Y2S2,-5.81041839486951
Q8IXH7,-7.94143943551492
O00748,-1.08126150050513
P80303,-5.31206020816093
Q9Y4E5,-0.371946816165525
Q86W50,-3.90080739407798
Q16718,-5.74027942780394
P0CJ78,-1.96222059017025