PG.ProteinGroups,0,50
O60347,-1.04336817106431,-23.2534966642115
Q86X02,-11.1832351237574,-3.27438086666444
O43913,-11.8750444752793,-3.97384149706411
Q9H3K2,-15.5424715766083,-5.53366939119811
Q5EBM0,-0.326245736116661,-2.23463697112629
O14818,-10.9428864773499,-8.28031564560604
Q9UBF8,-8.92260083517639,-2.42948338262534
P07602,-15.7265327733275,-6.64401683065466
Q14155,-9.80315873606991,-6.83197393830642
Q9H2V7,-15.8936422400855,-5.80782212146609
Q16342,-4.914357251155,-11.4995701873878
O75716,-5.33734250595352,-15.7039363932474
Q8N9I0,-3.35571473032599,-11.9735248002627
Q5TC82,-15.9309945446691,-2.97714937156521
P60484,-4.79416428066171,-14.7054499271189
O95502,-23.2534966642115,-4.86007049684883
Q5FWE3,-4.09867366421444,-15.5159941637172
O95822,-6.33363307455833,-3.9912711961736
Q9Y5V3,-9.82153559471468,-3.74186592361604
P18669,-9.40285802388419,-7.4651819524832
Q9HCD6,-10.9905721386116,-6.345617751009
Q14103,-14.1345367904204,-8.17029130836892
Q9BY11,-3.46361568930484,-14.4628107136706
Q15800,-23.2534966642115,-6.81542056944212
Q15858,-2.33543292134976,-23.2534966642115
P20336,-23.2534966642115,-6.4398021846785
Q96CX6,-23.2534966642115,-1.99623147040371
P45983,-23.2534966642115,-7.01920344729371
Q92824,-1.78745567863018,-13.3517417396189
P84085,-7.51516053121038,-6.83346207013334
Q8NDV7,-3.01583158255621,-1.22025357497066
Q9BY41,-3.33693589467113,-16.627743102032
P49902,-12.6150395963941,-8.37539418176128
O00203,-6.53924019971928,-15.7736031675838
O75792,-10.6615015950353,-1.08596148949163
Q9Y5T5,-13.465857312638,-3.36369617452311
Q9NP72,-9.37263005146056,-6.91421092516674
Q9BQE3,-4.79791792384752,-10.4461205512315
Q9H871,-1.31762829590043,0.02372351505187
Q9HCP0,-23.2534966642115,0.677911589101808
Q92673,-10.2605734985878,-1.64457304462985
P49842,-1.65535759859116,-0.0362074433752701
Q13491,-23.2534966642115,-8.61850583258164
Q14011,-12.9210934613208,-7.55828412734027
O75431,-11.2165987668282,-6.46315570400382
Q8NBP0,-2.12582624025092,-3.86507816375983
O94812,-23.2534966642115,-4.94460930307645
P28288,-10.7716504970942,-5.9129421138674
Q9BZM4,-2.90713160544685,-15.3830627692764
Q9NZN3,-16.0887725548405,-2.64763206575896
P47972,-1.15082352174863,-10.4668544254414
O15484,-23.2534966642115,-5.64996234358832
Q8NCS7,-3.92997350163912,-2.48440457966325
O60613,-10.3555200166215,-0.349743323355716
Q5JTZ9,-11.0055746237916,-4.46473405762483
O15347,-23.2534966642115,-5.81251566798401
P23743,-13.8973715351343,-3.33260446666187
Q7Z434,-5.05715817188966,-3.25053484609565
O95864,-6.91665593103656,-4.44213414856503
Q9NWT1,-3.54437054688786,-2.04396756282371
P82921,-4.39433758007853,-23.2534966642115
Q8IY18,-5.74008958576232,-14.68680802001
Q9Y5R8,0.6734246978273,2.03164023687234
Q8N961,-3.4404720638472,-1.07773324331489
Q15436,-11.7626002795667,-6.41753133267625
Q9P2W9,-23.2534966642115,-3.98568485122858
O75380,-4.52667037499193,-10.8118364272803
Q8WUA2,-7.13400144638152,-23.2534966642115
Q9Y4C4,-4.61300859470558,-12.0369784684666
P31152,-1.81851076084063,-0.769270117152379
Q14651,-3.82677257446405,-1.63908873644378
Q13569,-8.57826735303158,-5.70216334461865
P61088,-23.2534966642115,-8.76382599399202
Q15742,-3.7742545263428,-23.2534966642115
P61019,-23.2534966642115,-8.62869837606939
Q12797,-4.74586911844575,-2.92009722173907
P52298,0.714773832365488,-0.660908680729516
O95772,-4.15228488800663,-2.25367231104426
Q9BV68,-4.78888201353301,-1.79479578279179
O14910,-6.0956060893338,-0.135448970257499
P40925,-23.2534966642115,-8.39789344872759
P28715,-13.7329826447504,-2.74121269108186
Q9H777,-3.11432496200564,-23.2534966642115
Q9BPY3,-14.233171609209,-2.8143617804238
Q96GW9,-16.1509161625354,-5.65229329407899
Q0VG06,-12.5686828650984,-4.87026787067575
Q16698,-8.92709110556469,-12.2165137125501
Q9UH73,-4.13076716622734,-2.6564365197887
P50607,-3.11533201976328,-1.64096120981472
Q92570,-11.8523072272384,-3.38174138693149
Q0PNE2,-0.589577422879944,-23.2534966642115
O00154,-14.063664055246,-8.02476252797977
Q8NCA5,-4.54574018821972,-6.47519781018885
O43399,-23.2534966642115,-3.64511701228597
Q02410,-5.10160657414094,-16.1761884418039
Q8TEY7,-11.7047173694432,-3.61139291973722
Q6Y2X3,-3.35078283349412,0.0226408824494688
P0DPB6,-23.2534966642115,-4.95140587030166
P48382,-7.90652094410465,-12.116825103594
Q6P1X6,-8.36373104693642,-23.2534966642115
Q04837,-15.2114409804504,-7.63348383880011
Q10469,-3.15792222436495,-5.32466119122896
Q96EP1,-2.41117740626527,-1.6512208390043
Q8TC12,-16.9079660477324,-7.42194120026657
Q9NVM6,-4.43373245980253,-3.42974258494998
O14828,-6.78864910168962,-4.33759682131707
Q96K17,-6.43867135345842,-4.72635910502847
Q68DU8,-10.7920488755431,-5.16537384279092
Q99733,-8.97774747807811,-7.00721784511171
P0CK96,-4.31915049705068,-3.06169432294617
Q8N475,-12.9796712046853,-3.95224555368661
P51148,-12.8963056710536,-4.06324840421771
Q9P1Q0,-12.5056233493847,-4.50129060806715
Q9NZV1,0.000197154180162809,-16.5967241265701
P58400,-11.8428260566586,0.999940394589569
Q15771,-23.2534966642115,-6.48136305061408
Q96MG7,-2.72793588841241,-3.78896746111984
Q6NS38,-6.74224275074963,-3.85325837681175
Q6XQN6,-2.40497049001463,-13.5563564086866
Q8IX04,-14.7789415714429,-5.35644690813217
Q9Y315,-6.77098489715204,-23.2534966642115
Q9Y2K6,-3.9922007891233,-21.2740752358132
Q6UB98,-5.03495177864551,-12.7083222850868
Q6NUQ1,-4.77007110739,-23.2534966642115
Q9UGP5,-1.82869668165676,-11.5804185980508
O75695,-0.000100511316646419,-23.2534966642115
O14733,-3.77329469543381,-9.64550463668127
P26373,-7.40930937995117,-12.1243633856704
Q9BTA9,-23.2534966642115,-5.19816937018476
Q8NFH8,-11.8336089359561,-0.960818537149371
O14492,-6.35923479824275,-16.0574585034254
Q4ZG55,-14.0287275445121,-5.95846099661539
P30566,-14.8166635257061,-5.65051568014888
Q7L8C5,-13.8135694786437,-4.0435974513259
P49840,-16.8882520915778,-6.45030044303748
P52594,-23.2534966642115,-7.3437970764027
Q96JA1,-11.9136205593277,-3.338857542671
Q96GA7,1.78346397388589,-6.35110358562924
Q96MY1,-8.3547732640734,-23.2534966642115
Q9H4A6,-12.1270146440005,-5.47789227442205
Q9BZ29,-12.9453020107213,-3.5361534078825
Q7Z739,-23.2534966642115,-6.00477874908553
P48454,-11.316129760334,-6.89302568524963
Q7L3B6,-5.23298995698535,-13.0854977719541
Q9BQ89,-3.35037108502697,-15.8331301013317
O14656,-18.2519891639785,-5.60212410535307
Q9NUM4,-5.76949528692447,-4.2968045961525
Q9BZK7,-10.7304434996178,-2.74458373675616
Q8WX77,-4.19822602716299,-5.4003885050673
Q08493,-5.35527545468458,-14.3333764249179
Q7LG56,-5.97002793230729,-23.2534966642115
Q03426,-14.3595788094686,-7.0372072724726
P78345,-0.620254142149772,-11.9788240701117
Q96QD9,-23.2534966642115,-6.41771467930821
P52788,-5.81152084444697,-13.5975500941447
Q8IXM3,-23.2534966642115,-8.37785465858723
Q16539,-10.4120331182907,-0.237268814523057
Q96PB7,-4.08580393734231,-3.58049780580399
Q6P4R8,-3.19857401861784,-12.7920175793487
O75530,-3.70931793232343,-10.1220095795143
Q9H8Y8,-16.2573860397781,-3.53495108288063
Q15788,-5.62353272259948,-9.94787674860412
Q9P0I2,-7.10596391966304,-23.2534966642115
O75864,-13.2656629839696,-5.465107542128
P18615,-10.9241846406361,-5.06543671360977
Q9H9Y4,-2.74713910912534,-12.1490759787915
Q9P121,-23.2534966642115,-6.44645864907786
Q75N03,-1.99067495789095,-10.8304593406979
Q9H4K7,-0.246359633141986,0.524810526917467
Q9UHN1,-5.35162841170778,-23.2534966642115
Q13163,-11.124314847376,-3.97056734494558
P54802,-5.39081711033743,-12.3143683794416
Q14149,-11.2583874785201,-4.73456023947002
Q9NPI6,-9.11681198845982,-5.11838537931659
P55209,-11.4211531142211,-8.43958537173033
Q14576,-23.2534966642115,-8.49368762854979
Q9BX66,-11.0364169004642,-6.00823872738481
Q9GZT8,-13.5458804295416,-4.81979821988002
P60880,-12.3404453134626,-8.16659147647096
Q8IX30,-11.2142092218585,-3.10504537668237
Q9H2J4,-7.55243968366009,-12.4839916612944
Q5J8M3,-4.21000997693366,-2.38626964238166
P33316,-23.2534966642115,-7.52284138595562
Q8NBJ7,-12.9664858957122,-5.13085894769268
Q9NTM9,-7.73074423853414,-11.8163359164631
P48739,-23.2534966642115,-6.54826653522993
Q9UKD2,-23.2534966642115,-1.44824772033836
Q9H5I1,-3.88221857287425,-16.379681167732
Q5JY77,-14.1903298803899,-4.27617123092844
Q9UPW8,-5.61643592468635,-11.4506651461843
Q9H6U8,-8.85664508224924,-12.5867445669121
P14314,-11.9994071148675,-5.37097068099242
P21953,-12.9581883410208,-4.47985716817998
Q66PJ3,-3.41959597557278,-6.44357562087602
Q8WVF1,-16.7164720277529,-0.18209418103943
Q9NZR1,-3.45948340785576,-8.4688072107461
Q2TBE0,-10.8896422688211,-4.7624598270176
P62277,-4.54596239729463,-8.05580383896014
O75794,-12.4810715849752,-4.88090417953095
O43772,-9.79457141483725,0.882189649943954
Q06455,-4.42278256114695,-13.1028283699019
Q96DA6,-6.66817120209825,-12.0282034722002
Q9BTY7,1.52362290676491,-5.73956578243692
Q9NY72,-16.8638731863604,-5.11013296172177
P48651,-3.15339634171896,-6.03756129993368
P15822,-11.7165135008947,-1.09448491328722
Q8N157,-2.65337807849909,0.25239688146286
O14562,-12.137248869606,-7.09606536031336
P19447,-10.8972541528993,-3.53052951631216
O76039,-1.85692998138476,-3.87793941613744
Q96PE2,-23.2534966642115,-4.31641533188863
Q9NRJ4,-9.17313633997122,-3.90838638036746
Q9BT40,-6.74043970885512,-17.5733900160739
Q9UQ03,-8.22393019790476,-5.46958991635529
P42126,-17.3544378030518,-3.02125139535454
Q8NCN4,-12.0760503719174,-4.97379708988014E-05
Q9UGI6,3.42575337982566,0.34175531889827
Q9UGN5,-6.12528812863972,-4.62964627651537
Q92769,-8.65370773757131,-23.2534966642115
O75953,-23.2534966642115,-7.98088592061431
Q15025,2.23296359327541,3.12854905753357
P61020,-12.7487685582854,-7.22928977134734
O00505,-3.73785779558719,-3.21823815157495
Q9HD45,-23.2534966642115,-8.06291876203883
Q14202,-13.9866776362995,-7.39046112783441
Q92963,-2.62855308794071,-6.27481364167477
Q9NYJ8,-5.01031918913882,-23.2534966642115
Q6P1M9,-12.3330560264739,-2.2297143002536
Q15293,-5.33751388881677,-12.4409200811043
Q13185,-23.2534966642115,-6.72219155701465
Q70EL1,-2.39186003846367,-10.6237139104783
Q8TDN6,-11.266393514629,-2.95856825168417
Q9UJC5,-8.67846428321861,-23.2534966642115
Q9NR22,-10.7270622291793,-3.90282459226684
Q9H999,-1.74321709894493,-11.7438306145758
Q8WVY7,-12.9810351499726,-8.17193843762679
Q9NWW6,-12.7663048154774,-3.60628947965291
P18206,-10.3288193738655,-4.30569598591229
O15160,-10.5014689001499,-6.20870822672056
P02787,-13.6589927188268,-7.29719819593731
Q13243,-8.90026546202405,-2.56190026302954
Q6RI45,-15.7180347878253,-6.01716840640227
Q9BV86,-11.9324172891765,-1.05464170548921
P62330,-14.4548855944366,-7.59730371420635
Q8WX92,-10.9091344791743,-5.77382045082327
P57772,-8.83097526979296,-12.4405294594713
Q8WU10,-14.7390989841656,-2.89510160029701
Q9NVN3,-13.3977586175282,-7.30400753052238
Q13003,-11.870260553157,-2.00870590663741
O43402,-12.5553517128465,-5.03531219355174
Q14320,-6.31282725926191,-23.2534966642115
Q08999,-5.72862339321272,-3.94446149046909
P56211,-9.44211964198446,-5.34103998494286
Q9UJ83,-5.27994092258345,-2.99040095726694
Q9NW82,-23.2534966642115,-6.29030123529472
O75564,-11.8793545839628,-5.29391480799365
P00352,-16.7631632960642,-2.16169451042549
Q14681,-2.1963364944393,-5.20931116094299
Q6PI48,-5.40609185733406,-10.6668326622967
P51687,-10.8920482912035,-2.75153896051294
Q7Z5J4,-23.2534966642115,-5.0145224803455
P12235,-12.2931819277776,-3.82780518412329
Q8N4T8,-3.81552119615953,-14.9588966872613
Q9P0K9,-3.29003668878583,-23.2534966642115
O43396,-13.1092202395002,-8.10964605148267
O43395,-13.5799879315787,-7.93900686900187
P17405,-6.05537440364038,-23.2534966642115
P62253,-10.3326251284412,-5.66968814369449
P00403,-23.2534966642115,-8.18143800816061
Q9NRD5,-12.3314055251302,-5.22530170487609
Q13895,-23.2534966642115,-4.58565870872862
O43741,-11.4502689543127,-2.10894420161261
P49903,-12.8705637828893,-7.74209197793528
Q9Y219,-11.8702835606358,-3.58833805733308
Q99504,-9.74504410992141,-0.86278379763544
O15118,-2.6884840671534,-5.76420161587933
Q16854,-2.93701490246935,-0.787012363809045
Q96PN7,-1.42971103727787,-2.09960081166218
Q8N2F6,-4.71542748296512,-14.8447543574527
Q9BUL5,-23.2534966642115,-3.86069594371096
Q13564,-7.75301746632029,-5.21269423863842
Q9H5U6,-11.3060749575472,-2.13172300367615
P20337,-23.2534966642115,-6.25988818438294
P51523,-2.26642951593863,-12.6804277911819
Q8TCU6,-4.38437948001481,-13.3768599701997
P22670,-9.84763376806865,-5.83518560116168
O60292,-12.7217129764694,-3.41447886110609
P08582,-12.4403768717317,-5.26254914511734
Q8IZU2,-3.58813098911629,0.281036243802416
O95479,-11.1656719257022,-4.50813652277158
Q9NWS0,-1.16361188192422,-0.784518558970188
Q8N9N5,-0.424635151443395,-3.10064293263964
P10588,-3.41548833039393,-13.9854125850182
Q96FS4,-3.08829820789006,-14.563664775494
Q96BJ3,-10.2357458554021,-5.91195667353418
Q8NCB2,-12.3536352150177,-8.2985320624251
Q8WUY1,-13.5584572761217,-3.05653411564279
Q13257,-3.00260257431731,-23.2534966642115
P54259,-3.45358414470043,-14.9790750929005
Q14CX7,-6.61664728934005,-14.5258154874206
Q9BRA2,-13.7283936839727,-4.34208380976814
O60216,-14.1346340742456,-7.84906223614173
Q9Y6G5,-4.0174445358269,-6.5405034063168
Q6PL18,-11.2825181927436,-2.91190000923077
Q9ULC3,-5.43612807978329,-23.2534966642115
Q96PZ0,-12.1148840577379,-6.60491673295131
P32322,-13.7429533006645,-4.90107724709208
Q15910,-2.9527503003204,-13.593511606095
Q8ND82,-8.46431880283265,0.491984659751547
Q96IV0,-12.3123153727567,-6.26608094811335
Q9Y5Z7,-2.18061251216391,-13.0120767153019
Q6PUV4,-8.69741385273356,-6.97944215963648
A6NNY8,-6.71313034761408,-5.68948789398556
Q96DH6,-7.74928244607598,-5.71088071959805
Q8WVZ9,-15.8934668578217,-6.01817414221006
Q9Y6E0,-13.8609993923354,-6.59052983832615
Q9GZN1,-11.1287874587429,-3.72700718075122
Q9BU76,3.86618866266555,-2.50468622871908
Q6PI98,-5.93642927985481,-13.7372632149113
Q96BY9,-2.74601405357068,-23.2534966642115
Q5T7V8,0.730221944899045,-2.30399834975547
Q8IY17,-12.3371282203575,-4.77156519583738
P17706,-5.5397944662832,-3.05073287093377
P30040,-8.67726954355824,-11.15716165856
Q9UET6,-11.1385912722067,-6.50009490755463
P50542,-10.9404585488571,-6.29620063135605
Q96AC1,-11.4237991231656,-6.0563329406252
P51692,-7.2194252144803,-2.67958291603594
O76024,-2.2653698342465,-10.6161716377186
O60568,-4.43788443934817,-8.1034729142935
Q92540,-4.61188021592192,-13.595417366776
Q155Q3,-3.13846038602159,-2.65808448651406
P48051,-1.83283059606572,-10.340438221139
Q5BJH7,-5.59130984541299,-21.8389790755796
Q8N612,-3.35037539582621,-6.54078384114909
Q9P2U8,-8.83990368321174,-23.2534966642115
Q8N8R5,-6.49310729631772,-13.9404902561266
O43683,-1.80731454205679,-12.3694264592762
Q5JTV8,-15.0855878247923,-7.91894036254264
O43829,-3.26439986343805,-5.62000564152002
Q69YN2,-10.1236049194274,-3.31917138144754
Q9P219,-8.64035899189889,-2.3734004157147
Q9HC38,-13.8090562600641,-7.80755241702468
P62829,-3.99323971692987,-11.3804499995008
P07741,-12.6667688798144,-7.97118336252551
Q96EZ8,-4.05534299533659,-13.4954437898587
Q06546,-5.09461612239079,-12.6062416932041
Q8NFG4,-5.40301702019656,-13.3976671250871
Q9Y2G5,-3.27215303322856,-2.5213464634918
Q8NFP9,-10.6025509322442,-8.03120242366715
Q9Y2K9,-2.86993812426084,-8.50540721882391
Q04760,-7.93793436675089,-3.73410139186722
Q8IZQ5,-3.97124304168634,-10.0481412724022
P20338,-8.68934097785132,-3.95180617326731
Q8TCU4,-3.2915563946462,-12.2524905875507
P53671,-13.5971303764199,-7.0422646824486
Q8IYR6,-9.09218273438096,-5.1133433138821
Q7L8J4,-6.25831915260096,-2.32237709260188
Q99439,-0.748491076477275,-4.40105878318872
Q9H6E4,-4.39416656519928,-23.2534966642115
Q9UNA4,-4.08896672741932,-2.85411407703462
Q92520,-23.2534966642115,-7.42743671182196
O14782,-5.83741710225195,-1.45462061962711
Q8IUL8,-2.92395399726985,-3.8632169019888
Q5TCY1,-5.62215317302873,-10.9073135532784
Q15375,-5.6147885276124,-23.2534966642115
Q9UHQ1,-4.79574473862112,-1.04734617141981
Q86YH6,1.87314891205792,-14.4941781501629
Q9UFN0,-12.2865949940841,-5.87919717060025
Q9P1Y6,-7.14571727911537,-15.3779671155097
O00767,-2.5354425473669,-3.4380470380193
Q7Z3E2,-3.19671372519401,-8.9521202455259
Q09328,-23.2534966642115,-6.37229922740165
Q969T9,-23.2534966642115,-7.11433357836273
A2AJT9,-4.75043882062247,-2.75868318960781
Q9BV35,-11.763434215698,-1.50270878205316
Q96PY6,-2.13720756904478,-8.50922522377491
Q15369,-11.7130235506002,-7.66588125285918
Q9Y5F7,-1.11358956831766,-0.244963647962949
Q86VR2,-9.80807362839518,-7.70756694459068
Q00973,-1.92028739839039,-3.62748198055617
Q8IXQ4,-2.65441690679916,-3.97041297805695
O43572,-14.8739934524173,-4.59416323619769
Q9GZT3,-13.1497865997222,-7.32654174941738
Q6ZN54,-4.46125337175552,-3.21295169130303
Q04206,-6.1387174829724,-23.2534966642115
Q7Z7H5,-2.69965690281825,0.00908034241331722
Q76B58,-6.11917973979379,-12.6932736949129
Q6P2C8,-3.61619595073604,-9.2857230683308
Q15286,-13.9329584685,-7.59612200194119
Q93096,-4.41931920479987,-5.5231392363312
P16949,-15.5219410470262,-6.42600349544754
Q9H254,-11.185715495813,-2.80304861846089
Q2NKJ3,-1.77558060750293,-0.419377895768284
Q8NEM7,-4.12756891827809,-1.84357654816341
Q8NBM8,-6.54276807353874,-4.61453500091649
P61353,-12.3733729251779,-6.19520924788495
P08727,-6.8815053256954,-10.8693677648874
O75907,-6.22136720161434,-14.1656116544646
P49247,-1.12205851109432,-4.06723097764246
Q6ZSZ5,-5.06496152741613,-8.30083739535391
P07093,-23.2534966642115,-2.43159609795566
Q04656,-12.9413694822638,-3.22271612879692
Q14687,-15.2397930730198,-5.42145708888739
Q92777,-13.8077463791004,-7.64454211472324
Q16538,-4.02548392707638,-11.8884555067849
Q96SZ6,-4.47792481217326,-7.85350116938161
P16383,-4.41654482050309,-8.28646559894645
Q7L1I2,-5.90517539889874,-23.2534966642115
Q8IY95,-0.975405275624831,0.0135309213212822
Q02218,-12.7798282327764,-8.78413510303533
Q8WYK1,-7.33258529025389,-23.2534966642115
Q6P4A7,-3.19530109673091,-9.73206715778896
Q96SM3,-13.3160399291401,-1.97167258690902
Q8IWA0,-5.4219198104553,-12.0728442502733
Q4KMQ1,-3.06228684979755,-0.35213212579023
Q9UHX1,-23.2534966642115,-8.99932803114686
Q86WB0,-13.8580180712409,-8.48200394276466
O60879,-11.5744635376292,-3.24492259569752
P13611,-23.2534966642115,-0.608123004564806
Q9NZ53,-4.00277669462811,-5.95551761807713
Q9UGU5,-2.94531952054881,-0.335346789959189
O94776,-8.48197212349474,-13.4327738305718
Q8N5M1,-23.2534966642115,-4.6379275038039
Q86VN1,-11.3232287122813,-8.51371967603283
Q5T3F8,-8.44772949631622,-23.2534966642115
P62068,-4.92740364827437,-11.4570323263801
Q9NV96,-13.328024400884,-6.69535472255086
Q01650,-8.52337166557934,-4.10082978980684
Q2VPK5,-23.2534966642115,-5.91812968913576
Q9UJC3,-5.24391897617827,-2.90993584192562
P53999,-10.1705524242457,-8.3971965192174
Q8WWH5,-8.99830218358533,-6.33713845256323
P09661,-7.39626279481491,-5.78484205464073
Q9UPT8,-13.2470950860733,-7.33260789008319
Q96KC8,-2.80142043227321,-4.23859900738567
P56937,-23.2534966642115,-5.40284145855877
Q8N9B5,-3.77281288291643,-5.32325451037841
O95461,-2.44311042321175,0.201586671760825
Q9H6T3,-12.856539309572,-6.04059114396178
Q13164,-7.06838800388948,-13.7999486113194
P51798,2.44713178710323,4.25239755143748
Q96N21,-5.00019752718397,-15.8348543490463
Q9NUQ3,-11.9940370729284,-5.9431318544376
Q13825,-6.92135214394248,-9.24419468522763
Q9UIJ7,-10.1759478233954,-8.20457638684019
Q14139,-14.6888759465735,-7.51669227618713
Q9UG01,-11.3281638430563,-3.10379339121736
Q92562,-5.36742889390827,-12.2812129666402
Q96I34,-9.98330982766882,-5.01942257800774
Q9BUH6,-4.4391253115527,-23.2534966642115
Q86XK2,-3.29498776659669,-5.40121466980456
Q7Z4Q2,-4.70548005503134,-6.66222320491866
Q15833,0.886945938125845,-14.460946073595
Q9H9J4,-4.84002637890525,-1.29070912320398
Q13501,-6.52168178838036,-23.2534966642115
O75884,-3.77769831706668,-9.7518865000342
Q9BSA9,-3.05360581106517,-11.6659861917802
Q96GD3,-12.0146032799464,-2.54314119192242
O95057,-23.2534966642115,-6.58127481338511
O95816,-11.2621066024349,-4.11481904370259
Q14161,-12.3694615353312,-6.46434152735405
Q8WXS5,0.0554473144918403,-1.43891276757699
P98172,-6.06084703942651,-2.50787242446906
O00193,-13.4001769838838,-5.9522578644233
Q99856,-23.2534966642115,-7.6947682460487
P62857,-3.9264626089183,-2.85857800447496
Q9Y287,-2.42313231562757,-23.2534966642115
P78504,-3.67878760265149,-12.6364797375302
Q9H3H3,-5.46940989336207,-4.74405973973266
Q5T7P8,-10.2310954796817,-4.78960419116509
P48200,-12.7889898641179,-3.83928920156361
Q8WZ74,-9.00151083088563,-3.06111224090365
P14416,-11.8596079687229,-5.19586787967701
Q9Y2D5,-8.72693840282211,-12.9459520501139
P20339,-12.6578811614535,-5.12311744461293
O43296,-6.01998064482856,-23.2534966642115
Q96FK6,-7.13394416009047,-20.5717899357378
P62993,-23.2534966642115,-6.94207667048979
Q15650,-13.3335298795459,-2.83686776315817
O43159,-23.2534966642115,-7.03278250017759
P45954,-6.95778370158435,-8.06570978628453
P41208,-23.2534966642115,-6.54507840186188
P48637,-13.2843254105108,-7.87615496332623
Q9H9B1,-11.3651483560319,-7.64438365226984
Q6ZSJ8,-3.82907034125035,-12.0011976139009
Q96EP0,-14.4425536083229,-6.11078893767874
Q14232,-7.29363144908835,-15.4045758238815
Q5TKA1,-4.07028625185949,-2.95545763832746
Q9Y2S7,-12.4688169929423,-7.89052269020927
O75928,-15.9533290679907,-6.89541640609383
Q92805,-4.49601701714487,-3.69358461580969
P04179,-13.4786950732895,-8.62124186697632
P35080,-11.9873288944388,-7.7136664154225
Q15269,-8.40178367188075,-16.5540587313451
O75147,-23.2534966642115,-3.44800802752066
O43148,-5.62860682905506,-12.996143854226
Q9GZZ1,-23.2534966642115,-7.79774082282475
Q8N8A2,-1.38929752042337,-11.9082072500705
P61587,-10.0706371171825,-3.37053498278112
Q8IZ73,-10.5916988046886,4.12811075359579
Q6KCM7,0.8173401821254,1.68292452635567
Q96IG2,-7.08768917940536,-23.2534966642115
Q99757,3.67136865947809,-11.7114079727775
O43924,-7.99068963818444,-8.98532540111218
Q8NDX5,-6.09807131390921,-4.00525851222397
P62847,-7.02921766436289,-6.17262207608903
Q9BRJ6,-13.5378878165289,-8.63820058288786
Q86W50,-3.82892138916611,-5.40925219478109
Q16585,-3.58111398826153,-12.6640790912404
P10746,-6.07130005469009,-5.10148050691898
Q8IY63,-13.6802572690307,-5.08242234203826
Q9Y6J0,-6.40700521565829,-11.6623074221089
P83916,-2.70278786766711,-5.95689854574897
Q96RY7,-7.59949394320402,-23.2534966642115
Q7Z5L9,-10.8921376478313,-0.846006793039517
Q9Y657,-2.1804842851684,-0.792891172979299
P26992,-8.09198642854322,-14.2847701120707
Q2TAA5,-12.971270316349,-8.62327228800316
P57768,-16.1887669038786,-3.18202001520951
Q9NV35,-6.99780721447684,-23.2534966642115
P11940,-9.12472387568447,-5.3889756731601
Q8NFT8,-7.29964355530791,-10.5410824501568
Q6UN15,-23.2534966642115,-7.71004734180974
Q96AY3,-2.67568811254593,-1.85752660871292
Q92643,-5.2790717191035,-15.0899146129117
Q9UQB8,-7.5713991993067,-23.2534966642115
Q7Z6J0,-15.1681599301521,-7.14936492220056
Q9UHD9,-2.30705815932077,-4.22355323904389
Q8WZ19,-1.37117250987813,-0.406643655459568
Q9BZV1,-6.47760413792125,-12.0274445980024
O95400,-13.4065603665162,-5.42633590829974
Q12972,-4.66393867471902,-5.15408992919683
Q10713,-6.03646972442905,-8.9209255417188
Q9NRX1,-23.2534966642115,-5.892506360092
O14559,-7.45940924281106,-4.22593195773489
Q9BW19,-12.4838679919724,-4.06531862717254
Q9NVF9,-3.30151520809297,-23.2534966642115
Q96RN5,-15.0195590570507,-6.53492889498211
Q9BYG5,-1.59114264117555,-2.72000798459227
Q14677,-0.482296538820846,-1.9444026129379
Q63HK5,-23.2534966642115,-2.72305917814105
Q9BVL4,-3.55873073687718,-10.6830322033229
Q96EK9,-7.91054075979895,-5.32728603775422
Q969R5,-2.2549484761266,-3.43598552725092
Q6ZVL6,-2.41853979573526,-5.79759847801395
Q5RKV6,-12.3080423915063,-2.60533325118759
Q9UBW7,-6.88023110575864,-16.9289617969668
Q86Y79,-8.61151994520232,-5.9504058985342
Q9C0D9,-6.24583926562397,-4.41264900580827
Q9NRZ7,-6.03439509397389,-4.4753518470226
O94992,-8.06745575443663,-5.75076451529478
Q9UGR2,-23.2534966642115,-8.5656703052681
Q7Z6M1,-5.90754656025993,-11.3943205775832
A6NIH7,-23.2534966642115,-1.55173097296442
P00390,-5.88355834601524,-11.1653861557778
Q86X27,-2.67701106634734,-3.33664464338324
Q29RF7,-9.34391958181621,-4.58224296837055
O75094,-2.87450149605395,-4.40004657901545
Q86TJ2,-13.3026701151724,-4.3948380924494
Q9H1U9,-3.24795851147057,-0.770075825434255
P49759,-2.31032996044833,-3.57217875960725
Q9NWU1,-3.26708523381504,-11.2325024603536
P67809,-11.5138717149872,-7.71897033926057
O14967,-15.1628705135531,-3.80703153981706
P78563,-4.00613509396505,-13.0848378398588
Q92575,-14.8931034636568,-6.14435978061272
Q8TEV9,-3.6269502385118,-13.3144456913144
O75521,-5.33173801253003,-3.84687098893852
P60660,-6.14875175503775,-7.82316864210629
Q9BTX1,-7.39780522209011,-10.6959846074009
O43670,-6.82961293651173,-8.23876834298088
Q9P2Y5,-11.687200974865,-2.9215035390731
Q92564,1.62117233770198,0.716235808010574
Q9BZG8,-0.87244278692734,-2.41093935298229
Q8WUN7,-9.38861379383821,-2.66037016974651
A1L0T0,-8.07993463099186,-10.0510945463455
O95801,-15.0681410655127,-4.10725361076982
Q12907,-23.2534966642115,-8.43138442510351
P05141,-7.00636134618913,-4.29141580165534
Q8WZA9,-8.60598081933769,-15.1781793736112
Q8N4V2,-3.8983882107967,-11.5990763782992
Q14CW9,-2.62788909454444,-1.16668253249467
Q08495,-15.3352728349124,-6.44918419142913
P50995,-3.70597320899054,-23.2534966642115
Q6IEE7,-23.2534966642115,-8.2834756059778
O96005,-11.3472970848801,-6.9385121839496
Q6DKI1,-14.022893890955,-7.52835650065316
O95758,-6.73446568775401,-4.74079840607377
Q9H089,-1.96543640675396,-14.3398983810253
Q5VST9,-2.692388545288,-10.9063446945699
Q969P0,-5.7075105983801,-23.2534966642115
O75528,-5.255850028912,-3.92171551486443
Q9BQ16,-1.96004012238059,-3.11323875046273
Q06210,-23.2534966642115,-5.82856195626158
Q96NL0,-5.1802932034726E-05,-10.6818898357522
Q9Y5E9,-4.05406924746858,-11.8048139720453
Q15814,-5.55837530136159,-3.94718600593015
Q9BWE0,-2.65162008136812,-1.3298774485781
P51570,-5.34606440189517,-4.3731409742691
Q6IAA8,-23.2534966642115,-6.13653893777987
A9UHW6,-2.54496156652153,-3.33254064869282
Q96RR1,-1.03894918146121,-1.48730672475977
Q9UM13,-2.97514581106885,-4.27341016973698
O75317,-0.599118263160097,-2.19368201590234
Q9H977,-14.2775381792369,-5.28137940847539
Q6YP21,-12.367652548408,-7.88486301722578
Q99523,-2.71023228030518,-1.50614328608225
Q8NBJ4,-10.2490928504772,-6.0644204415924
Q8N335,-14.7462310454034,-6.28023350600184
P41247,-5.41944081341355,-3.71335679476815
Q9NV06,-3.9854704783733,-8.03367289072987
P42898,-4.11664050826803,-11.1218254106856
Q92563,-7.69148482056009,-13.3692600126956
Q9BQP7,-23.2534966642115,-3.85382637626951
P52824,-10.9831259018186,-4.83964071933944
Q8TDN4,-4.79852721808232,-2.82422167218237
Q9Y2K2,-9.39899254349285,-6.60988853979388
Q9UM19,-2.80952623453879,0.91165699250663
Q6NT76,-13.1980351832951,-7.04211669686422
Q8WTS6,-12.0529860735393,-2.69321304966378
Q9UQ90,-5.10148739505141,-12.3814819846335
P23193,-5.77965712236478,-13.792244960651
P49748,-7.92513064911269,-13.839019629356
P98179,-6.65786115283277,-2.97231485189375
O94916,-1.48495144715511,-2.99932730008007
Q9UKA4,-4.10654559453909,-3.42880944419049
Q6PJI9,-1.17776492062412,-7.02075070985076
Q9UKZ1,-2.67415857412201,-3.81170877798475
Q86SE5,-1.52679576738887,-1.96641431561207
Q12980,-5.24372621955984,-3.7256707019274
Q5F1R6,-11.4510736043431,-4.30162993631929
Q5T011,-4.59369377204,-11.0346811673534
Q6UXP7,-2.86902298518349,-0.175231631354999
Q32NB8,-13.2577282326324,-4.71447560690124
Q8NB37,-4.9974312800911,-5.96777158503399
Q92925,-6.40144814190275,-14.5549592780445
Q99962,-6.99780699402612,-23.2534966642115
Q96JJ6,-4.38547300551959,-3.20318720187577
P29590,-8.94156585135928,-3.0853639603377
Q9UBF2,-11.5113752441266,-8.0860060848892
P35637,-8.17508545491237,-11.8953988894194
P12004,-2.75223867333645,-13.1214626384155
Q14147,-4.28501561029419,-11.8159391854049
P07355,-5.90440104009393,-12.9126476009708
Q99436,-7.53210216419655,0.00111137947896461
O00222,-4.17580063063312,-3.51999909466677
Q9NR80,-6.39200678594891,-4.32334967037037
Q02750,-11.8590619674591,-5.55459976111256
Q93063,-3.5980215581774,-23.2534966642115
Q12824,-11.2439297729522,-4.60556944474386
Q9BZR6,-2.04712460800146,-0.846864197979316
Q6UUV9,-6.4538648381648,-5.87445919292426
Q86WJ1,-13.2108060496443,-7.18096575324927
P55265,-18.0769662251085,-8.74096222383662
O43173,-23.2534966642115,-6.83041386807108
O95573,-10.8978812889981,-8.54208994470785
P50552,-15.5616878505864,-7.85317231867125
Q9Y399,-2.40099248294401,-3.33474295880871
Q9BZG1,-0.704978851758157,-1.54502023975381
P40855,-6.291569744828,-3.84414706983944
O75581,-10.8811082892571,-3.45972078168405
L0R819,-1.83786205120013,-10.9039501480301
O94887,1.78999229501564,2.29274185128903
Q96MW7,-2.78628768742475,-19.7604340494378
Q9P2N6,-9.68890116263553,-3.93018815204636
Q99986,-15.6183976979266,-4.42037544109951
Q14644,-4.15511513252112,-11.0798680171103
Q96EQ0,-15.3214354196502,-4.47513347339781
Q9Y3T9,-4.30624386378157,-6.76040919094936
Q86WN1,-0.724579134652968,-8.98800949262229
Q5EBL8,-2.83895730963008,-1.09681892061507
Q9Y692,0.60126194603106,-10.7303066313941
Q02040,-1.61525110599858,-2.85876712225727
Q9NWQ8,-3.19288667680048,-2.66302880510175
Q9NRR6,-2.58072851459049,-3.69531072603197
O00522,-3.03891967910095,-9.42279323293423
Q15643,-12.9635932152665,-4.51682100716897
Q9Y2X0,-8.92318905728284,-8.06399498157557
Q9NVR0,-13.0872411066245,-4.28652231437485
Q9ULK0,-2.92050011716642,-4.26432802974064
Q9BZE4,-5.76705460371019,-4.07410197749396
Q96SB4,-4.3539464043181,-2.92888655896379
Q9UK39,-13.0934187058076,-7.52265114752672
Q9HCK8,-14.3866789746068,-8.24641549683574
O60299,-14.4940989047412,-3.64445223228769
P15907,-4.56101875522018,-11.7730178070819
Q4L235,-12.2263556010795,-0.942821692183337
Q96PV0,-11.1516404915031,-8.34217826132897
O14653,-4.60637708078934,-3.6502847220408
Q6P3W7,-17.9316275951418,-7.95568631791401
Q96RT7,-5.529541534389,-13.4067084687804
P10768,-17.4127241563067,-8.45861881885149
Q96EL2,-14.27874758448,-8.3509074758395
Q9UKG1,-7.66601042657851,-12.136639235201
Q96FV2,-12.2577195413708,-4.56820153040762
Q9NR31,-3.77239593486589,-4.63092492493071
Q9UHG3,-7.87327246151608,-7.04561123558237
O94804,-4.8993748433049,-2.12778578223443
Q7L775,-14.4376577287364,-7.72015309005439
Q8N4U5,-0.994569195872593,-10.425462129127
Q16877,-2.1085659247136,-12.7266189734482
Q9UBC3,-23.2534966642115,-0.0764710957544681
Q9NW75,-3.90051860786075,-2.21442369820674
Q96HS1,-7.45988499819883,-8.57693307653899
P50749,-8.50514310080533,-6.29533854199781
O75170,-7.46273958326777,-13.1199347518758
P48729,-17.0874492147343,-6.68240663330051
Q92692,-5.72022547466166,-4.61654740141948
Q8IUW3,-5.10026031605365,-1.52864186132734
Q8WUH1,-23.2534966642115,-4.6391621913852
P46199,-5.98339413538574,-4.27729286444205
O95402,-13.5684239577564,-5.8428493777115
Q7Z7K6,-7.32039663388499,-14.3641200071327
Q8N474,-1.0752817298412,-2.20955548092009
Q9UF56,-1.74599193687098,-3.121685169245
Q9Y619,-11.7396139176306,-6.08067450204853
Q8IWJ2,-11.6493021056012,-4.00747964285116
Q9H2S9,-3.86582442759056,-3.21266493433099
Q8TBC4,-8.03444866543136,-12.1317237328903
Q9Y6A4,-11.1977467078801,-6.54400290408135
O94813,-23.2534966642115,-8.21258230603143
O43493,-3.55883743037927,-3.2864954490649
Q8N4P2,-12.5939859170373,-4.51841689490283
O95198,-11.3029490692509,-3.71192377471753
Q9Y259,-3.75591371973774,-6.26156857752508
Q8TEH3,-13.044111698841,-5.40034665074418
Q8NC69,-11.7744732565876,-1.52249857626899
Q8IXK0,-7.02105275292314,-23.2534966642115
Q5JTW2,-3.53445335907062,-12.6490172488186
Q8TDI0,-2.31358568361955,-1.4810366525198
Q9Y5W9,-7.92188012251011,-23.2534966642115
O94905,-8.38824365123684,-14.4698241656516
Q9BRQ0,-3.47239663561201,-4.53724214469062
Q96JJ7,-7.48269909114924,-13.2952341881301
Q6DKK2,1.74755568254301,-15.4761773124388
Q8NI37,-5.15696188632642,-3.65502927789272
Q96MX6,-4.19988240017125,-2.09265011243991
Q13158,-3.77548588245081,-3.02237129050996
P13995,-5.48416576294584,-10.0908533533869
Q86YD1,-8.58498036258081,-6.7801637985839
Q9NVV4,-4.07816220625984,-3.18395016339179
Q6SPF0,-10.9880659389546,-1.85182374025247
P34931,-15.7966338548347,-7.85740300512405
Q8N2K0,-14.3213173014001,-6.32580976997732
P83876,-2.62622840174427,-3.72405945991346
P52746,-4.96838420971726,-0.409023417901958
Q9UH62,-10.3140145174198,-7.54112708939803
Q8WZA1,-3.74702712229071,-3.45215485129665
Q9UPR5,-12.0715615360976,-7.68407423249054
Q9H1V8,-5.53095880375438,-3.59411430995462
P37235,-14.2978936319586,-8.23916578228893
Q9H4M3,-7.03350586104006,-5.54424360796869
Q659A1,-14.1511463423303,-7.68108083585514
Q8TDQ7,-8.53644476499918,-15.7541243672082
P23786,-23.2534966642115,-7.67074936042155
Q8NCW6,-3.96249016515131,-3.1471999976028
Q04726,-4.36246637833017,-5.75865137495927
Q86YS7,-12.0912130685728,-8.41885208333944
Q86TG7,-12.7293591913712,-5.69387480675793
Q14964,-7.84233147901968,-5.50698209890841
P42229,-4.56903964924543,-3.27228497717704
Q9UHB4,-3.52722118060088,-12.8149632527572
P35716,-9.74105863334196,-5.49984121403828
Q9UK73,-12.6135017935453,-6.16321335804542
Q9H1U4,-1.0259832662068,-12.2237169035312
Q9H9Z2,-8.87770696805786,-16.4965369097188
O60583,-2.5162900602996,-0.642415707332541
O14628,-10.0664822479906,-5.61295256914183
Q8N6W0,-11.1690152412362,-7.30097420158348
Q9BWL3,-2.14059312919159,-3.05428045001188
Q9H477,-8.38146344448512,-1.60954275174303
Q9Y570,-11.4696752958536,-8.95761473339601
P55036,-4.15031861957063,-7.67941510711334
P05388,-13.1128314462713,-7.96702290980301
Q9NPA0,-4.34535871151687,-3.36854102310341
Q9HC36,-5.45585500882099,-16.5496736633689
Q15061,-17.966078720966,-7.07016944357164
O15399,-11.7467453678685,-2.77177682866411
Q9BXJ3,-4.89918371434243,-1.47788725192745
Q9Y3B8,-7.70102758532748,-6.56788127979734
Q6UWY0,-12.7905386101664,0.765265658256942
Q13535,-12.6437312179729,-3.24627183797235
Q9HCK1,-2.96001435429477,-1.7016410810146
Q92609,-5.65297343702176,-4.63319005488206
Q2M3G4,-14.0821168553164,-4.12558309864181
A0AVF1,0.169203983407496,-14.1754436820004
Q8IZ69,-5.64465568973022,-13.1757936873927
Q9NSC5,-7.16087638442206,-8.68732449592594
Q96PV7,-3.95154154991768,-13.3201764363008
Q13424,-0.379339362546638,-1.16349706216933
Q9H175,1.03868966960915,1.29210535931354
Q7Z6J6,-6.72910235977102,-5.431153683182
P30414,-3.01228835844869,-13.448595618303
P63220,-4.47632516915018,-1.66861236673272
Q9BVS4,-3.37975643942894,-8.74182417298279
Q92871,-23.2534966642115,-8.09328075133431
Q9Y243,-10.3208560648153,-8.94101930050474
P35475,-3.27626364588615,-5.12775511106649
Q96KA5,-7.28149876158459,-23.2534966642115
Q8WVM0,-23.2534966642115,-7.54113469457192
Q96AB3,-2.8440116970656,-11.6853839482997
Q9P2K2,-12.9775308821399,-3.99560794290701
Q07812,-9.24068165550172,-7.40429227819318
Q96SN8,-3.64592804000387,-1.79568662022188
O14490,-5.95714601352722,-12.0342743138787
O75038,-3.49952802836152,-2.72153699463556
O94864,-6.1402527242684,-7.66448389939002
Q4W5G0,-5.68387518131882,-23.2534966642115
Q96IU4,-23.2534966642115,-8.30408566367585
P48067,-3.74569009038106,-23.2534966642115
Q8WUM0,-8.63433922261113,-13.9410011723313
Q7L523,-2.79941181346468,-23.2534966642115
Q9UL12,-6.06791111267981,-11.4810404729731
Q86YJ7,-13.8757655707037,-3.26983152868228
Q8IUQ0,-6.42490471944446,-4.96804482589854
Q9Y487,-13.0956434145863,-2.1662245430429
Q9NRW1,-11.9066264480589,-6.31542659439252
P55211,-1.7322788644913,-2.47543542075441
Q9UIQ6,-6.42091216134673,-5.68326132489851
O43556,-4.67699818516346,-3.32558067811667
Q9NQZ5,-5.74101631436772,-2.85682280265849
Q9Y5E8,-3.76432689165764,-3.26909496401413
Q9BTC8,-6.25684011102155,-8.68876651493895
Q13823,-4.41330973325487,-3.04467722105371
P48730,-5.54091003687828,-10.9409025128703
P42025,-10.5693859388838,-7.24895944302871
Q9C0J8,-6.41766230804208,-11.3127752285409
Q9NYF5,-23.2534966642115,-2.92644717006532
Q96RL7,-3.59837595416736,-10.6576240366801
P15735,-5.71847756046111,-3.39720142984197
Q9NPE3,-1.85698074128306,-2.56380729099008
Q8IWA5,-23.2534966642115,-7.84328722575588
P61018,-6.43991558981213,-5.09861633352144
Q15006,-3.41697036161138,-4.71852743192696
Q16647,-11.9951003383502,-4.51628628764953
Q13445,-0.59023278869132,-0.858732341215993
Q9NRG4,-11.9271465278088,-3.78874987711838
Q9BSV6,-6.25170807438833,-5.49836727757386
Q5JVF3,-17.1361135910806,-7.37336884312654
Q96S59,-4.7786957960012,-4.09063590028922
Q9H4A3,-23.2534966642115,-7.10620692531019
Q9Y5B8,-13.2417416482064,-7.47796737257825
O94818,-12.0031124090239,-2.30775684883528
O95628,-12.1474158617433,-5.60795522573781
O43581,-3.66245572796535,-4.3468977244707
Q7RTV0,-3.52678415328814,-1.46104241091232
Q96A35,-7.73726315714879,-6.0987746735677
P36507,-8.6030221004394,-11.8031784764419
Q9ULD5,-3.36135194819279,-2.04182568012974
Q7Z2K6,-6.2330096569118,-13.7513827296684
Q9BQ69,-11.201440855772,-3.99623797473776
Q9H0R3,-5.32731188262335,-4.11291491869693
Q96PU8,-1.98408204399774,-12.1660208734524
Q8N0V4,-7.09646821146963,-11.6331647886954
P10606,-5.01247690480362,-5.68291495886775
P55957,-4.72378790018125,-2.52915959995302
Q9UG56,-4.11547340624807,-3.65930805278522
Q5THK1,-5.77146914193726,-23.2534966642115
Q14739,-5.57919835274326,-9.98108434724154
Q8TCD5,-4.64554369294795,-11.8505536386535
Q9UMY4,-4.06679061992961,-4.13041385138144
Q8WVM7,-14.0359849470798,-8.5752576810058
Q9HCM7,-6.95925951132553,-12.5631987393896
Q14849,-5.70269694507021,-10.9213705787815
Q8WW12,-11.1351708484566,-7.72378815786945
Q14004,-12.6427077779564,-2.9235434313429
Q9H9Y2,-23.2534966642115,-7.04372094866128
Q7Z7E8,-9.6833977610617,-6.0072996786476
Q8TCA0,-7.61530809854646,-14.2326065100363
Q99614,-6.53569592640221,-6.00417701813171
P27694,-8.75800885157816,-10.9831447560101
O15417,-4.86145212914493,-3.69542357965759
Q8WYP3,-4.88430839395394,-10.0687449779666
Q9H8E8,-1.2091793407649,-1.00362596116429
Q6ZU65,-3.16216886045936,-4.11029484002124
Q8N5C8,-4.20981784126968,-11.3400403414643
O15060,-12.7183427996963,-5.34411317345092
A5PKW4,-2.7709513160253,-13.1387433189658
Q9Y216,-12.1125038484019,-7.20140340380324
P54803,-7.78887671763631,-23.2534966642115
P62166,-11.154225835626,-6.75928843502334
O43427,-7.61002368608978,-12.8626061765217
Q9NUS5,-7.64019333009254,-23.2534966642115
Q8WUD4,0.431866440722788,-9.72085850717088
Q9C026,-6.42816220750439,-11.7017123022682
P11233,-9.30798383462129,-8.13332826537877
Q96EL3,-14.1842672788673,-6.9494174863136
Q9BV44,-5.49753125344173,-23.2534966642115
Q9NRR5,-4.73739046651231,-4.40868638613679
Q9Y6E2,-6.44409425042843,-5.79604352060615
Q8TBB6,-4.66129324385587,-23.2534966642115
O94876,-4.09369706635583,-2.85565926873715
P19838,-5.34294349708405,-15.9538095161806
P05387,-0.547884854767163,0.279882000838524
Q9UPU7,-5.30839099664578,-6.23936189483696
P42262,-2.1496815616873,-16.6263454219731
Q5VWX1,-15.7573466474689,-4.90024846162236
Q96F07,-10.8074660611353,-8.99257227294881
Q9P2D8,-11.0663313228018,-4.91817391734659
Q86YW9,-1.75268313934745,-23.2534966642115
P12814,-7.31732974491647,-8.98972334221548
Q9C0I3,-1.72408863890139,-0.722024016387956
Q86YT6,-6.13954712115,-15.5093891197418
Q9HCJ2,-2.54030254532874,-4.24017863021545
Q9Y462,-6.93655025628666,-13.1844843465599
Q8N3Y1,-4.18712380427637,-3.03079122993078
Q3ZCQ8,-7.37568533234674,-5.46265385623612
O14508,-0.906458734185346,-3.76351310571028
O75899,-4.21687809221119,-9.81471618524793
Q9BT09,-5.86615574128173,-6.65398578134815
Q7Z5G4,-3.27250588097584,-0.0949168893416957
A6NK58,-2.73848274329864,-3.52948613588707
P21912,-23.2534966642115,-8.01142892254591
Q86VD7,-2.72266692808459,-2.46577329402636
Q9NP90,-12.902032685226,-6.92274730075292
Q02818,-5.58126188571312,-11.0265228081338
P30519,-12.2696238763844,-5.96712707658599
Q76I76,-11.38455258089,-3.58178894577445
Q96C19,-5.33374461412486,-4.23358526989554
O94763,-3.6515084906283,-3.03614858728245
C9J069,-2.29438303304967,-2.65074834609542
Q9H1K6,-2.06980341493397,-12.0149127596049
O76080,-2.57594393699072,-1.53272226253119
Q16629,-4.24203154912974,-4.40023686290027
Q12772,-2.31103449584045,-3.83348229106089
Q9UNP4,-6.87853657830625,-5.64985555412905
Q9H8Y5,-7.27831511235543,-6.08823160558392
Q96SQ9,-2.08678669810186,-2.30556137305887
Q9Y2W2,-4.90654249052504,-5.25392336721031
A6H8Y1,-3.82850649911803,-11.231117980067
Q9HCJ0,-11.0119133566596,-8.75967181260784
Q86U70,-7.31895581837546,-14.1426894808929
O60422,-3.70350337662317,-4.71873665814894
Q9NVM4,-5.58896595346323,-10.7782454112562
Q7L3T8,-12.6793451556898,-5.40616375148947
Q8N806,-23.2534966642115,-7.56894323355285
P54652,-9.05203038797026,-3.33516468052574
Q8N5X7,-8.21774390356157,-12.9413251898028
Q76N89,-5.34091429127753,-8.72301186567478
Q9BXI6,-5.13282543529918,-6.8366923267915
A6NHL2,-7.69743058562273,-16.4842381732016
Q5VSG8,-4.77075132820417,-13.7081060927607
Q9BVL2,-8.63637706531038,-23.2534966642115
Q00537,-3.22610848907953,-2.49235320397869
Q01433,-8.42193591404306,-13.5551160264022
Q6YN16,-23.2534966642115,1.03950026338313
Q96C36,-23.2534966642115,-5.47159113796322
Q96GZ6,-23.2534966642115,-8.61233167870205
P61163,-8.21497639079124,-10.3471250450885
Q7Z3T8,-4.77942968487349,-5.45256383651122
Q9H993,-11.56759173637,-4.89548438458303
O00541,-5.82985960555642,-6.45847714833181
Q9BRR8,-11.4357642703942,-8.62492982363195
Q96A83,-5.47915047647655,-23.2534966642115
Q7Z7L7,-9.45303052135339,-4.28320714608886
P17041,-1.48589294864398,0.273092823245819
Q99608,-10.6922654076079,-4.50520806208114
O95201,-9.35356719609418,-0.43763061862665
O60503,-6.1311525096656,-4.6883587414526
P78509,-12.5256417813416,-6.5419841814344
Q86TA1,-11.9730258105345,-4.01750437624414
Q9NYB0,-10.1654016908098,-8.20235936045215
Q9UBV2,-6.13090095719727,-12.1279051092024
O43516,-11.6069275791712,-7.897466012708
P84098,-13.6926886022216,-2.68997474375589
Q9NWT6,-3.96101111173035,-5.61376427053674
Q9UNI6,-8.66332246955373,-11.5347385318934
P19388,-23.2534966642115,-8.24495863468452
O95631,-1.94484821103894,-10.9333361256785
P31327,-12.7917918963382,-4.83921714219841
Q99447,-7.91738627492194,-5.44586783160587
Q13275,-4.48507096276212,-23.2534966642115
P50583,-8.14492556449553,-13.8738892907756
O15164,-3.46153611803091,-2.92418973990847
Q5VUB5,-11.7215962911878,-8.54856413453944
Q9BYT3,-4.76351955201887,-3.72031147990308
P40424,-5.24699834455119,-3.56592183753722
Q08629,-8.96769075883123,-23.2534966642115
Q6N043,-2.23478952159847,0.490769914549695
Q8N6N3,-15.8078729879992,-6.08272843410416
Q9C0C7,-4.59154308322756,-10.8965984985504
Q5GH73,-6.47413560060015,-5.88275347237144
Q9H8M7,-13.7616783603767,-6.25168557190096
Q9NXA8,-6.34378248263083,-11.9972763736207
Q8TF44,-9.41391291297168,-6.88977673901338
Q0VDG4,-7.08018895260622,-15.4094373962425
Q9Y484,-4.40977295457075,-4.63504029410546
Q9NX95,-10.2070606626585,-3.62725492877023
O75376,-5.68514592984566,-4.88221913044553
Q96EY1,-12.6470230278638,-7.8192847146618
Q9H2H0,1.03443669614737,1.10768880198726
Q8ND90,-11.487961676554,-1.14050203980901
Q15831,-16.1273497596988,-7.34384820974411
P04424,-4.34560061174788,-3.37240588479718
P51826,0.934076273096555,-23.2534966642115
Q86XL3,-8.45799111595974,-15.2125617423497
Q96EC8,-2.80185513965794,-2.33426338487127
O15258,-7.32606199214875,-6.77532732844969
Q9UBK9,-4.57261355861877,-6.07087646618037
Q15022,-9.77061111549628,-5.39419734904357
O43920,-8.52013089224123,-8.16155573744661
Q676U5,-9.10164536214544,-5.52614828341577
O60934,-6.1071332429511,-4.92739869379281
P52630,-3.20008913661019,-1.38586215365959
Q9H936,-8.14018913912969,-10.7197223927733
Q8IYT2,-3.83731836716094,-2.11330863887216
Q8WYL5,-12.3057332199368,-8.80237312053841
O43151,-8.89901708375594,-14.571562380667
Q99933,-7.0363491043864,-8.84174777256774
P98174,-5.02162226229253,-11.875937148077
Q8WYQ9,-1.60538438541561,-1.22811848208905
O15126,-12.6884326124164,-6.45697602128936
Q6PK18,-1.51786704043812,-1.91196846486223
Q6IC98,-11.1935647014421,-8.06261213558972
O43929,-23.2534966642115,-6.11202296440269
Q8NFH3,-6.13406225528082,-6.70760976109942
Q86V59,-5.82178938003782,-11.4934780419963
O96001,-4.52861873290751,-2.70614253077912
O95881,-1.1756395315877,-1.74313876474501
Q9NZC7,-3.89952388050585,-9.91434383770101
Q8IUC8,-5.66556771193763,-3.7222684202477
O60701,-12.6959360986395,-8.96625070529707
A8MXV4,-10.2380907715403,-7.68387556989035
O76071,-15.0959062186482,-6.15366264118231
Q96RT1,-10.5092871489362,-8.36805975364472
Q96G01,-2.73971889298219,-2.66574491081573
Q14686,-15.5162450744657,-5.32863200273018
Q96F85,-8.83433282967172,-8.53176929630335
Q6PJG6,-6.10383072092605,-6.74030558466332
Q9Y365,-12.1778212169477,-6.88581708217266
Q06203,-7.6163979321811,-6.83278480230368
P34947,-15.4259338235754,-7.9250619804348
Q53HC5,-3.88182266516463,-3.54199937960624
Q9H0C8,-4.53017977514389,-10.4209860739389
Q8IV32,-23.2534966642115,-8.66307080763437
P31943,-14.7576358613791,-5.22759510720289
Q9UL68,-4.06387233462103,-5.30094374948995
O75143,-7.74464740209637,-9.75017069381597
A5PLN9,-3.39375788467465,-2.9114422235115
P16591,-11.0533783442396,-8.62871127601979
P35237,-3.17843723910124,-3.61973841417654
Q8TBN0,-2.17238714914887,-2.6874740102578
P56962,-1.7506620416714,-23.2534966642115
Q6QNY0,-13.5844552820938,-3.66674883671898
Q8N556,-8.34138558703062,-11.841579778598
Q8IW41,-10.9369906386575,-7.98997057400472
Q6V1X1,-1.99730311622709,-2.37120602387817
Q96JP5,-13.3404689921835,-4.85614689828085
Q8IU81,-11.5633062874705,-7.07081115459797
Q9NU19,-2.968853424125,-3.60544492760293
Q9NRH2,-23.2534966642115,-8.43003280755868
P61086,-7.91053559449819,-7.50563157100839
P80303,-23.2534966642115,-2.4234885277445
A6QL63,-5.5321444456371,-15.7791873032182
P62140,-6.19685110073267,-5.46901581759334
P30049,-4.99451643756561,-3.68255786784726
Q8N4N3,-3.33709386878811,-5.0586778328953
Q9NSY1,-2.78224652479547,-3.7893232854661
Q9P227,-7.05730393470281,-12.1238957534868
O43526,-5.01554414815927,-7.3179753375425
Q6T4R5,-3.09347785955966,-23.2534966642115
Q8IXQ5,-13.4753623443216,-5.13911078077021
Q9ULG1,-3.48823399699396,-3.74271571725508
Q15428,-11.8760853496939,-8.56249555770632
P02794,-3.49536454218288,-4.4074434855848
Q9HA92,-13.4361246258919,-5.23973390137162
Q9Y6Q9,-6.37817601491564,-23.2534966642115
P35249,-5.21945848825885,-5.74658688805697
Q8WTW4,-2.22644569178909,-2.44976651556782
Q16281,-2.42499263927691,2.33514083942771
Q8TBP0,-1.83728602751509,-3.45652997467999
Q15819,-9.88926654087846,-8.30634992049691
Q16864,-15.6160917637053,-7.89981632600303
Q9BYN8,-4.62814538145652,-12.6682096674233
Q15652,-2.86816042031776,-10.3046233235953
P07205,1.2670965509885,2.10131802588944
P24821,-5.08344751683772,-12.4148660761801
Q9H223,-6.16689549975964,-11.3992680511605
O15226,-10.8544061860448,-3.9568058769305
O00555,-4.01687032109412,-12.1182624347742
Q08554,-4.17358462630872,-23.2534966642115
Q8TE04,-6.93849475156274,-6.95447492631013
Q7Z6I8,-9.29783764964372,-7.30740347125163
Q01826,-13.7170783580544,-7.22983126782881
O00461,-5.39910396082709,-15.0607231001599
Q96MH6,-4.78169913413066,-5.99753615257444
Q1L5Z9,-12.3209052253224,-3.64752040886585
Q9UL40,-6.54569496432936,-6.75609305856619
Q14781,-4.3762544952367,-5.05669762289193
P56537,-4.87106886648506,-4.02844331763043
Q9BRK4,-2.27277534071877,-2.70481721164059
Q14696,-12.3040266360928,-8.22010306177762
P58166,-3.6886533768427,-2.21223003399937
O75663,-11.50076142558,-5.12044002148191
Q9NW61,1.21502362112657,1.57517577515425
P51817,-3.33781140814596,-3.62264856442678
Q969Q5,-6.9750673237563,-6.89927086211837
P00441,-6.6723362850168,-7.08608765845283
Q7L5Y6,-4.543726893698,-12.130181873256
Q2TAC6,-12.8493513407511,-4.45474269564004
Q13190,-6.08102179672611,-5.50798105512997
Q8N9I9,-4.42271867984258,-4.87700821014501
P61916,-8.56528057103052,-8.21555442811329
Q14566,-3.71134677550699,-3.94969956882602
Q9BRL6,-7.14139605211103,-23.2534966642115
Q9BUB7,-7.36390360355023,-8.7372689047356
O94985,-3.41569792442467,-2.95863577369827
Q9Y6Q3,-23.2534966642115,0.999940394589569
P46940,-4.58436774146327,-12.7082070710595
Q86V87,-12.9304753204959,-3.59099885207629
P30038,-12.0587233416734,-8.77537226863622
A6NGN9,-12.6403710983191,-7.44717685371525
Q86YP4,-5.45773820166446,-16.3868767076947
P49441,-5.0082235318256,-10.9107965631563
Q9Y3B3,-7.72136665642034,-7.86575023489017
Q9NZV8,-2.61250404593344,-2.79106141701746
Q9HA65,-8.95175691078204,-8.75938305311901
Q9BW61,-4.39831853324015,-3.4195172653633
Q96RU3,-3.79341337114322,-2.62369431366408
Q5VWZ2,-14.3666798458609,-5.86623904333364
O00748,-0.909159833189977,-0.74761539484507
Q5T5X7,-3.17945345224677,-3.74730963375585
P07686,-11.6164810574565,-8.25767258316509
Q14999,-14.2232346126719,-7.01840030982242
Q4ADV7,-5.67478805069832,-2.9371082081022
Q8IV38,-4.62611319415257,-4.00776984874659
P55011,-4.10827514227275,-4.54372838555382
Q96A49,-6.31370262267748,-5.91034851237825
P23443,-23.2534966642115,-8.71933560841035
Q96LA8,-5.90582810742808,-23.2534966642115
Q14865,-3.18535458631447,-1.53908396900471
Q9ULP9,-8.85093372703244,-13.1524041219459
Q13490,-7.93004757251497,-5.52418495044611
Q9Y3Q0,-3.59992481301428,-11.4791461713925
Q01118,-1.9561639917174,-2.72180068652867
Q4VCS5,-6.40677602924579,-3.74724411779874
O60493,-12.4441241874562,-6.66843232458324
O15041,-2.66856640682867,-4.29023608572007
P19634,-8.06456647469071,-11.1852172160714
O94953,-10.7902859154441,-5.27089830471251
Q9Y2J0,-4.52997204616283,-4.16277401047455
Q9H7L9,-6.39598524683782,-13.5467442601578
Q969R8,-1.73689710982681,-1.15169545425311
O95340,-3.57611843483194,-4.28469270127083
P43378,-5.8093572379418,-5.94625294917724
Q96DV4,-9.18239834013798,-7.86220235320043
O76041,-4.29008683139979,-3.65161706834511
Q96SB8,-13.8517691711823,-6.19734360097061
Q7Z7A3,-4.38091883577044,-10.6750500650192
P22413,2.105283948635,1.8663043946422
O95182,-9.52788965647065,-8.96482519604554
Q9P289,-5.09131893417691,-15.5587604886594
Q86TW2,-5.56765454241915,-4.01461565717648
P05787,-8.51749874486624,-10.8816211852173
P26006,-3.843791785882,-3.02172628842917
P42695,-3.76683758533774,-10.6623188681209
Q8IWY9,-3.60327225541122,-3.92842514483391
O94868,-7.54660281226377,-4.38046650252538
Q5JR59,-5.10639327349412,-4.54816640376209
O43405,-2.78242046679139,-3.08085031781147
Q16842,-5.77896682775717,-5.69346632761969
P50416,-3.10419297448733,-3.50093650792818
Q05655,-2.55564719005669,-1.77521605049611
Q92610,-3.76169571798388,-3.14743080528799
Q9BQG2,-6.17430292659384,-11.5162554703089
P68106,-12.9656579888773,-8.45073204313079
Q10471,-5.23065314267325,-4.49788827770258
P62879,-6.39263938345951,-6.67763037849849
Q8N2K1,-2.51889575873555,-3.29165553092627
Q5T2E6,-7.43006272840517,-10.7111845695309
Q9Y4E5,0.0677300615538125,-11.8784440511077
P31946,-14.567935591873,-7.42345453382828
Q9H1D9,-8.27277918544881,-17.1541456552764
Q9HAS0,-4.78351344573144,-5.14233594928103
Q147X3,-11.4220828594801,-8.42853360212099
Q02338,-0.275689459061986,0.272967574507219
Q58A45,-3.91147424964759,-2.95632489649547
Q9H4B0,-3.9130662761006,-3.91885794578633
Q15542,-3.58215802406835,-10.8493154307069
Q08828,-5.71521581133836,-23.2534966642115
P14735,-6.42063520441574,-7.1154458256321
O60293,-5.26433230871813,-5.28293717231826
Q9HBW1,0.68108585552659,1.24537976631955
P62820,-10.1010746646971,-7.66167056812884
P15622,-3.18231743017031,-3.14075035678368
Q96G97,-2.62334636022729,-13.0036820687169
Q9BXA9,-2.55995232500325,-2.41075832097796
P78324,-2.30144856029194,-2.85843031291047
P24666,-11.5595041907295,-8.72742301442557
Q8IUR7,-9.88158438122772,-8.00061683710879
P14543,-11.9426136693371,-3.45009389980537
P85037,-3.02970283038801,-3.76412534612672
Q96E11,-5.44131409182081,-5.64522200588681
P25686,-10.1017100167222,-8.60613750145081
O14979,-8.22071500842175,-7.16885409582002
Q9P0J0,-7.769671223316,-7.99492079839801
Q8WV74,-2.97339466116524,-10.4913065388752
P40121,-0.207927705213203,0.373046627804372
Q8N5F7,-8.54407530028618,-11.4415059548048
Q9UBQ0,-7.85043350931115,-8.35924067448097
Q9UP83,-8.84840097896394,-12.2332864219907
P78318,-9.0843525618939,-8.47454433791313
O95168,-2.12215823785602,-1.24844704016017
O14908,-14.5884594343292,-5.80247310365638
Q9NVX7,-7.23237893167239,-6.99697513656185
O00273,-23.2534966642115,-5.14851974731981
O43865,-7.47098865380428,-12.4430733849405
Q92888,-11.1837566767374,-5.72708909679264
Q9GZY8,-7.22859516544225,-10.9357324038552
Q9P291,-8.95288158614018,-9.43600019665679
Q6UW02,-2.40728308827257,-2.7280216995509
Q96JA3,-15.0437521053717,-7.03283885731271
Q13057,-7.14440910366365,-9.19333508925525
Q9H444,-8.3475548810258,-9.12309815926087
Q9H0K6,-3.11837411003684,-2.66941564664244
Q9UJY4,-5.6930006027063,-5.04322271779263
Q86XN8,-3.80018845514413,-4.49497684212549
Q9BYD3,-7.63377139608164,-23.2534966642115
Q6NUJ5,-5.48119402047471,-12.8980207974651
Q9NVR2,-4.81323064644751,-10.7346950264003
Q9NYG2,-10.0656145106781,-8.5196439235052
P49736,-3.25001561033508,-2.96441455457382
Q6ZSY5,-5.31955530001047,-6.7682241773066
Q96I99,-2.39325218784581,-19.5668948343657
P50897,-4.69387473233952,-3.79961354519651
O60828,-6.89419444649335,-6.92162515833459
Q9Y5S9,-4.41996632462932,-4.01190500427136
Q9UKE5,-4.58367434312245,-4.33202557466216
O14994,-7.12989295896387,-11.7256733191959
Q9BTY2,-14.4763435822377,-4.33384434275879
Q9BUN8,-7.23085902811035,-7.7187051450089
P17568,-12.2013906346787,-6.86525545613246
Q16827,-13.1182989001978,-5.83749464778983
P51512,-4.43271084031642,-4.06772898019565
Q9BZI7,-5.39161529837393,-5.72281541876442
O95716,-5.01765011798307,-4.90572986881111
Q92828,-3.39753577155941,-10.719572810837
O14763,-3.65762413056136,-3.52604136053252
P27544,-1.40849194887426,-0.81477509376571
Q6P1L5,-9.54119782811428,-8.24963256399241
Q96T21,-3.55120613924751,-3.64511099786522
Q96P53,-5.43615727881665,-5.22186240998467
Q9H2F5,-2.81975799125374,-4.52702702332202
Q9H6R7,-4.67560851071039,-4.28450800685821
P51511,-3.50429930642349,-3.62167236268492
Q96I51,-13.8796488369694,-7.07120963077159
Q6NWY9,-8.61775971235049,-14.7516106358537
P42166,-5.56901534344953,-5.89374438503249
P78364,-4.06526693194196,-3.47827614188457
Q8NCE2,-8.31962671178041,-9.53353666801075
Q5JU85,-0.969027952237106,-0.82362314917362
Q6ZVC0,-4.03876325773528,-4.17277723344314
Q16718,-5.77955443518661,-5.87515533652056
Q9BPX7,-2.48390050295099,-2.81379819876152
O75385,-4.05245075118708,-5.2384114867826
Q96DM3,-2.30941324613353,-2.16988550389987
Q96NW7,-8.4607851961273,-12.4531784812743
Q9BX10,-2.63154734274606,-2.36167764211558
P52758,-5.89007844412368,-6.73496280751956
Q15262,-13.1757743397119,-4.72395514520522
P14174,-8.12874765476169,-6.63204184952642
Q9BXB4,-6.3430655494573,-7.42114751072403
Q9UH77,-4.35009297667807,-2.69203152847572
Q99426,-6.5682756993249,-6.43829392727276
Q9NWS8,-12.9216101887517,-7.18014083322202
O60331,-6.91030051726569,-7.26329643745952
Q9HCE5,-5.15429468015892,-6.28014001150273
Q969H6,-2.17786397727769,-2.07324678017242
Q86XZ4,-4.07070301323463,-3.9780764784941
Q8WVJ2,-5.31483663830475,-5.78735206869207
P62979,-4.18618630457896,-5.08753410289373
Q8IWZ3,-5.37031543456884,-4.98689819813954
Q9UBU9,-7.7560746853106,-7.53276078335298
Q86UN2,-2.71848246685684,-1.59998811262685
Q9BRJ7,-8.48881726020778,-8.80075923270642
Q15034,-2.09754568887663,-11.8075874867
P53675,-6.45846804213522,-6.5359395556322
Q14457,-2.88530788515781,-3.37476804588845
Q9NSB8,-3.95470497505318,-4.1799797982632
Q8N5U6,-15.1713246622478,-3.5598165144379
Q9Y2U8,-8.34924026812452,-23.2534966642115
O95260,-4.02607040644104,-3.81203699844609
Q8N2G8,-2.86876241442063,-2.69891638294396
Q9NUQ2,-4.75919705847214,-4.77925818745167
P23634,-9.96872807100444,-6.81039531436243
Q5HYJ3,-6.7200394346904,-11.3903882674038
Q6PML9,-4.04308643189709,-3.87256605253775
P08138,-11.6829157407467,-8.83502283311333
Q8N594,-3.00879720913361,-4.19120699012366
P29372,-6.74923224372231,-23.2534966642115
Q15572,-12.5165356839406,-8.75128576942231
O14867,-5.19659412970623,-11.9931883304132
Q9UQL6,-3.3100421251443,-3.43055644747995
Q9NPQ8,-2.09902488200613,-2.46415020603029
Q7Z7H8,-3.55551287988204,-1.72121527816181
O14594,-3.38737057215528,-3.30089359980223
P17655,-3.47907768922729,-3.07061174716516
Q9Y6M1,-8.98984026371999,-8.91465453185955
Q9H4G4,-9.62155182017808E-05,-0.0190681476923496
Q9BPX5,-6.8239719775125,-6.88729364144391
Q92953,-5.42349747126873,-5.20941424080439
Q9HCJ6,-11.5921887676843,-8.17492458385808
P61266,-8.96092023423044,-13.2254178373966
Q4LDG9,-5.72257685694448,-4.88464362764234
P37198,-13.2570207482581,-8.81974487894386
Q96CN9,-3.07621101906747,-2.95143570500922
P78356,-6.18713807606614,-6.06696162071428
Q9P2F5,-2.4872646152231,-5.36423729630452
Q86UB2,-11.9668602902137,-7.55673540830609
A7MD48,-11.6314483160518,-4.64952183525825
Q96AE7,-5.7663513134847,-4.8679494333458
Q6P3S6,-3.53415955677727,-3.22244971798307
Q9UHL4,-2.63023368531941,-3.52948666991873
Q9NZV5,-7.28520391983959,-7.9894465683359
Q9ULC4,-6.94534369060857,-6.26026294232976
Q96SY0,-12.6617726204024,-4.26946622258518
O60927,-6.16549152018131,-7.94308870852252
P62750,-5.76213466843791,-6.21986842064253
Q9BYC9,-9.45491293050578,-7.41541946569042
P31930,-7.49276659768716,-7.55395379557333
O15083,-3.68479626958748,-3.22641245976505
Q6ZNW5,-12.4253081154079,-8.80105533514495
Q13769,-4.39654412255891,-3.95734214141608
P04035,-4.39107521261056,-5.57948470487496
Q6STE5,2.09480906555388,2.36894202473044
Q9NVR5,-4.78333175815149,-6.15384275876429
Q9UKY4,-5.86896621199924,-5.76687075674894
Q05519,-7.74983181013921,-6.81766061873421
O60296,-5.16921903790897,-5.09787286141226
Q9H792,-2.74851971883022,-2.85160652463883
Q9UBB9,-9.68079183824292,-7.36713566005523
O00507,-10.5167469951375,-2.09702270079965
Q9BYC5,-7.37295000800113,-17.157408372522
Q68DK2,-9.5986802147339,-3.66932716021078
Q8TCF1,-3.25090830151885,-3.05152778401891
P48380,-2.48606437416407,-2.44460251654505
Q4G0J3,-10.5172811843333,-7.92882110533356
Q16773,-8.90923813674239,-23.2534966642115
Q16512,-2.98219669280741,-3.75714805053092
Q9NX74,-5.75131930444319,-4.82486112675491
Q16706,-2.71641820197336,-4.9220867251863
Q8N4L2,-5.31390012271095,-4.66777790784368
O14772,-6.43349238553384,-13.878460251903
P40123,-3.11777000053851,-5.53377274483267
Q495W5,1.01935562863564,0.806244021956814
Q99836,-7.01332000675685,-6.54904290603007
P01112,-7.49544334663137,-7.77972358378984
Q5VZK9,-12.7587309957489,-4.35091851919126
Q9H3T2,-5.6389998670741,-4.45434360816511
P09497,-2.85412550897064,-11.317619087318
Q9H6J7,0.489558683918092,0.358801930713243
P48029,-3.87851110904862,-3.83818790531443
Q13464,-2.89238768356004,-2.89798693496578
P22694,-10.6958289190523,-8.33725777270937
P04216,-3.82594255157945,-3.57552850332064
A4D1P6,-4.47896609199793,-5.2746383156123
Q15366,-10.2674198319237,-7.48578702272619
Q86SK9,-7.27932783879005,-7.72898014808881
Q5T3I0,-9.72099513011079,-8.67123620764132
O95825,-5.08982597771616,-5.15755632339722
Q9NX05,-5.97243602712927,-11.3780888391581
Q9NUQ8,-4.79663248972778,-10.3126878801849
O43639,-6.97248775146685,-6.85540268800091
Q01804,-0.961758538085542,-1.04197764452995
Q8N357,-3.09580567514493,-3.15840345138312
Q9UBW8,-1.65335162647664,-1.77607530718686
Q8WUH2,-6.60313107441056,-10.3817703692632
Q9H2H8,-6.12775224017588,-6.0025852046528
Q7Z6J9,-1.20877153214879,-1.46409669566404
Q6DKJ4,-8.38321824702346,-11.1144361568937
Q8N9N8,-3.64932222818804,-3.67707406618738
P84095,-4.08321599311029,-3.2511947570911
P26599,-3.73520548328135,-13.9229094045312
Q9C0K7,-3.4315346461508,-23.2534966642115
Q86UY6,-6.71941181270715,-7.46627737338118
Q8WYA0,-2.18608707573167,-1.74204857396988
Q9NRC1,-5.83931940057451,-10.1843008707266
Q9HC52,-7.16047800745862,-8.2074885137944
Q5BJF6,-13.1824495244541,-8.96749701440482
Q86UT6,-1.7820002172667,-1.89000972950103
Q75V66,-7.46923333696913,-14.1926287139901
Q7Z7L9,-2.5521510414449,-2.36397088077217
Q9H5Z1,-6.84018229240711,-13.6752174688853
Q8NG11,-10.1358474949106,-8.47631233232157
P14927,-9.94569998307584,-8.82761476683782
Q14318,-8.622181416751,-9.72759478971841
Q8IYB8,-7.59920965991853,-11.6777656887262
Q719H9,-4.28335661770276,-4.21598174179832
O76062,-2.03114094299919,-1.4272028737511
Q9BR01,-1.23427876192512,-1.09766609972886
Q5VZL5,-7.2197045433805,-6.89579945912291
P63313,-5.06256895979258,-4.94597490586598
O75044,-7.37703742727447,-10.6648775229335
Q9HCM9,-6.6120662065244,-12.1376010811122
Q9BSJ5,-12.6757289189465,-4.08843343450961
O14544,-4.27765376390615,-4.36221328556801
P60520,-7.5011004184913,-11.6271158017338
Q86XS8,-2.55220024679078,-2.45357025695091
Q9BT22,-2.61182569039362,-2.77357759501814
O75909,-5.79983476618192,-10.7570584103735
Q9NQV5,-13.2985772950677,-2.06794996227892
Q8N0U4,-8.81469418490585,-12.8547053232491
Q92905,-6.54284627288365,-6.11725863027492
Q6IS24,-2.85544891890604,-3.01013094488383
O95251,-6.9276692457558,-7.12708194380596
P51957,-3.69827509567783,-3.85324714518353
Q8N6N2,-7.43614858256589,-7.86190359095204
P46087,-4.33563819306259,-6.45514849007494
Q15311,-8.13190832614602,-6.25928389677641
Q9NZC9,-4.01564276757406,-13.8974313000706
Q92529,-5.07191321759538,-15.0586984303752
O95180,-4.35236006980601,-3.93731484496774
Q9ULB5,-4.53598257212457,-2.98930954927168
P18858,-2.40015028332739,-2.99758175355855
O95926,-5.97816677892232,-3.93875457803133
Q8TAP6,0.559975216619663,0.768875160522081
Q9UPN6,-6.67588695085572,-11.8466343504233
Q9P2R6,-11.9615214283405,-6.86097153777731
Q9NPB6,-0.92980263448643,-1.03386513668379
P80192,-4.01916035460685,-3.84844811256207
Q07890,-8.256026829516,-11.7911479935297
Q96AP0,-3.46427746629086,-3.25438408572773
Q9NXH9,-6.41970249823795,-12.7319706015372
Q8TB52,-3.78302584371083,-3.72509809454976
Q15906,-14.0270888173067,-6.18162122347382
Q9Y4C1,-5.04610517024859,-18.1206689475488
O14640,-3.16425850490747,-2.48205656977599
O95639,-15.1861640478882,-6.80042036042705
Q9NYK5,-6.48448620901108,-6.24239486864252
Q9Y3T6,-6.48168766243538,-13.6505328152113
Q8IWU2,-5.76010974836533,-11.2910481068999
O95551,-6.88094357962098,-7.25310025326564
Q92734,-7.02465008625523,-6.50861421688038
P28799,-1.95205522005163,-1.87302520217071
Q08623,-5.73708539899919,-4.41761039210175
O94829,-5.98161013742425,-5.36538338057797
Q9BXW9,-2.24109366037447,-10.3184818528529
P51157,-4.81808765893145,-4.35668506610073
Q92932,-4.37359142707261,-23.2534966642115
Q86VP1,-6.2210393992295,-11.0409823800647
Q9P000,-12.8596449400876,-6.06322023231876
P39019,-2.40981401792225,-2.40797742511527
Q96CM8,-4.90783404117566,-4.73654702024957
Q15018,-5.06879820510428,-5.03925759365892
Q16762,-0.593478570372007,-0.621081495883781
P49458,-8.67678887952341,-8.63450384750803
Q15560,-4.94280899034444,-12.7090932230217
Q08380,-4.70226742410976,-4.57806769348394
Q00013,-4.84331328644699,-13.4323882623044
Q9UM82,-2.01238227466601,-1.9046822658783
P06241,-10.0230637562464,-7.2505058682602
Q96BT7,-3.00882867552188,-3.75249610942431
Q5JTJ3,-2.68001096613518,-1.31493637311824
Q3SY69,-11.9835781160749,-7.40315306598592
Q99816,-3.53945706874261,-5.56418809984611
Q9Y2Q3,-3.48971283480962,-3.38246860818009
Q8TBZ3,-5.27971837693924,-5.60404255718411
Q5TEU4,-3.95384945696638,-3.79350932284015
Q9NRX4,-4.00071935171347,-2.56296023552798
Q16222,-2.05435114831248,-13.4285738953814
Q8IXS6,-7.32861143035365,-11.6805933425311
P32856,-2.39140999486032,-10.6903945119408
P09001,-8.17024867742153,-9.88952136230756
P46013,3.2228273209199,3.17457270209526
Q16825,-3.6843443565229,-4.08030221312363
A6NE02,-5.72339045283353,-5.81146886733982
Q68D10,-4.17203979029064,-4.72432257887498