PG.ProteinGroups,300
Q96AC1,-5.04242384586596
Q8WX77,-5.88423473128413
Q15061,-4.57104067013797
P51452,-8.81691413224917
P19388,-4.64898953773602
O75716,-23.2534966642115
Q9BX66,-5.44649692120279
Q9Y2Q0,-8.04693399097167
Q96MP8,-5.85369086627768
Q9HCD6,-6.38774028221112
Q96GW9,-6.25953347636351
O75354,-4.07130252382226
O95628,-4.4037015508676
P35052,-5.84204584201352
Q96GZ6,-4.9370267103731
O60292,-3.83329019754343
O00222,-2.41204537779353
O75431,-5.76047243942509
Q6ZSZ5,-11.7356565537775
Q9H857,-6.51602609508668
P20337,-3.61403281756232
O95057,-5.93616116023837
P47972,-13.8010454517142
P20336,-4.85214575231275
O95292,-5.96175063891166
Q96HE7,-5.9152270131486
Q6P1X6,-13.3787039217101
Q9NXH9,-2.54868556092149
Q9UNP9,-6.2727798785285
Q2TAA5,-5.53956132570943
P18583,-5.46635631026369
Q93096,-6.45196764748252
Q9Y3C1,-3.80439589552705
Q9HB21,-4.50902742231059
Q9UBB9,-4.26822078246302
Q9H5N1,-1.55281791345308
P27361,-8.7283821577368
P09012,-7.77475235551343
P18669,-6.1218604869064
Q9Y223,-6.93216792069292
Q8WXS5,-10.0112785409564
Q9H2B2,-2.87943916942607
Q8TDQ7,-5.14961891418279
P51570,-2.86800033085921
Q12824,-7.25744301063679
P78332,-4.98772220048193
O00213,-3.09070784884755
Q9P121,-4.10211752048128
Q92609,-4.21541216907191
Q96MG7,-3.82638906195617
P61006,-7.90521072903736
Q92953,-10.0743407594624
Q9Y692,-2.07189868108792
A6NE02,-7.54740738679723
P55209,-6.33152048809135
Q8NBJ4,-3.62169229572642
P61088,-5.6679830747266
P13639,-8.31901940124611
O14917,-4.57400028904002
P0DPB6,-5.13043871004668
Q9UJT0,-3.24687549078048
Q9BRJ6,-7.34333692360891
Q9H8E8,-2.54385709398171
P49902,-8.02361492132908
Q6PI78,-4.63671241813668
Q9BYJ9,-5.46246337951094
P61019,-5.54714454268806
O94985,-2.60086012708005
P24666,-6.67134498792869
Q99962,-23.2534966642115
O15484,-3.99503089963025
O75380,-11.0813527018087
P37837,-6.73591010088762
Q96I99,-23.2534966642115
P51148,-3.8222475110731
Q9H814,-4.24213270748303
Q6ZVC0,-2.98769500462143
Q15833,-14.7888073474612
Q96LT4,-4.70409267428423
Q8WUA2,-23.2534966642115
Q9BY41,-14.702869827105
Q14257,-5.77064431517781
Q8WWH5,-3.48187916258551
O15344,-7.13544678743746
Q9UHX1,-5.80801538192947
Q8IU60,-4.95491180912811
Q7Z434,-23.2534966642115
P62993,-4.7556484277205
O43920,-6.21956217431076
Q9ULD9,-5.01079833561553
P08574,-2.15981158788626
P45983,-4.50204495650667
Q8IY18,-15.059493845657
Q9Y314,-4.28856499925289
Q96EQ0,-3.98445458291717
Q86Y37,-3.76446738887625
P55265,-7.65604054501631
Q9Y4C2,-6.32788532082872
O60507,-6.42514249275109
Q969T9,-4.36897394959293
P48382,-12.6366662615403
Q9H3K2,-3.95158037415662
Q4ZG55,-4.36957315867768
P00558,-6.73024027646964
P07602,-5.07613315089299
Q92824,-3.39655195172642
O00193,-3.99587373612717
O15347,-5.78214590346905
Q9C040,-6.55293003691162
Q01518,-6.69865554634084
Q96JN0,-3.76867339781957
Q8WVF1,-0.689921334820942
Q08495,-4.80802746271413
Q9NRW1,-4.38650464950406
Q9Y5R2,-4.56061258211053
Q14331,-5.96403647824177
Q15800,-5.2943239265125
Q99829,-7.26056709904246
O15068,-6.79694827084631
Q9P0J1,-6.6076042922262
P52757,-5.33383163392
Q9HD26,-7.42817383360521
Q14114,-6.30387076994615
Q9P2U8,-4.56234775703814
P62253,-4.41690560856763
Q92871,-3.87930291955957
Q9UQ16,-7.98427870765157
Q9NZV1,-11.0925984183263
O75695,-11.3186926182596
Q9NUX5,-4.27105726712049
Q13219,-3.79031709451317
P16383,-23.2534966642115
Q99523,-1.63226856175971
P26373,-12.8325545068459
Q9H8Y8,-3.94251708519638
O75223,-8.29802382808102
Q9Y6K8,-2.02633724222883
Q96HY6,-5.59191094979643
A8MXV4,-5.51776434596127
O00750,-7.28415548165534
P23743,-3.51578067377618
Q9H1D9,-23.2534966642115
Q13185,-4.14604938201979
Q9BZM4,-4.8356393538531
O43399,-5.10803349204612
P54802,-13.7265774592753
Q9NUS5,-23.2534966642115
Q9HD45,-5.73072557355941
O14492,-23.2534966642115
Q96HI0,-3.21250811017433
Q16539,-0.211454114453201
O95602,-5.98071187316756
O60216,-6.37408466495768
Q9NWS0,-2.3013670793709
Q75N03,-11.3304410227107
P84085,-5.32288258636984
Q96GA7,-5.7706256264525
Q7Z5J4,-4.81201306339352
P41208,-3.75710940661053
Q6P1N9,-5.18963899927133
Q9NRZ7,-3.01151190447695
Q7Z6K5,-4.47907246458884
P30040,-23.2534966642115
O43347,-8.38111550285702
Q14696,-6.35182100348328
Q68DU8,-2.60533949340364
Q9NRH2,-1.74760987434839
Q96ST2,-5.55309510003298
Q5TKA1,-2.8157422166153
Q9ULC4,-5.13977464358859
Q53F19,-6.29238447486099
P50452,-4.33495971144338
P32856,-10.9905310969493
P43487,-7.41296850384535
Q9BZG1,-11.5944018162463
Q9Y312,-7.50673739070143
P23443,-6.1582507935389
P48739,-5.40229587702533
Q63HN8,-2.64389460879369
Q04760,-4.31082453441896
Q9NPB6,-23.2534966642115
Q5TCY1,-9.51416465098143
Q6UXP7,0.667531779421183
Q8WXF7,-8.57966870515831
P62277,-16.4894612506013
Q8IUL8,-4.78644503711955
Q13907,-5.43233625564142
Q92854,-5.36672330111248
P57772,-12.1414117722938
O96028,-4.07393808085575
Q5T7P8,-4.08451487173659
Q99757,-12.2890909646655
Q15942,-6.75644916792367
Q96PB7,-3.0493491268973
Q8TDX7,-1.51891774154128
Q9UJ41,-6.7845416070931
Q99549,-4.29591620676458
Q8N6W0,-6.62362729687877
Q9NZ53,-10.1294259667402
Q13569,-5.22377771319567
Q96ER3,-2.60952127696828
Q8IUW3,-12.7781365385028
Q13243,-4.64135136030684
Q8WVY7,-6.57025813799893
C9J069,-6.79978949749297
Q9UHD1,-7.86374088799072
P63000,-6.27315550101545
Q9H5I1,-23.2534966642115
Q96KA5,-11.2451782278399
Q96M27,-5.06407651072415
Q7Z739,-4.59604602457618
Q5H9R4,-4.1876004619712
Q7Z6M4,-5.86985380845758
Q15293,-12.2956582087129
Q04656,-3.65418433759937
Q06455,-23.2534966642115
Q96MY1,-4.31364135077114
Q9H832,-3.16323728906686
Q9UHN1,-23.2534966642115
Q7Z6M1,-23.2534966642115
Q8IZQ5,-8.44088747118802
Q92734,-4.60777969627908
Q99447,-3.96727594268381
O60341,-7.81085415966681
Q15742,-16.0253830789949
P62068,-13.8064444140965
A9UHW6,-13.4566150663618
Q13526,-5.41765902826435
Q96CX6,-1.3116207649164
Q15056,-8.07289692008052
Q96JM7,-5.34243431492189
Q8TB45,-5.2333289929426
Q96A35,-5.10270967737847
Q86XK2,-15.926827979992
Q13445,-2.55505848978235
Q8N0U8,-7.34180618292662
P16870,-8.88834290205689
Q86YS7,-8.24888366642931
Q02750,-2.76110788770849
Q8TCT9,-6.27319873492226
P61086,-7.08550653410775
Q92769,-23.2534966642115
Q9Y570,-7.09532119543078
Q9NYJ8,-23.2534966642115
Q99439,-12.6779068683731
Q9P0U3,-1.38084040189958
Q9UBQ0,-11.5060507441305
O43772,0.000202836594718399
Q8TEY7,-3.76801520648169
Q8WUD4,-13.7844199004659
Q5BJH7,-23.2534966642115
O75094,-12.9347905940732
O75077,-0.903275171547641
P29372,-11.5723355410304
Q99805,-5.78261179374878
Q6DKI1,-4.34629710480902
O00154,-8.99189623624705
Q15858,-11.9766089716272
Q96BM9,-7.86585804311471
O00555,-23.2534966642115
O94880,-7.18878484402651
P62879,-10.8006443596978
P52594,-5.50358443347305
Q9BZ29,-3.35238527356659
Q9HCP0,-0.242771114281538
Q5T2E6,-12.7594451486125
P36896,-5.39298775156662
Q4FZB7,-5.82650106584393
P78345,-4.26820371026818
Q02809,-6.5798122323973
P56817,-4.67939947524952
Q96FV2,-3.54099895782465
O75884,-14.092851480113
Q92963,-4.12801892618445
Q8NB37,-7.03863843008721
Q15185,-6.58631999517134
Q9NTJ3,-3.23416418228163
Q9GZM8,-4.51311921673982
Q8N4T8,-16.5699328848992
Q9Y2D5,-13.0069409140548
Q15366,-5.23562289877933
Q7LDG7,-7.26052585239438
P20339,-4.62194845301011
Q9NZC7,-12.721718445949
P55211,-3.87348685425825
O75044,-4.84182661464543
Q9H6V9,-5.39748051511026
Q9Y6D6,-5.84981383843185
Q9HC38,-6.2323080474664
Q9Y6G5,-11.7439499494589
Q9H3P7,-5.83333421288197
Q14103,-8.27482906608439
Q76N89,-11.6063027566278
Q9Y696,-6.19102166683993
Q9H6R7,-8.68883156300986
O75528,-3.41770509679002
P05091,-8.09741812908936
Q7L0Y3,-7.41832188490586
O15118,-4.9777873437289
Q8NCW6,-2.83024903369631
Q08945,-6.28295002685133
Q9Y2Q3,-3.18723181541431
Q9UHD9,-10.0589897353294
Q9NRG4,-2.28420270820389
O43741,-3.10960496704551
Q9Y5J7,-3.84782361929456
P54652,-2.23337719213727
Q9UPW8,-9.94051203355619
Q9NRX1,-4.81692954809496
O94888,-8.17281396785184
P18074,-5.59350371712184
Q9BQ89,-13.7465721398854
Q9NNW5,-6.03330367574532
Q92830,-1.86922788461981
O95502,-3.75252566389891
Q96FS4,-10.6418737704372
Q92564,0.210954776035167
P12004,-6.93748520260277
P26038,-8.36227220020551
Q8TC12,-6.37907375950608
Q9NW82,-7.3164115669302
O60245,-6.7460700311283
P04179,-7.28517337271362
P36507,-14.3403918333836
Q6ZN54,-3.22408648659419
P33991,-4.42208645870999
Q9Y3E1,-8.26977899018965
Q13427,-7.58235487587612
O43683,-14.193821135094
Q6L8Q7,-7.72578909725997
P49840,-7.44484146161779
Q6IS24,-5.30987678413453
Q8N5K1,-6.68416525103572
P62280,-4.29670435024317
P23396,-7.57704960390661
Q9Y6M4,-5.09995391660999
Q13438,-3.13579104298424
P15822,-1.82997024819686
Q92540,-15.5125616028827
Q9NZI2,-4.53083102398133
P61106,-8.7725673783887
Q9UPT8,-5.08534479990584
O43395,-6.77396006552231
Q96PZ0,-7.9211967223028
Q9NWT1,-2.06504697734793
P0CK96,-2.28408136685382
Q17R89,-6.76170616759793
Q96KM6,-4.85974571232114
Q9NP72,-7.4087995961109
Q8NCA5,-5.68457304803292
Q06546,-23.2534966642115
P07437,-6.87287934439728
Q6PI48,-6.78051207677187
O43464,-5.24404819514155
O94855,-8.30853502581197
Q96Q07,-3.85174646822444
Q5FWE3,-5.52696715995993
P00390,-13.7789586940951
O75150,-5.51427169588953
Q8IZ69,-16.6076971095046
Q9BSV6,-14.0985898199962
Q9NZ09,-4.35215526998986
O95402,-4.68043804296161
O94766,-4.80693323414755
Q15382,-5.52326198746685
Q9UL15,-7.01067658608695
Q8TCU4,-11.1606795395651
Q9Y508,-8.31161329663266
Q8WW12,-5.72398864655897
Q9UJ83,-2.84129788600519
Q9Y243,-4.31486248961371
Q5VUA4,-5.21914134161943
P62829,-8.79600716641597
P47755,-8.42355898543495
O60568,-8.30817419732407
P49790,-6.200527496327
P49427,-5.10567139273284
P11233,-6.7510540721233
Q6PI98,-11.6988809251751
Q8N0V4,-4.03530522196576
Q8N9I0,-6.10872319686638
Q99733,-6.32334304450101
Q9NWU1,-5.50602710751675
Q86YH6,-15.2515221037381
Q96KC8,-3.94597576073219
P35716,-5.12417646438876
Q8N183,-7.16179050103853
P31689,-7.58969335325094
Q92673,-1.37406195129695
Q9H1U4,-9.33123644937813
Q6IN85,-7.4116127101032
Q96NL0,-10.4967462921114
O00170,-6.10483237501989
Q96RL7,-6.61377770666048
Q10469,-4.18670702845205
O15217,-6.53070273851075
Q8NAV1,-7.02841153236356
O76071,-3.07478363638802
Q14195,-7.58483717696761
Q5T7V8,-1.2691937445513
Q8IWZ8,-5.18670786762549
Q92562,-12.2693373581332
P08727,-11.6137895062859
Q9H4G4,-8.85192774202085
Q86YP4,-17.6013860117693
Q9BY67,-5.53427903398811
P62745,-7.0190232771728
Q8WUH1,-3.75641411056399
Q04206,-23.2534966642115
Q9Y5E9,-12.0765610383033
Q9Y2K7,-2.01888752632207
O94864,-12.7095974575153
Q9H4M3,-3.27208535727688
Q13825,-10.3771684068033
O94776,-10.6288007386406
Q8TDN4,-4.01378379404776
Q9Y2H0,-6.78921204763273
O75907,-23.2534966642115
Q02040,-4.40899080120875
P60981,-8.54353599016523
O95251,-23.2534966642115
Q96N64,-3.89985324751822
Q13501,-2.58149799171143
Q13564,-5.74240688419926
Q8N5J2,-5.90542113088665
P62826,-8.11085922223322
Q16512,-1.22759871556444
Q5VTB9,-3.15219895819865
Q7L1I2,-23.2534966642115
Q13163,-1.55577415533604
Q9NUQ8,-11.0987781375238
P17612,-8.91160255632548
Q9H2Y7,-0.840118161843338
Q8IYB4,-6.57104401884442
Q8IWS0,-4.51220045314306
Q96ED9,0.0188215269403433
O14979,-5.87260700369158
Q5RKV6,-2.15504269242716
Q8N9B5,-5.91494279864308
Q13177,-6.52677337350027
Q6PCB6,-8.40486210839187
Q8WYK1,-23.2534966642115
Q9Y547,-3.9168838134856
Q86Y82,-7.05901710837971
Q14147,-23.2534966642115
Q9H0X9,-7.49213897211168
Q6PUV4,-6.03032865828782
Q13596,-7.13840503040669
O95831,-7.42734050245702
Q9NWQ8,-10.71259326655
Q9P0K9,-6.99802650939152
P10588,-11.7795682708313
Q147X3,-5.34268066412953
Q8N2F6,-14.0326733631667
Q99608,-2.82855199287013
P61266,-14.1656124293869
Q8NHP8,-6.91025049196833
Q15417,-8.81102608686011
Q8IXM3,-6.74307536261981
Q4KMQ2,-3.53045210769137
P63010,-8.44819664437081
P62820,-5.49217626732387
Q7L3T8,-4.8862251458426
Q9Y5Z7,-3.25882586840373
Q6P4A7,-5.90552605852742
Q9UEE9,-6.05997972890089
Q9UFN0,-6.88199371991296
Q00973,-10.9579393007959
Q9NPE3,-8.85313333368113
Q9UL12,-12.943336676287
Q9GZZ1,-4.56268506468285
O75147,-2.91413502404468
Q96QE2,-5.8141291522403
Q6ZVL6,-6.77667411409991
Q8NEJ9,-3.34328417786894
P08621,-8.0454439680009
Q96N21,-14.1530735871566
Q13164,-13.7674087518276
Q86SE5,-2.56901196859927
P48200,-3.77220954610721
Q9UI15,-8.35828169414923
Q15723,-2.3570289039247
Q5JR59,-3.54077137056053
Q9Y5E8,-2.84380359478207
Q96FZ7,-6.12879747229093
P52747,-2.68881918515426
P48730,-15.4653740038924
Q9NVI7,-6.49954154927821
Q14576,-6.02651800230218
O14828,-4.27601600123255
O60493,-4.96381882770406
Q9BT40,-23.2534966642115
P30519,-5.38184684773243
Q9Y697,-5.9939675552436
O43556,-2.97999253100537
Q96KQ7,-6.75928879714738
O14910,-2.23093817000257
Q7L3B6,-2.15879232541217
Q9H2S9,-2.19013213117667
Q8IYB8,-13.4337193132681
Q68CP9,-5.07490294185493
O60422,-3.01211424265423
O15041,-11.9984024429385
Q9NVF9,-12.3094373228011
O43296,-23.2534966642115
Q9NUQ2,-7.76026939107462
O95400,-4.62671514840611
Q8NB78,-7.17042473425686
P40123,-1.89177998810527
Q96MU7,-5.76621628089077
Q9BUL5,-3.95294080698668
Q15154,-6.16496782529489
P54756,-2.22770823699198
Q96Q11,-7.38605600939515
Q8N474,-3.04796243333126
P50416,-5.29776674554745
Q96FK6,-14.5195765704447
Q96EP1,-1.49846165273546
P28288,-5.7500193413687
P36954,-6.71407895373016
Q8WVJ2,-9.30608914342572
P28370,-5.78325425770118
P09497,-11.3620263527841
Q9Y3B8,-5.67792178523642
Q6RFH5,-5.46161814641203
Q8IY95,-0.175153788291922
P50749,-4.08468943973096
Q9BX10,-3.88147870413256
Q9H6E4,-11.456481067552
Q8ND04,-6.16897187321714
Q8N8A2,-11.0838352001206
Q9NX05,-2.34543792777493
Q7Z6J9,-10.7192378030046
Q96IV0,-6.77896640582046
Q9UPU7,-3.58236248632226
Q92793,-3.67134527907395
Q9Y5F7,-2.90651521266087
Q3MHD2,-8.66048514366338
Q92665,-7.23456973423145
Q86XS8,-3.89198430010841
O14818,-7.01928796085965
Q7Z7L9,-4.96802308889826
P08243,-6.24946955608157
Q16629,-5.73652496461942
Q76B58,-10.1653613178419
Q9P2Y5,-2.6703209786772
P82650,-8.75288106378609
O14686,-5.69612081282123
A1L0T0,-23.2534966642115
O95461,0.0664708892757197
Q9H4A6,-5.89576373061239
P40937,-7.3876253065896
Q96RY7,-23.2534966642115
P55036,-10.0684829307138
P51826,-23.2534966642115
Q9BR01,-0.627505994479578
Q9BQ16,-3.56822098791398
Q9UQB8,-23.2534966642115
Q9BSA9,-10.2515555143571
Q6STE5,0.794881838668458
Q96E11,-6.70314928929394
Q09028,-5.84025468598349
Q96IG2,-15.1852219105568
Q9Y3Q0,-11.8995159222956
Q7Z417,-5.35969658553169
Q7LG56,-11.3684444742585
Q16585,-23.2534966642115
Q96T58,-7.14506419645356
Q8TEV9,-14.4909607582424
Q9NRR5,-6.30229144680248
P28715,-4.67965165845384
P52788,-9.27602980790296
Q9Y3F4,-6.4245511376255
Q9Y259,-9.25568060352102
Q9P0L2,-8.26286269425112
P35237,-4.64769781210488
Q68DH5,-5.82683874514127
P11940,-6.37790919488832
P57771,-6.60421272164317
Q8N3Y1,-1.72253136235109
P13693,-8.47674852387673
Q5T3F8,-15.2651029922727
Q66PJ3,-5.99773033568269
Q9HCE1,-4.98191769231396
O60347,0.123586839415108
Q9BRP4,-4.88927895489843
Q96PY6,-3.54811556952275
Q06210,-5.66970965382829
Q9UJC3,-23.2534966642115
Q9Y2A7,-8.13873642807277
Q86VP1,-11.3157149653293
Q9UIJ7,-6.98916596462311
O94811,-6.88825607968609
Q8N157,-0.203597007603859
P48651,-4.34225331382738
P15735,-2.85287530958271
Q92747,-7.81938608161269
Q6XQN6,-1.23970341764512
Q9Y618,-5.88624866789006
A4D1E9,-4.2016136266844
Q9BSH5,-7.56541324339073
Q12772,-1.37637979965608
Q9HC52,-11.1297450026936
P17405,-23.2534966642115
Q9H936,-15.0935062680448
P42229,-3.4086583479669
Q9Y3T9,-13.485203221951
Q7L4I2,-5.79371113384563
O76031,-6.99773881354375
Q8WZA9,-23.2534966642115
Q8N4V2,-11.9345825492956
Q4J6C6,-7.10497653458251
Q8N7H5,-6.28816723034213
Q14687,-3.82717272008219
Q9P227,-11.4850842338245
Q9H0U9,-5.65082338131399
A6NNY8,-4.79567465835524
Q8N612,-11.0982731168825
Q13443,0.269152269262574
Q8N5H7,-5.69556081675621
Q15788,-4.22119852990087
Q96PN7,-2.54432148108579
Q9NQ69,-3.8192928224423
Q86WN1,-10.7435357478282
O14490,-12.0197130721519
Q16718,-5.22937280946194
Q9NYB0,-6.08780464867371
Q9BY44,-5.46107155449797
Q7LGA3,-6.05009871499752
Q8NDX5,-4.04368582977294
P78356,-7.1867433716824
Q9BUZ4,-4.76809173226129
Q8NCS7,-3.47894002840313
P46821,-6.25796116077205
P10515,-7.86504585360865
P50607,-1.11224658941121
O95801,0.0679996445379344
Q9BYV9,-7.3828916458473
Q8WV74,-1.95555082634521
P52565,-8.67742474980589
Q9Y4C4,-5.27118682477091
O43405,-4.70936455993083
Q9NXA8,-5.41977786282119
P55011,-5.3660265801892
O95881,-3.34714168183284
Q00688,-7.11636419315543
Q8WYA0,-4.74452085502808
Q9H999,-1.18948317577607
P08247,-7.48701680714834
Q13490,-4.33720631985313
Q15818,-8.25817063601546
Q9UPS6,-7.28434972617789
O95631,0.140169386771936
Q68D10,-6.14736137311217
O15394,-8.30551424266163
Q9UQ90,-12.2466277454639
O14562,-5.39738332663338
O95340,-4.54734299412541
O75521,-4.12235741692171
Q9NRV9,-7.00172674282559
P22304,-6.94259170392215
O15069,-8.49486268331198
Q12899,-3.65388261864103
P20338,-6.29890393479671
P49903,-7.30922982385889
Q14457,-5.62948694703218
O00767,-11.1483856329683
Q8N8A6,-7.39263467690958
Q9H477,-0.677679559163231
P78318,-4.7980354091269
Q5EBL8,-1.64984098325498
O00203,-17.2042069382048
Q02880,-8.05377421563443
O95551,-5.23125245745346
P40222,-5.6740713107503
P51692,-3.41804224415157
Q92784,-5.98410493483145
Q86WB0,-5.91348785547117
Q15771,-5.90068107323937
Q8NDT2,-6.06092828374643
P35626,-5.82812768040224
Q16877,-10.8069822236924
O94813,-6.07729985881473
P52799,-3.71688572172734
Q9BSQ5,-5.46527798224645
P55283,-3.73193880098485
Q8N475,-4.27512958133114
Q8NFT8,-9.67722143518979
Q07866,-6.47726833693114
P19447,-4.75405397480652
O14730,-6.3440885156799
A6QL63,-23.2534966642115
Q13464,-11.631165520251
O60927,-7.53001058721256
Q8IW35,-7.48523454083467
Q8TB72,-4.07221767216548
Q9GZT4,-6.64398357756617
Q9UKZ1,-3.60135448704251
Q9UBC3,1.41762662531392
O60934,-11.6542743072423
Q9BV35,-2.08274578154109
O94916,-2.94418253986918
Q5J8M3,-2.48844014517312
P51812,-6.03226165611348
Q12756,-7.72834294229945
P62834,-4.38368673343247
Q9UBS4,-5.79754266486491
Q8TBZ3,-4.03358093114583
Q6PJI9,-2.12615321318049
Q9Y6M1,-10.3348086061893
Q9H9J4,-3.59190535003926
Q9NZR1,-5.02779604602765
Q5SY16,-4.87362029740991
P35813,-7.54705081993721
Q9H9Z2,-23.2534966642115
P49593,-7.68891253691373
Q8TCD5,-15.3126160996036
Q86Y79,-5.99925742690295
Q96C36,-8.22853619243524
Q9UM13,-3.99157534311463
P11142,-7.94353490836064
Q9Y5W7,-6.63404399687881
O15417,-11.7229197726523
Q96MH6,-11.8602664070055
P40855,-3.77121639808472
Q9NWT6,-2.8639248029137
Q9NPA0,-3.54471440383491
P78310,-6.82586753106106
Q01804,-1.09319920466938
Q6V1X1,-2.58337281367145
Q9Y328,-3.79652477070782
Q13769,-6.30537610716161
Q7Z7K6,-13.8398877725643
Q9NSC5,-5.92670362630147
Q86TA1,-1.99027015439456
P13861,-8.17384251922335
P40925,-6.72982071361575
Q9UGN5,-5.40873828551321
Q9NW61,0.446518125839942
Q7Z7H5,-1.1360472240167
Q14011,-7.13920068325469
Q9NTM9,-9.58119670572037
Q9NVR5,-10.3249450729725
Q9HC36,-23.2534966642115
Q9NYF5,-2.77016064116083
Q6P4R8,-10.7361376748566
Q15428,-5.45965161341659
Q15006,-4.71040464164238
O43505,-6.54483122458073
P07355,-9.00785141654269
Q9GZN1,-5.70044703504093
P00387,-8.20472413851946
Q6ZSJ8,-23.2534966642115
O95757,-5.09573660469694
O00748,-0.50927097189135
Q9BWU0,-6.16954184620208
P17706,-5.11461166804007
Q9UG56,-4.8096631384498
O43913,-5.20790735266542
P54259,-5.923108816251
Q13158,-2.74786610960362
Q6SPF0,-2.1260164790721
Q9UHQ1,-2.93604370669313
Q9UHB4,-13.3682655570928
O60331,-6.10448876849873
Q7L1Q6,-6.17156454716124
O95861,-8.7585384254738
Q9Y5V3,-3.56609951127082
O43924,-13.8894561874961
Q9Y4G8,-5.71803487292878
Q96MW7,-15.0564894952232
Q9Y2G5,-2.47104567539582
P48454,-5.48163520572906
Q9NQC3,-8.90140110562651
P42898,-5.60323231941084
P61586,-7.26234713644673
O15016,-3.19809030904564
P07205,2.10278682550792
Q9BXM9,-8.39041150659464
A6NHX0,-7.21028863145361
Q92888,-3.79370394152962
P09104,-7.56698552777709
P39019,-5.22347272215329
Q99933,-6.45707906517517
P78563,-5.18939499410653
Q96HS1,-8.19836113484849
O75368,-6.31729488131718
Q15554,-6.48755955237445
P78559,-8.65239721894755
O14733,-12.9261347178129
O75976,-8.84164373639034
Q8NC96,-5.20572292856751
Q9H5U6,-2.75292164644642
A4D1P6,-6.48724048870969
P52630,-16.4771244412628
Q8IWU2,-12.6116716554377
Q15286,-7.74580580231552
P09543,-7.80165278554312
Q9UQL6,-2.40500786606751
P00403,-6.09815064945178
P48444,-5.70103145472584
Q5VZL5,-12.0365456124678
Q7Z3E2,-4.34111911792057
P09132,-4.37228660252323
P16949,-5.10337506035398
Q9C0B1,-5.43878932633214
Q96QG7,-7.60557018961288
Q9Y4F5,-5.91901627626485
Q02218,-8.48160165781825
Q9H4K7,0.542242830127827
Q9BTY7,-0.224374518033846
Q92539,-4.52948796916298
P40121,0.697030308118767
P31152,-0.865704435046215
O75928,-5.02151866683007
Q8N6N3,-3.58034747226816
Q969R8,1.51043881082733
O75317,-1.89254806700928
P78371,-7.5298753640868
Q15437,-7.08955054305682
P04156,-8.21674491389023
O00189,-6.12106739410171
P34931,-5.98619391335962
O43295,-5.97742416820043
O95948,-4.04164581984609
Q8N126,-6.10117619028498
Q15067,-6.6877944512998
Q9H8M5,-4.26129851829117
P85037,-4.26922988033426
Q5TEA3,-3.17916757495545
P35659,-6.45129381095367
Q96RT8,0.999914316970647
Q49A26,-4.54460556515152
Q15365,-4.63501954472187
Q9Y617,-6.74767257668415
Q14686,-1.93263024409323
Q14684,-5.37869238424623
P21796,-8.22072514170413
O43159,-8.15806352066003
Q9BV68,-3.14432008160363
Q9UN74,-5.00626175767696
O75061,-6.18651875191657
Q9NVM9,-5.63497969648924
Q9BZJ0,-5.50378916443514
P15622,-10.6100956452194
Q6NTE8,-4.28636267110495
Q9GZT8,-4.77513753869327
Q96RP9,-5.57804091367244
P31629,-3.99883363801167
O14744,-7.77216746759286
Q9UK97,-1.40469396067545
Q9H6T3,-6.01097769846465
P83916,-4.50408084721058
Q9UBK9,-6.40998317825225
Q9ULX6,-7.69136937258371
Q96LA8,-23.2534966642115
Q16706,-3.33949433199316
Q9BYG5,-2.47544461461051
P61018,-5.58092291472238
Q9NXN4,-4.61685439881885
Q9BTC8,-23.2534966642115
Q13554,-6.94509045566182
Q9HCK1,-1.63009330938169
P46977,-7.13032665000946
Q96PU8,-12.4464364892281
Q9H8H0,-8.13787292170757
Q96JM2,-6.08945284429337
Q9NVT9,-5.67218342330371
Q8NCC3,-5.68713048448689
Q8IV36,-8.60795872457127
Q9ULP0,-4.92583881279246
P19338,-5.64908022294106
Q14562,-4.04829149233462
Q8IWY9,-13.0343868785373
Q5TGY3,-4.95656460794475
P53992,-6.09237662521446
Q9NRJ4,-4.44180058157113
P10909,-4.21839796042787
Q12955,-8.30241014854759
Q13449,-6.71408601279063
Q9BUJ2,-6.83753919875311
Q9GZY8,-13.2533533512615
Q9H175,1.60775325104398
O00522,-5.40087548828923
Q9BTX1,-12.5855475227087
P10768,-7.65737377730068
Q9UH73,-2.97718084412597
Q9UJY4,-6.89524529904376
Q8NBI6,-5.23519539886604
Q8WVM0,-4.86362949265821
Q96LJ7,-5.88284182092819
Q9NZ01,-2.21863708255248
Q9H223,-11.6803100821017
O96005,-6.46798420889091
Q495W5,1.90417870510839
P61081,-6.67877482121032
Q96RR1,-1.77977935664018
Q32P41,-4.80138207702039
O43752,-7.38337074376035
Q8TCF1,-3.51996963178103
P05060,-5.09841922271412
Q14149,-6.06462365821606
Q9NW64,-6.44821563425266
Q9Y277,-8.73713338079302
Q12972,-4.31434660417382
Q9BX67,-5.58637517266231
Q9BV86,-3.45600420337028
Q969N2,-7.6465461044484
P45954,-6.09226496499592
O14628,-5.08018295145741
Q7L014,-7.10281159354652
Q9ULU4,-6.51762519197885
P18206,-5.99079932370605
P14314,-8.34264322115773
Q16186,-7.79228474042979
Q96F85,-4.68382034064263
Q5HYJ3,-12.6624430384059
P49736,-2.77868919835529
Q6DN90,-7.5959372311842
Q969S3,-7.75997953219877
Q9UJX2,-8.42695825001464
Q5T0D9,-4.4163593725019
P48426,-7.9546233410556
O76039,-3.50265133366897
Q9NSC2,-4.498692878136
O95772,-10.9136119572054
Q01581,-6.79819252176148
Q15025,-13.8405255144058
P19086,-8.70583772594862
Q99569,-3.55888280926698
Q02790,-8.82541530317161
Q8WVZ9,-5.97382997526375
P98077,-3.24127956129572
Q53H12,-7.49878073785148
Q86YD1,-6.00935160798335
O60291,-5.5011683475398
Q8TDN6,-5.28312485811635
P48380,-2.94184204637093
Q96FC7,-4.53100365851253
Q9H9Y2,-6.41343769988111
P60983,-3.98007968554553
P23352,-6.85686372772782
Q8NC69,-1.73187746045262
P53999,-7.65383682716831
Q9UHV7,-3.9379996836794
Q8TDI0,-1.58990560705552
Q8IYR6,-5.64541318831977
P51957,-5.32644485294872
Q5MNZ6,-6.68556731749116
Q86X02,-4.54880182848985
Q16762,-0.790524412122541
A5PLN9,-23.2534966642115
O75534,-8.85747375671945
Q8TBC4,-12.0374658298469
A0AVF1,-14.9380520712589
O75078,-5.56227735087339
Q6UXN9,-4.90886646855671
Q6KCM7,1.90425504621379
Q9Y2T2,-7.26104437735318
Q9BT22,-3.18761392317419
Q9P0M9,-2.98223859283262
Q9UNA0,-2.92830901856279
Q9Y657,-1.18344379114218
Q86XR8,-3.0816879268411
Q6ZSY5,-6.19177105316488
Q13003,-3.34598935964658
P48067,-17.0112691828038
P07741,-8.40823407029738
Q09472,-7.52947797076607
P41240,-7.91148714873722
Q8NDY3,-3.52517207505838
Q63HK5,-3.72044095464581
P60520,-3.40678402815218
P42695,-2.70607773200191
Q16842,-7.97332953270957
O75914,-8.13537479207051
O94992,-4.94170518286827
Q9ULN7,-5.93729666033207
Q9H254,-2.68986662138421
P62140,-3.25980008488333
P78509,-6.25351170126949
Q9H4A3,-6.86832209137081
P16615,-7.94725873878905
P05141,-4.69054419323947
Q7L311,-4.30397561599461
Q8NEZ5,-5.84474721886329
Q01167,-3.57465537512924
O75832,-6.54868274787096
Q7RTV0,-5.39546589033627
P30414,-13.0246879786235
Q96AB3,-23.2534966642115
Q6IEE7,-8.36901286822316
O95470,-7.29118222106017
Q9H5L6,-4.04152184476599
L0R819,-3.67765289260136
P10644,-8.84095105909288
Q14964,-5.07319101702076
Q9NSI6,-4.87424857983047
Q9UJV9,-7.56681874438364
P62847,-6.51278455208639
O43526,-4.75431574968956
Q9H0F7,-5.58277118515247
Q8WUM0,-14.0074983535171
Q96JJ3,-3.83169548498124
P42285,-6.7238199011038
Q5VWQ0,-7.99804999164721
O15126,-5.88150047116067
Q6P996,-6.40191330459126
Q7L523,-12.821869339806
Q96RT7,-15.0018397117871
Q02083,-4.45565312657421
Q29RF7,-5.35565033823529
Q6NS38,-5.32330900566541
O00505,-3.28193222970214
Q8N9I9,-8.55111281325424
Q8IUQ0,-5.82239119606989
A8MW92,-7.47155730168801
Q96SI9,-7.61711926871449
P19022,-6.08634352830889
Q9UBM7,-7.15917565507758
Q92530,-7.5053168519571
P51817,-2.23444663575764
Q15819,-8.4169168772766
P21953,-5.36632229310673
P15104,-8.86167255465482
Q15034,-3.53373928978236
Q96SM3,-1.14738288472602
O60828,-5.91817392660921
Q99426,-12.0736869821579
O14867,-4.38253390215589
Q17RY0,-6.40440879367706
Q14849,-11.411703652176
Q9UBL3,-8.81149144571094
Q8N3J6,-8.43247739553312
Q13362,-8.9332323340486
Q96JA1,-4.99355171299128
O00487,-7.52403683398639
Q8TBP0,-0.136286004334782
P50995,-14.5286196199879
Q9UNA1,-3.78978122591847
P56937,-5.47107459865898
A5PKW4,-4.26268810670163
Q86V87,-3.44539550379904
Q96PE2,-7.93282425263455
A7MD48,-3.76598291391038
Q14651,-3.22070862209661
P10398,-4.56504856411348
Q96C19,-6.90807962118557
Q9UPR5,-8.16269908916173
Q9ULK0,-2.7190604315277
Q9Y6X6,-3.32565278528719
P17252,-6.42844015352282
P49748,-14.1158427615964
Q15910,-3.71800928678744
Q8TEH3,-7.13642104020574
Q9UNA4,-5.928638100518
Q6N021,-3.02889531420799
Q96G01,-2.13859832337487
Q6T4R5,-23.2534966642115
Q96NX9,-2.58580276276609
Q08828,-23.2534966642115
Q9BRJ7,-7.03028763394464
P26374,-4.22011841946232
P49585,-4.8310422425321
Q9BT09,-3.03340495348956
O00471,-8.81540388260981
Q5JTW2,-5.92446234995856
Q14566,-12.6503960790734
Q6UWY0,-2.82968880232476
Q6P3S6,-3.96096117908859
Q9UNK0,-5.30017634636036
Q9NTJ4,-4.42203021319034
P32322,-5.65538093444207
Q02410,-12.8936534044898
Q96SW2,-8.32811951052571
Q8WZ74,-4.11855287737495
Q9BRA2,-5.44819019535866
O95696,-6.53696331080633
Q15018,-4.2259542206163
O75530,-7.13074327279919
Q9Y315,-9.26600785624499
Q8N8U2,-6.91504385839718
Q2KHT3,-4.81209824583779
Q05655,-1.61391654572998
Q8TCU6,-5.69819071489627
Q86X27,-5.21614821248242
O75953,-5.90290003188617
Q13613,-6.40849746674093
P27694,-11.3356932163671
Q9NZV5,-6.04756938286477
P58335,-8.94010775987223
Q92520,-6.27789581929027
O60336,-4.71385271938791
Q9H0R3,-3.32524661591611
Q13428,-7.22780225325777
Q86W92,-3.26834043119106
Q13418,-7.44829935779393
P61758,-6.70098004049872
Q9C026,-10.6699673378504
Q155Q3,-2.00641033720305
Q12933,-5.62836543694186
Q8IUR7,-6.91544018021068
P56945,-6.32995855611691
Q7L8J4,-3.96424271127631
P49441,-5.75591547544581
Q08345,-8.49917856955871
Q9BVL4,-10.9317154637451
Q96L34,-6.23638043338014
Q96BN8,-7.49953629473836
Q8N2G8,-3.95859371110216
Q8TF44,-5.5105736481331
Q9NVF7,-1.90576929292016
Q15363,-6.36436806953384
Q9Y2G0,-5.55168223495197
Q92618,-7.00707243400971
O75909,-13.0252040366578
Q9H871,-0.612349810025161
O95260,-3.21296763765689
Q96BY9,-10.796228819759
O15066,-7.4056757006987
O95864,-5.86120489483939
Q8NDV7,-2.19201450391034
Q8WZA1,-2.73189108030871
P19838,-23.2534966642115
O75792,-2.14078270253233
Q9H8M7,-7.86030144274329
Q4AC94,-3.72057451879152
Q8WTW4,-0.997232797833267
Q16875,-4.39529949720142
Q86XN8,-3.1674770924595
Q9Y216,-7.57871359955513
Q96EK9,-6.94941786253766
A6NK58,-3.51397373589494
Q16854,-2.74605234617594
Q9NRN9,-8.06584863676169
Q6NT76,-6.02059711056587
Q04726,-3.99819773382731
Q96BT7,-4.01904892599851
O60299,-4.83381807435283
Q719H9,-4.08318754659758
Q14155,-7.9097776230003
O75899,-9.8441531656493
O00462,-6.50696355723934
P22303,-2.99395108873472
Q86XZ4,-10.4586881053619
Q9NZV8,-3.52172833482657
Q07890,-11.0455465780736
Q969U7,-5.78028696966395
P56537,-3.13564993617069
Q6ZN55,-4.88042544241567
Q86XP3,-7.83597175242017
P32297,-3.69840065367985
P48051,-2.53386132233791
Q13002,-1.48430841786669
P62910,-8.04743195224315
O43396,-7.64174473888714
Q8IUC8,-3.39936533111188
O75529,-6.97677999534301
Q96CM8,-4.10173189091436
Q5H9F3,-4.53342114550613
Q9UBU9,-13.6200596867961
P21912,-7.99222389255892
Q86YT6,-13.2862889583122
Q86UT6,-1.91890621537671
Q9Y4C1,-4.02797332529357
P46199,-13.9308648518158
Q9UKY4,-4.54358978250066
Q5F1R6,-3.52803277864331
Q9H9Q2,-7.9180883075531
Q9NSB8,-3.47087143057608
Q9ULC3,-7.64445833562488
Q5VSG8,-3.76686779743217
Q92570,-5.46761323501061
Q7Z2K6,-11.9373756985096
P98179,-4.12699912665428
P05026,-7.60843475350983
Q06203,-5.06920895987694
P27544,-2.5721042296006
Q9Y6N1,-7.85559763490405
P62857,-5.78592973582357
Q15572,-2.49289288520485
Q9P2E9,-8.616505478842
Q2TAC6,-4.08091447908314
O14713,-2.16692265824122
Q9UHY1,-6.78202953597009
O14727,-2.67608893684833
Q8IXK0,-8.46772584486765
Q16342,-5.20689849096293
Q8NFU7,-3.53637017444278
Q96EZ8,-3.46835419628855
Q14CX7,-6.04778722973368
O60563,-3.90226956909825
P46013,3.45222453596535
P56962,-11.0326241652935
Q969P0,-17.4966034615204
P61129,-2.70105470754836
Q9ULG1,-4.21141203515321
Q5T440,-7.88660751307956
O43310,-5.7757341703464
O94804,-2.33693813345375
Q9UKN8,-8.19353917878495
P51798,2.75302328302867
P82663,-8.82196604342889
O15042,-7.78144710824316
Q2NKJ3,-1.32540275475746
Q9UP83,-16.3133228676256
Q01433,-13.2419224013336
Q8WYB5,-6.32371311371224
P09429,-6.45805595299103
Q4LDG9,-3.99471766783256
P62314,-7.49581524855367
Q9H2J4,-7.20369321526715
Q96T21,-2.94103301744914
P05787,-9.99464494795766
Q9H9Y4,-4.91315394840479
P61020,-8.22185758561051
Q7Z7A3,-15.7595889001284
O76062,-0.992651766446162
Q9UMY4,-4.40810946195565
Q9Y5S9,-11.5878117248414
P09661,-6.83885649411542
Q13472,-6.0132264117729
Q2TAL8,-6.51368737009841
Q92905,-7.88406104801997
Q9UBW8,-1.35202382115688
P53671,-7.57148307637111
Q96I51,-3.80171061748475
Q86UA1,-8.59096289150694
O95822,-5.52528443500608
Q92692,-5.04770457497852
Q5VWX1,-3.99203574545931
Q9H2H0,1.15047576846369
Q9BXA9,-2.2635067255463
Q96A83,-23.2534966642115
Q9UGJ1,-5.12644814877573
P55769,-8.3809009007988
P53675,-5.61742581799417
Q9C0K7,-4.44384549749935
Q14644,-11.4279425761604
P37198,-5.8093092763431
P30049,-11.1696942581352
Q14249,-5.76257313630454
Q9UKE5,-5.10369288640156
Q969H6,-1.69409662201666
P52298,0.217219071740877
O14880,-8.13835706201955
O94868,-4.10377195003379
Q9BQ75,-6.20683729674542
Q53HC9,-3.58802022787482
Q13190,-5.40948959939804
Q08380,-23.2534966642115
Q9H3H3,-6.72578963456712
Q8TBB6,-17.9824071048316
P62750,-6.69893758351311
Q9BZR6,-1.56943434437943
Q92506,-6.10677794214017
Q96EF0,-4.24076338941412
Q15024,-8.52830762250132
Q13275,-23.2534966642115
Q99504,-3.41617561900304
P82921,-4.02890749883872
O43173,-7.50496057045818
O94875,-7.45474652634951
Q9BWE0,-2.46502021976623
Q9Y287,-4.26955184227004
Q8N0U4,-13.0722146681634
Q9UBU8,-7.15314236118277
Q9UKD2,-4.34688073165851
Q13491,-6.05319765218438
Q9BYD3,-12.3514810296808
P43378,-6.68748328995214
Q9UPW5,-8.68603075246061
Q08999,-5.04887574217911
A6H8Y1,-12.2402547065158
Q86V15,-8.49690335650945
Q15311,-12.7723102796247
Q14781,-12.5242808502822
Q86UN2,-19.883876306935
O15379,-7.54339372122827
Q9NX74,-3.46896392297544
Q86V48,-8.63076022124783
Q0VDG4,-6.61449052649836
Q9Y6A4,-7.42442469575049
Q8NI37,-3.59371388473591
Q9C0I3,-0.881860364611591
Q9HCE5,-10.7074264728489
Q7Z553,-5.96752260453867
P84095,-4.50081720187249
Q9BVL2,-23.2534966642115
Q9Y520,-8.87715775352396
Q9Y625,-5.8882599681933
Q8N8R5,-6.11532061342692
Q8N335,-6.8732234904712
O43151,-13.0699165532041
Q13796,-5.47287734420025
P40424,-11.5337370897998
Q9BXW9,-0.386282297275322
Q6N043,-13.3458691495685
Q5TC82,-6.94516551658537
Q92560,-8.47271499545932
Q70EL1,-3.78062310378899
Q02818,-10.8954705107663
Q8NFY9,-3.40902769246906
Q7Z7E8,-7.05551752614049
Q13454,1.37365040894361
Q4L235,-1.80006541883528
P05388,-7.94788224878943
Q9UL68,-13.7688009851521
Q8N4U5,-3.78158514558783
P35475,-4.02908958266171
O43809,-7.96055375245676
Q9Y546,-6.44677197200579
Q9H2F5,-4.31342136307103
Q9NR31,-4.27123118126234
O95168,-3.03084712029289
Q9BXB4,-11.6543052112469
Q92805,-4.14374876935146
Q5JTJ3,-0.10143383968252
Q9UKZ9,-7.77582810639545
Q06481,-0.849987969834855
Q96DA6,-23.2534966642115
Q9Y3A2,-6.62372128809213
Q92575,-7.81410761897426
Q9C0G0,-8.59248631459559
Q6ZTN6,-5.38458467220288
Q9P2N6,-5.61819590345584
Q05D32,-5.56251832093807
O14967,-7.10882388715482
P98174,-10.1344917417983
Q8N4N3,-23.2534966642115
Q9H0C8,-11.6621219150147
Q9BRQ0,-4.16720329428363
P60468,-4.50241119817462
Q8N806,-7.27075175357595
O60503,-5.72158812044372
Q96CN9,-1.3599385755141
P29320,-7.2670761093841
Q8NG11,-7.38215844186972
P08138,-4.74356660409877
P61163,-6.56198222254832
Q8NB14,-5.27251309072924
P18858,-1.6967844809257
Q8TCA0,-8.06524091701113
O96001,-2.79037036529947
P57105,-7.21015598727284
Q15022,-3.21719704788514
Q6IC98,-7.55409335858293
Q13257,-3.59252893930524
Q9NPQ8,-2.6852024985896
Q9H1U9,-2.28277545093839
Q8TCX1,-6.29072203339835
Q92738,-4.82084420355624
Q75V66,-6.52220910796652
P52429,-7.71476437966934
Q96S59,-4.31741610063573
P46940,-5.58873515510552
Q92925,-8.98443212137224
P63098,-7.56113008517567
Q9NU19,-14.2785719687464
Q9BUB7,-7.18909641528222
P51157,-3.81915802669507
Q9BYN8,-16.2113213878293
Q8NEM7,-14.2222751540552
P41247,-13.7469144902927
P13611,-5.55442934587528
Q9H1K6,-11.3876215026845
Q9NSY1,-3.29085090214736
Q96JJ7,-6.05705764248631
O43427,-13.1365130894896
O14908,-4.45725577428505
P26599,-7.17024003930686
Q9Y399,-1.71494702920156
Q86UB2,-6.32062319609222
Q9BPX7,-5.70218657773125
Q9Y487,-4.84246911687267
Q8IZ73,-4.02115283495604
P18084,-7.61859029860327
Q9Y6J0,-11.7774641509952
Q08554,-23.2534966642115
Q9BRK4,-4.5413930400009
O95201,-0.479760112648471
Q96G97,-3.72130916807559
O94887,2.78185241927875
P18615,-7.8922604519277
Q9NVX7,-5.44409629708119
Q8IXH7,-6.17095022391042
Q15652,-8.69113036319587
A8K855,-4.44797500013826
P49247,-1.87622849322957
Q96S15,-0.999471602845764
P24821,-2.08744129341765
Q9BVS4,-1.87961848955251
Q86U70,-16.1156463681839
Q4VCS5,-11.4411574971344
Q96RU3,-3.99156091410271
Q05516,-8.99643631800318
Q99836,-7.60907736734842
Q9Y2X0,-11.5344245894713
Q8N556,-7.74357771443037
P07203,-4.97997742841722
Q6PK18,-2.12219968099024
Q9UGM6,-8.84816587204006
Q8IWA0,-13.7770380349201
Q8NBP0,-2.19560814356312
Q8WUH2,-7.39619226842947
Q9H7Z7,-5.6627942405236
Q9UKA4,-4.16267476612401
Q9BW61,-3.98878286869005
Q8TE04,-6.43627210843181
Q13057,-7.27519247482107
O43402,-7.08715617742467
P51687,-4.62524087947537
Q8N5F7,-11.8218980704843
Q8N5C8,-14.3605035729781
P54803,-7.57305053763313
Q9HCM9,-12.1524418320013
P28799,-1.63986460750715
Q13823,-3.69787206814084
O14763,-3.32763627267756
P53804,-4.27992081311387
Q9UBW7,-5.01539193507067
Q9BQG2,-10.6631340526798
P14735,-12.810307644538
Q9UIQ6,-6.12885864603843
P14174,-12.8082714043324
Q9H3R0,-4.43973728519663
Q9UH62,-8.49605335817912
Q6UUV9,-6.10210427329762
Q13424,-0.378165556477695
Q8N6N2,-7.24817265458441
O15297,-6.8002267267856
Q14739,-5.76077869650679
Q7Z5G4,-3.1617873572447
P50579,-8.03164023003503
Q676U5,-8.30263705874782
Q9Y320,-8.44144201149639
Q9ULP9,-23.2534966642115
Q86TW2,-9.76188153175503
Q9HC62,-6.25433062045116
Q16773,-10.1849708381483
Q9BXI6,-11.2724999804917
Q9Y3A6,-4.79160509162287
Q9P2R6,-5.53330889372789
Q58A45,-3.40479920807006
O75688,-8.9145600146622
Q9NVR2,-10.9611285717241
Q4KMQ1,-2.00634117699362
Q9UBF8,-10.4863889178817
Q96DM3,-2.89341529301311
Q9NVM6,-3.61786154296027
O60296,-5.03198134069885
Q9NW75,-11.897982892577
Q86VD7,-3.26623233601276
O95825,-7.88931416180953
Q6IAA8,-8.23910992205542
O15060,-5.99011872574406
Q9P1Y6,-6.84864547615034
Q9BUH6,-4.22350179326493
Q4W5G0,-5.96267222238873
Q9NR80,-5.74259834368425
O14994,-5.95803776002754
Q9H777,-3.31721034330639
Q9HCM7,-12.8782369772502
Q9UM82,-1.9759398824509
Q96SB4,-4.6529054977932
Q9UL40,-14.0465241665217
Q9GZL7,-4.67967347926842
P61353,-8.9335197286491
Q6PJG6,-5.94446084025226
Q86YW9,-1.52689589134198
P09001,-7.27576438030314
O00541,-5.10656385987153
Q9P289,-5.50181827636632
O14594,-5.81978964347512
Q9Y4E5,-0.502593982873065
P82909,-7.70720686015677
Q14681,-3.51775972684241
P0CJ78,-1.46190713273531
P13995,-7.28340397868556
Q93100,-4.79174340568036
Q9H8Y5,-12.3207246978264
Q14CW9,-1.91486101049295
Q9H0K6,-3.18459642112532
Q8ND82,-2.61334336385135
Q12980,-4.2873395616741
P12814,-11.47119214277
P17655,-2.84136743137228
P49458,-8.50726471765037
P41217,-7.69427677654235
Q9NQX7,-8.25088867748197
Q6DKK2,-23.2534966642115
Q969Q5,-6.81749703690682
P19634,-13.2747433600133
Q9Y484,-4.23490909903274
O00507,-0.126317650841234
Q9UNI6,-8.69951141784424
O60293,-5.57064884148122
Q14320,-6.97941736379187
P04216,-4.51056881645781
Q6UB98,-12.806358372326
Q6ZNW5,-5.88935968655622
Q9H792,-3.45685710252941
Q96EC8,-3.12220246521763
Q5JU85,-1.24184166965341
Q99816,-6.326339739874
P52824,-6.50770639204128
O14653,-4.03442377587758
O76080,-3.98242971783758
Q9BRL6,-5.35222403914075
Q5GH73,-6.57169402388705
Q9Y2J0,-11.1640924019361
Q9NV35,-15.5217903447394
Q96AG3,-8.54641585051958
P46087,-5.351453625796
Q9Y5B8,-7.5938389795901
P00352,-5.05753574664671
O14559,-5.91200069418658
Q7Z3T8,-4.71429951343141
Q9BWL3,-2.58243516529347
P62979,-3.81627473884211
P60660,-6.13088605403753
P78364,-4.06584251302883
O75038,-4.24013387207547
Q8WXE9,-6.32905577361087
Q10471,-4.61943926883755
Q8NBM8,-6.95311787366429
Q13492,-8.43497815743477
Q96PV7,-3.39148026675166
Q15560,-13.0394685549175
O43929,-7.41412561857509
Q9P0J0,-7.14810134090659
Q86W50,-3.67197174324118
Q96JJ6,-4.25479691024119
Q96NW7,-6.60896313067806
O94818,-7.51334192115918
O94829,-4.93400348374712
P49842,-1.01963585410358
Q00537,-2.79070350455891
Q8N9N5,-12.7427588813917
Q9H7L9,-12.2067612232419
Q6ZU65,-2.23123643361801
O43670,-6.74049500012336
Q9BPX5,-6.23241859222755
P63313,-4.45225533279428
Q9Y5T5,-6.08425300578357
Q01650,-10.4288428062098
Q9H6J7,-0.0922765906887825
P17568,-7.80132545144461
Q9UH77,-1.16645116956497
Q15542,-4.03951613313397
Q9H993,-5.71279577720824
Q9UGP5,-11.1572257821896
Q14232,-8.60936515417437
Q16827,-6.03458079058604
O00461,-11.7661602375241
P58166,-3.7088842295696
O95639,-6.51657116840271
P17041,-9.71316310141542
Q9H444,-7.97755024921873
P51511,-3.71208950681179
Q8TF46,-5.50577112780113
Q9NS39,-4.14292367755885
Q05519,-5.60915238679635
Q9H0M0,-3.79691922756622
Q9P291,-9.2241389231084
Q9BZI7,-4.6284660729879
O95716,-3.84743837278891
Q9BUN8,-7.70494258962757
Q15796,-5.09920920901915
Q6NUJ5,-12.645001756694
Q8IYT2,-3.51192906954529
Q8IW45,-8.24701921436401
Q9NRR6,-2.34024895758668
Q92643,-5.34295382047349
Q9Y2K6,-3.71269026646318
O14544,-4.36637682230008
Q9HBW1,1.12063075212923
P50897,-6.08049053425308
P02794,-4.05935361717411
Q9NQZ5,-5.20915759427178
P01112,-6.67347614893345
Q8IZU2,-5.13908523374866
Q8N9N8,-3.64931669280233
Q15269,-11.9472655185287
Q9HA65,-12.3613976778836
Q9UHG3,-8.16230806711395
Q96AE7,-5.72860506961673
O15164,-3.43643965872787
Q9H2H8,-6.6657070042581
Q9UM19,-0.264139477917885
O43493,-4.32178928425611
Q3ZCQ8,-8.59291051181953
Q16538,-3.21784558747046
Q9Y2W2,-4.32300587684206
Q8N111,-6.42559425281185
Q00013,-7.00148316611146
Q8N2K1,-2.67966118513515
P35637,-7.6586033961575
Q9H4B0,-2.61318471928776
Q9UKG1,-9.21223121208493
Q8N961,-9.58720756799745
P14543,-5.42705392624576
P31930,-7.93459737776454
Q6NUQ1,-4.93250624403021
Q9C0J8,-10.5606913450982
P51523,-11.4701744094807
Q9Y5W9,-23.2534966642115
Q7L5Y6,-3.5924396570625
Q6PML9,-3.99189413925374
Q96MX6,-3.12483919232204
P42262,-23.2534966642115
Q9P2F5,-13.0416239238103
Q08493,-13.1706992014094
P50583,-6.96711894449966
Q6Y2X3,-23.2534966642115
Q96K17,-10.7924750942955
Q93063,-3.98638425077934
P15907,-6.35993224863469
Q9BV44,-7.60491655652646
Q6NWY9,-7.09924229387566
O75143,-6.42265367354225
Q86SK9,-8.31452027675126
Q96SZ6,-4.51486505133865
O94763,-3.4162224129938
Q9BRX2,-8.44306507143437
P05387,-0.0280635505744886
Q9Y5R8,0.220626213399449
P10746,-6.12426800383615
Q6P2C8,-3.78087485715773
P61916,-8.11059869940495
Q92610,-3.11191892398788
Q9HAS0,-4.75980627139085
P04424,-5.80059363549616
Q9UNP4,-12.7862382102022
Q99614,-23.2534966642115
P26006,-2.76358247290346
Q9NVM4,-5.24418480614625
Q9UHL4,-3.50584204897868
Q9H089,-7.31227557049109
Q4ADV7,-2.60942124514635
Q9ULD5,-12.9792159160782
Q8N5X7,-6.66962703543225
Q8N5U6,-4.41202347546886
O15083,-7.89073006420391
Q9NV06,-4.50047212564282
Q12797,-5.12291700449444
Q8TBN0,-10.7556482488365
Q0PNE2,-0.758870574166114
Q8NCE2,-10.9368446312198
Q9UPN6,-9.4333694882492
Q9NVV4,-3.58328651046572
Q99436,-8.19238834307381
Q9Y462,-11.7461693157657
O43865,-14.2969385111444
Q86XL3,-6.06528529962618
O14508,0.310145935612158
Q16698,-9.03875116775036
Q02338,-0.805509092373312
Q9NWS8,-8.24854140193975
O43581,-3.46187962537999
Q8WYQ9,-1.76821825884992
Q6YN16,-0.814946232731778
P00441,-6.37888818826429
Q16825,-3.36055896356874
P51512,-5.65575370806796
P52746,-2.82865837618353
Q92563,-14.2596205925159
Q53HC5,-9.45227696565596
O14782,-9.76199740397173
O95926,-4.31503887438828
P09622,-8.09051844393265
Q15814,-5.16585604261648
Q7Z7L7,-5.42055869911515
Q9GZS1,-6.81174892803651
Q8WZ19,-1.26462630394346
Q9Y3T6,-11.221323169937
Q96A49,-5.04794542606182
Q7Z7H8,-2.50640883316482
Q9UF56,-12.669646633451
Q9C0D9,-5.05000124012998
P23193,-4.80873188481038
P83876,-2.66959544041217
Q9P0I2,-23.2534966642115
Q8N5Y2,-7.38535245518176
P49759,-2.96389167671892
P49755,-7.54975342117162
Q86V59,-4.90798004299682
Q6PID6,-5.38236029532835
Q9UGU5,-5.47365111911986
Q9UGI6,0.793243257204231
Q08629,-7.22606386045523
Q93075,-6.81706172935908
Q9BYC9,-6.4019123102567
O60583,-2.5647611722572
Q8N4L2,-4.19914732587226
P98172,-5.16684385056738
O94876,-11.48009664167
Q8WYP3,-4.37357737613103
Q8N684,-5.77566808220371
Q9Y693,-7.85751824693177
P80192,-4.03773946379698
P35249,-1.87201035534692
Q13535,-5.43704279572534
Q9C0C7,-5.52592573239868
Q9BU76,3.95602761673877
Q14677,-0.537047387346495
Q16222,-6.14103444245107
Q9ULB5,-2.60322342795453
Q96AY3,-2.70723077025073
Q96SN8,-2.6110267871631
Q9BYT3,-4.82988650306256
P04035,-4.48954378332359
P42574,-8.86833861509524
O76024,-2.62811360636626
Q7Z4K8,-7.84631603104634
O75170,-12.5678002145882
Q86UY6,-6.69447979385601
Q9Y2U8,-15.3649685094519
O75663,-6.2714439834459
Q8TB52,-4.0608144427372
Q92529,-2.88026951301517
Q96G21,-8.64579984174052
Q9BXJ3,-5.38571669823894
P26992,-23.2534966642115
Q9Y3B3,-5.85077725667967
Q96P53,-5.71590202991405
Q9NRX4,-3.14720970233121
Q9BY11,-4.90283054231426
Q9NQV5,-5.23680010189563
Q9H5Z1,-7.77035791729011
Q9Y6B6,-4.77041886755034
O75385,-4.06872819575318
Q9BZG8,-0.784257125037599
O75376,-9.77698017681257
O00629,-6.63931791723077
Q96LT9,-6.44499130789152
P48029,-3.60265884860452
O14640,-2.56588693279591
P78324,-1.85559384083381
Q7Z4Q2,-4.70847413471196
O76041,-4.80491479063233
Q9UBV2,-6.09799230098592
Q08623,-5.06041996287376
Q9Y385,-5.06957552366805
Q14004,-5.39911057646875
O95180,-4.81235328328588
Q5EBM0,-0.750948176223889
P63220,-4.41851722986516
Q10713,-5.2774693946644
Q9H3T2,-4.33392397292442
Q5THK1,-10.0802291653953
Q9Y6Q9,-4.23758708130805
O43829,-3.32731707802927
Q5TEU4,-3.87712467840937
Q9BZV1,-23.2534966642115
Q9P219,-12.6816992343308
Q53EL6,-8.14888403487498
O14772,-7.22927725542345
Q96J84,-6.7671999313723
Q01118,-2.24179931781738
Q9Y4X4,-6.88841243787224
Q9UQ03,-10.0996014424712
Q969R5,-1.95725969836426
Q9H1V8,-4.8442764632645
Q96SQ9,-2.02393546201798
Q6DKJ4,-10.2423518213527
Q8WZ82,-8.58533149562191
O94905,-11.9438369464224
Q8NCN4,-5.68693873354702
P63151,-7.58849027430969
Q15464,-7.10041294552564
Q14416,-8.52822251389608
P31946,-5.19567267060441
Q7Z333,-8.68270643031637
P60484,-5.54362400554955
Q16281,-23.2534966642115
Q1L5Z9,-6.14870669751194
P52758,-5.8678163677655
Q8NFG4,-5.4103343105043
Q9UJC5,-9.60765343971875
Q9Y2K9,-3.48062495434454
P78504,-5.03045834995966
Q15375,-6.23227846519801
Q9NYK5,-13.1732088275295
Q9NZC9,-0.996485480446378
Q7Z6I8,-3.51153156497409
Q8TAP6,0.738766466516708
Q9NRC1,-10.3583262694519
O75943,-4.9862477140584
Q9H6U8,-10.0198264060687
Q5T5X7,-4.28865042865788
P42166,-5.71100113358683
Q8NEZ4,-0.106163647402198
P62263,-7.03232236536766
Q6UW02,-2.14692511501932
P10606,-4.91554554728351
O95758,-11.8087101393631
Q9BZE4,-6.29968599936566
Q9BYC5,-23.2534966642115
Q9HCJ2,-1.78535733836022
Q92828,-3.99305289158538
Q8IWZ3,-5.20782433997457
P55957,-3.59761760419118
Q8NCM8,-5.51528616006157
A2AJT9,-14.3129649498705
Q8IV38,-5.25639486844001
Q92630,-2.59849158982363
Q5VST9,-8.68503898085692
O15258,-15.6077945636817
Q5T011,-9.16513417441035
Q53GT1,-7.92636674780072
Q7Z6J6,-11.7605094253098
A6NHL2,-11.1822211713047
Q8N357,-2.61353480991358
Q8IXQ4,-2.45150311572626
Q9UG01,-5.52535062747449
Q9NUM4,-7.88022648907744
Q32NB8,-6.20564135380899
Q5SYE7,-5.83402274540726
Q14865,-1.87800666112909
Q9Y6E2,-6.21660931159334
Q9BQE3,-5.0570823574297
O43148,-5.25222623958315
Q8N594,-3.04562789405165
Q96Q42,-8.22930282488587
Q76I76,-4.69651289704297
Q92932,-11.9071719827638
Q14318,-9.57846961954966
Q96AP0,-2.83775589664038
Q8IXS6,-12.6097449712915
Q9H0E9,-6.02025385086076
O43639,-9.55376648542137
Q96DH6,-7.45514498842311
Q8NFH3,-6.14753814472635
P29590,-11.3467708518215
P22413,1.69401970150843