PG.ProteinGroups,Ratio_log2_50,Ratio_log2_150,Ratio_log2_300_2
Q96CX2,19.554941423727,20.3261430828515,19.6298639273177
Q9Y4C2,7.76822742324922,8.74426291417925,NA
P40925,17.5626161379671,NA,NA
Q14318,7.99017694733205,8.72180986421771,8.37649339075596
P08579,6.31808325746289,NA,NA
Q9BRJ7,3.52742922821876,4.35474046194636,NA
O95155,17.8617904945724,18.8191296739354,NA
Q96Q42,9.35268533404046,NA,9.02962558853121
Q9Y512,8.70672968185738,NA,NA
Q9HA65,7.2107014433852,6.90202251097053,NA
Q9NRN7,19.0460414870215,20.0313202375324,NA
Q06455,20.8285161746081,21.9521783513944,NA
Q9BWM7,18.1803423471456,18.8027290615464,18.4440026257565
O94856,18.5388919354812,18.9173319036682,NA
Q92604,18.2078083561477,18.3018575834164,NA
P54105,17.9763376704911,18.9173047485667,NA
P19086,3.26034966050718,3.27243997327265,NA
O15498,16.9735942913825,17.9752844837125,NA
Q24JP5,3.48412745070813,4.20395418568792,4.31132787049745
O95297,6.55187232816156,7.17059170986985,NA
Q9NPH2,18.7400692922489,18.9740597251123,NA
Q8N806,11.9308156302362,NA,12.3576585055799
Q14671,6.44187719905663,6.18071612771053,NA
O43924,14.6988918905809,15.9564005019195,NA
P47756,8.37426368306503,8.98847051414147,NA
P26196,8.29318888126743,8.22420265331623,NA
P09104,14.2767343915876,NA,NA
P11413,6.87738221080406,7.33530859969237,NA
O94776,7.62504718198813,8.40217631550791,NA
Q9H6U8,16.9092694931248,18.557304480689,18.257106395788
Q9P291,10.7127596501768,12.7424993007617,NA
Q68D91,17.984686134334,18.5538724147182,NA
O75326,6.15838458942356,NA,NA
Q9UPW5,7.02720635113341,NA,NA
O60231,9.47471865483546,10.0950618475901,NA
Q9Y4X5,11.577150482222,11.7125118848452,NA
Q96MZ0,17.4441690659843,18.3081485309363,17.6730270483424
Q86Y82,19.1262359565064,20.1305107323947,19.5189051326741
Q8NCB2,5.47897843007123,6.94340129003677,NA
P25787,8.40871076869711,NA,NA
Q8IV08,19.2547741331695,19.9979387155724,NA
P51149,7.25863130592962,8.25651522750477,7.88843478604781
P13489,7.35211632196674,7.87877918528003,NA
Q9Y3A3,16.517695966581,NA,NA
Q96B54,8.75704143268415,9.31950507471053,NA
O15394,9.54790392497819,10.1952172720035,NA
Q15771,18.8269131122924,19.9770666352034,19.7240054827395
P63096,17.9157517599023,19.1787216584614,NA
P52292,9.27458503358789,9.48482436851705,9.84379690492578
Q13586,18.2210315127132,18.5920725009882,NA
Q96SW2,18.9614603821356,19.699983534336,NA
P51812,18.8354202336739,19.7382346796963,18.7982800338913
O43292,4.63646940650817,5.26882810087621,NA
Q96MY1,20.5399451763101,21.1225153655264,NA
Q9UQL6,4.60773354031738,NA,NA
Q13951,18.5774052332427,NA,NA
Q9H2V7,18.8024044915907,19.4344699939056,NA
Q9UI30,18.507126199427,19.1845897947739,19.0012953427433
Q96S59,3.36542040243861,3.96755236215042,NA
P51116,6.12502516762216,6.91867564554164,6.25297110455921
Q8TAD8,19.3471984634408,19.5866356451136,NA
Q5JU69,18.2654790276889,19.6510463688783,NA
P19404,15.5673547719467,16.4830499337153,NA
Q9NP72,4.62958587267064,4.58771585781381,4.22120980630124
Q9H0E2,18.6888776536833,19.5535950699442,19.5990234089729
Q8N350,2.3478181780133,NA,1.96151156452668
Q8NFT8,4.52869339823341,4.88305263143388,5.41741716382201
O00560,15.7125610539035,17.2049956292163,NA
P51784,5.74505104163231,NA,7.42742182999517
Q6IEE7,3.82238224417898,4.35720905561319,NA
Q8NFZ8,19.2734362996864,20.4522192046031,20.1130423517749
Q9BTT0,15.7412550479299,NA,NA
O75164,18.8015779154488,20.0721760888583,20.53627224918
Q8TC26,6.11935925832395,NA,NA
Q92993,17.7048001354972,19.0239436628133,NA
Q8IV32,4.70899649960213,5.01108689957878,5.12420252142443
Q9P2S2,7.56304815733983,8.75059982506585,8.17227586788615
P42224,11.3795536721636,11.5340355580487,NA
Q9HCD6,6.65534144006882,6.97875872091339,6.70260972828027
Q8IVW6,8.17655017038943,NA,NA
Q96IG2,8.84251493716097,9.16564235738854,9.61868434153626
Q86U70,12.9967150371872,13.0472866643386,NA
Q8N2K0,8.35135625596714,8.90686548714748,8.55191873055252
O43526,2.55110269144683,NA,3.60649848791526
Q9BYV9,9.45422103927675,10.0445821898961,NA
P61006,17.7469912438271,19.1137766329929,NA
Q9P2Y5,11.329956136789,NA,NA
Q14344,7.01877980816567,7.52872575054392,7.52437795302046
Q96PB7,1.03429190925355,1.5792888324971,NA
P50542,7.24131342160063,7.79637386799916,7.70417592173697
Q9H4M3,4.07973632853851,4.76368883911065,NA
O00506,8.09016038129546,8.41940727617069,NA
Q9P0I2,18.1369262280194,18.951549276902,NA
Q6L8Q7,12.7797654049499,14.6538920801266,NA
O43252,10.8709783697087,11.862425577058,11.2398081883528
Q01082,4.4574422634042,NA,NA
P61018,3.79427490052969,NA,NA
P56211,6.89888938555595,6.8408551877289,6.92069790891384
Q9H3K2,6.4372592246722,7.6550604481003,NA
O94985,3.084974754929,3.83269112382441,4.71389291468579
Q9Y3I1,11.3240710798946,12.5508904922072,12.1943927324005
Q9BZA7,7.36824055576422,NA,NA
P07858,17.4757229926705,17.4074818736532,NA
P38606,8.63064383747338,9.95182449110413,NA
P42229,3.00444309934638,NA,NA
O14775,3.546436089597,4.57218072302775,4.27780753867555
Q9ULU8,7.27871412958007,7.69145795788306,NA
Q9Y315,16.3136932527999,NA,NA
O96005,5.48461112042792,5.80751016409235,NA
Q92945,8.59721683329482,8.86556443872311,NA
Q8IUH5,19.2027007918884,20.0556562132668,NA
O94898,18.9601829057588,19.4480228279981,20.5242365767368
Q9UDT6,2.33966050429846,NA,NA
P35716,2.96071493097073,3.64192387114788,4.21074222310175
Q9Y3C6,8.09251777887225,9.0710503896997,NA
O75746,8.7855818930543,NA,NA
Q86XL3,8.88683957095745,NA,NA
Q13895,10.1057113176657,10.5980436591302,10.8399029184314
P26378,19.3129369683654,19.940341551115,NA
Q86Y79,9.16214810738854,9.57268808770809,NA
Q96S55,6.87421974734894,6.98857656022039,7.77468434460601
Q9UQ35,18.0595434710845,NA,18.4767265931519
Q92879,18.0098217353578,19.4820174736376,NA
Q92616,1.91417968742422,NA,NA
Q9ULH0,12.2700418945931,NA,NA
Q9Y2H5,19.9522016219225,20.6140481088538,20.2770561034377
Q9BRK4,10.2636571496239,NA,NA
P48664,19.4737818372518,20.6204267225025,NA
A1L0T0,7.58192224821238,8.39178742677788,7.85721819759837
Q6PI78,9.08010563729684,9.28024063058564,NA
O14525,3.04156409216144,NA,NA
O94910,19.6851198469662,20.2113834856266,NA
P50148,17.4920716633114,18.1884906544473,NA
Q9UHV9,16.3460980864337,17.7754584861355,17.5843180977726
Q9GZM8,11.572051052936,12.0752984261774,12.2301125700514
P15822,7.16290028103893,NA,NA
Q9Y6D9,18.2198769541435,20.2858664831579,NA
Q14137,2.05031112583077,NA,NA
Q9Y216,2.78687856225226,2.92774090703784,NA
Q13526,17.7018083757833,18.7175111590185,18.1461887257088
Q969G2,19.4559009597006,20.8266050246522,NA
Q9NZV5,1.80023174389314,NA,NA
Q04637,13.7674319642355,NA,NA
Q08174,4.51795001817003,4.65172488278062,NA
Q6VAB6,7.53128922217087,9.20013992014237,NA
Q96GS4,17.2497893981207,NA,NA
Q96DE0,18.615417140796,19.0632065670496,NA
Q5T3F8,3.11841031239719,4.20180384510692,3.64504080744869
Q9HCN4,16.9786269846747,17.4868176114019,NA
Q9UI10,17.25852124481,18.4757830122411,NA
Q8N158,10.1521337959003,10.4557703491319,10.7036721279806
Q15262,11.0679349280876,NA,NA
Q14728,7.47030190025269,8.43051625802125,8.78228740177843
P57678,3.32186852608733,3.89899421640856,NA
Q9P2G1,11.2708117652787,NA,NA
O00264,6.81697180851728,NA,NA
Q6PID6,18.4376395769398,19.94056326495,19.9007491475767
Q8IUL8,9.95565173543388,9.97534504334583,NA
Q9P2R3,6.92109997665191,6.9254161351843,NA
Q6YN16,24.4172735141577,NA,23.3074287583167
O43301,3.85580411227692,3.38827522155846,3.37504066762803
P07741,17.5132715708797,17.7087468368006,NA
P18669,1.21141022167515,1.23404580309944,1.03789864624994
P56159,7.11061309108491,8.33433532914564,8.62537496016622
Q9Y693,13.5791123096563,NA,NA
Q86UN3,9.05977647720736,NA,NA
Q9H444,3.50610574305038,2.93691750310609,NA
Q7L775,18.3186703364127,19.188539295079,NA
O75182,19.1771707754346,19.8047289109104,19.064089471614
P68106,17.997539958457,19.4552372774853,18.9859609702153
O60422,1.24767505016044,NA,1.91902133613738
O43639,7.11583903242626,NA,NA
Q53FT3,8.33765477696957,9.39038551816018,NA
Q12926,18.7676562982528,19.6694799664484,NA
Q06136,4.83662690694498,NA,5.90016077567811
Q13838,8.93997177896787,NA,NA
Q9UHR5,18.3551598755773,18.818456420906,18.3832206994163
Q8IXK0,3.2788352177756,4.48985485684528,NA
Q9BU61,11.6303809243302,NA,NA
Q9BR01,1.46158124310798,NA,NA
Q15257,4.74003796229306,NA,NA
O00233,17.5162123442543,18.7387596612149,NA
Q9ULK4,9.40482441020077,NA,NA
Q96FT7,17.3464202194478,NA,NA
O43602,8.71920762961496,9.38457304767018,NA
Q9BX66,12.1257886022745,13.1410453225187,NA
Q9P0J7,7.62308276431307,8.29575377154221,7.4052839105472
P52597,6.08593924529033,NA,NA
Q5VTL8,18.2664874999847,19.1664338744652,18.6184710016909
O95248,12.2831013371468,NA,NA
Q9P2G3,7.2996743592939,NA,NA
O95336,17.0500521754384,17.8085229372521,NA
O00451,18.1937286835432,19.944361726258,NA
A6NJT0,7.22842788067479,8.07091896267797,8.74689634916697
Q8NI37,4.67961859142889,NA,NA
Q5K4L6,10.9082325321029,NA,NA
Q06587,18.8974725029731,19.380973806025,NA
O75038,1.5656169927245,NA,NA
Q8TEW0,11.6425900228189,12.7107422528435,NA
Q8IYB1,10.357161354511,11.8559702809994,10.0203783298332
Q13596,5.7428077097621,NA,NA
Q16799,8.99152885648764,9.25316069594045,NA
O14628,0.88865258217229,2.09418734867098,NA
Q9ULU4,1.96002759448207,NA,NA
P24928,6.42682161611799,NA,NA
Q9HBE1,10.2851780054871,10.8900089662943,10.884536240429
O43929,3.69301114966616,4.27288606278265,3.55426002607974
Q9HCJ2,22.8585168682829,NA,NA
Q8N8L6,8.4166424783399,NA,NA
Q9UQ03,5.39048649252435,NA,NA
Q9P2N5,19.2219752927402,19.6413787675838,19.399707424456
Q9H6J7,0.596056292385924,NA,NA
Q9NYQ7,5.91854815066992,7.36846485620807,NA
Q13501,1.28621703328979,NA,NA
P12270,1.98346802780176,NA,2.83109263492902
Q9NZ53,9.27883482229191,NA,NA
P46379,8.18527314233158,8.77470435167606,NA
Q9H496,10.9666607885109,11.7542362435448,NA
P02786,10.5010166762496,10.8403558054992,NA
Q8WUU5,10.4755226545217,10.3350719642728,10.0467463782094
A1L020,9.95039898378586,10.4400562487845,9.56675077206498
Q9ULI4,9.15146599653389,10.536673169953,10.3614865596106
Q9Y376,8.62012345570992,8.82726226018803,NA
P24666,2.3130479471109,2.59965990112017,NA
Q92558,6.17986937053492,7.94927910295056,NA
Q9UP83,1.88342969909492,NA,NA
Q9Y4F3,9.48048067722188,9.22166839078098,NA
O94868,2.59508576936171,NA,NA
Q8WUN7,7.20885700517765,NA,NA
Q16706,1.90629187973267,NA,NA
Q15126,17.8555793665639,18.6430288203449,NA
Q16555,5.31156066074515,7.53487505644876,NA
Q16718,1.73733188103566,2.16070795528561,NA
Q9BRD0,1.48439178798154,NA,1.5786677107342
Q12797,1.67853250372716,0.430819378846404,NA
Q86VW0,4.40987078091608,4.5336240957737,NA
O94953,10.8393863589969,12.2783329096354,11.6601943756501
P36954,4.52129414258469,NA,NA
Q8NFP4,7.50488986603513,NA,8.02336607168931
Q02127,10.7369419139502,NA,NA
O15173,6.65746696507617,7.87947055120853,NA
P08243,3.99091688080997,NA,NA
Q13569,4.8410274990917,5.00813221026427,5.00444578154101
Q9C0I3,1.13722286038501,1.60349047519258,NA
Q02543,2.45909054401739,3.4275385360822,NA
Q9NRW7,6.44294275408462,6.73483876765113,6.20334623423734
P16298,17.493518128195,18.2945198468632,17.6403897597366
P18074,6.77636954178168,NA,NA
Q96K37,18.49739930483,19.2347454536803,NA
Q8WYK1,9.64170485631644,10.3705357552598,NA
Q13825,7.62900998034826,NA,NA
Q86TN4,1.19362395018912,NA,NA
Q6Y7W6,14.6666306137779,15.2089498010302,NA
O15068,18.6822858167461,NA,NA
P16949,3.54036649319528,3.80867387324612,NA
Q15560,12.2052578932759,11.6015431056995,NA
O15213,3.10329154832189,4.19167526488389,NA
P31930,2.40096777544999,3.2020904391876,NA
Q9Y496,2.43552268918607,3.63474892528154,NA
Q8N1G4,17.1456539131835,18.3306674873786,NA
P28799,0.427921879701234,0.502999918206951,NA
O94952,9.90054790562291,NA,NA
Q9UKE5,1.93784070294134,2.44880943113073,NA
O75385,12.7245865337827,NA,NA
P25705,15.9598762189088,NA,17.3779923640751
Q5JU85,10.7650886714897,NA,NA
Q9NQG5,18.3184732239295,19.3389065866519,18.934201149131
Q6ZN54,1.35610898080294,1.34257072652469,2.287585929576
P36639,12.0367693925126,NA,NA
Q99873,3.9191851119356,NA,NA
P55011,1.20899298793117,2.09802171214339,NA
P43004,8.19854458185539,NA,NA
Q12765,17.2873721015043,18.4783907945261,NA
O75390,8.26076580225904,8.41422020879629,NA
Q86V97,4.9530653334665,NA,NA
O75093,19.1629400009273,20.6467369889581,NA
P62701,14.6395727133022,NA,NA
P35222,12.8091127060326,13.1857734754781,NA
P48730,10.7603756377306,NA,11.3595708158867
Q99733,2.6561799811494,NA,NA
Q96A35,6.39910926548927,7.12738723816306,NA
Q9Y5R8,0.503214639058988,0.49810367704757,0.743318033279536
Q9H4A3,4.23082279661733,NA,NA
Q8WXI2,2.16218449227398,NA,NA
Q9Y2B0,16.0579288831307,18.3792489402175,16.8608463512657
Q13492,1.66059414555982,NA,NA
Q9NXG6,9.34468979360289,NA,NA
Q52WX2,19.0388033489474,19.5305409230905,20.727484901475
Q9P2K5,6.06223614880141,NA,NA
P60510,7.88712593537146,8.84256034699211,8.34504437152638
Q9UNF1,16.7638685619778,18.8140823345825,NA
Q6ZVC0,1.57359765679097,NA,NA
Q9BU76,6.22971424382776,NA,NA
Q8NBI6,18.5399171596555,19.605759906142,NA
Q96F07,6.37122033456452,NA,NA
P84095,12.4091496559159,NA,NA
O43920,1.44654257176315,2.07899460134666,NA
P61086,3.62851990765356,3.96615080104706,NA
P22695,16.638041952599,NA,NA
P42892,18.6492564695872,20.5035536811007,NA
Q8N0Z6,7.69189458708399,NA,NA
Q96NX9,9.61083433938233,NA,NA
Q00610,11.6130982188527,13.1886954940229,NA
Q15819,2.44205660001343,2.93565027301949,NA
Q9UBB9,6.25157081654142,NA,NA
P29401,6.63812776182805,NA,NA
Q5TGI0,9.88257821427877,10.4833762220854,NA
O43310,5.94419604727941,6.43412253823436,6.39832953501705
Q6ZNB6,1.12527502263504,NA,NA
Q719H9,1.53412259747256,1.84963369237337,2.12450195685082
Q9H9T3,17.2688856932837,18.3918215719221,NA
Q12852,18.2899200953276,19.5376399038419,NA
O75347,4.34304799031574,NA,NA
Q86X27,1.14733727812679,NA,NA
Q8N1B4,18.4336681080778,NA,NA
Q12824,2.42280934290812,3.34953914426049,NA
Q04656,2.79042655182278,NA,NA
Q8WXF1,6.75304133574991,7.33757098964051,NA
P07738,4.51701778713994,NA,NA
O95782,13.2537481785308,15.0851589622878,NA
P30153,13.1243351188609,NA,NA
P10586,7.16104678920976,7.75377557150694,8.82808849233458
Q99856,18.9187159955441,20.526149824296,NA
Q9BQ39,8.3571943616534,NA,7.16259438592429
O00116,1.46036972845358,NA,NA
Q15717,6.09953510586039,6.98104517614163,NA
Q6P1X6,5.05132995869283,5.78641019675993,NA
Q9BXB4,4.63946114754541,4.59646856688306,NA
Q96CT7,13.208529801031,NA,12.0077559981434
Q9C0C2,5.83713973407037,7.01151239883,NA
Q5JSZ5,9.31009353143007,10.1954032058598,10.3028147490413
Q15048,5.10495367618432,5.93136027179054,5.56602577777937
Q96GD3,12.1601693343165,12.4749079232736,NA
P59998,3.58192297203955,NA,NA
Q6NUM9,6.00938767597867,7.70702732180938,NA
P36578,4.54051568185015,NA,NA
Q8IXQ5,2.05418385113075,NA,NA
O00170,5.1360810729824,NA,NA
Q9H4L4,5.55771711101458,6.16744440173516,5.6768996039074
Q9BWE0,21.4550907132094,NA,NA
P14416,7.17832767264265,NA,NA
P30876,17.9880941994097,19.2337750145885,NA
O00743,17.2792604206242,19.6310607055825,NA
Q9NXG2,11.2568713870567,NA,NA
Q9H3P7,16.5878604703908,NA,NA
Q9HCM3,10.248915376692,11.6083074461282,NA
Q9HAT8,12.1619066766638,13.3203450235746,13.7206976677169
Q92845,9.72043919034945,10.7790933864598,10.7207600293524
O43854,8.85016646608492,NA,NA
Q15643,6.23095687060813,NA,NA
O94766,9.12192589490308,9.79861535787369,NA
O00429,3.56070041812786,NA,NA
Q9NR28,7.71061444364227,NA,7.73434719764923
P31150,15.1308418628029,NA,NA
Q59EK9,12.3986421298539,13.6289672332481,NA
Q5JRA6,12.491621335701,NA,NA
Q15067,8.04170591778464,8.3738558838605,8.020779337257
P30040,18.0450119648096,18.3133477116319,NA
P0CK96,0.954135192749292,1.32832442559819,1.66774224005283
Q9UPV7,1.54126440245123,NA,NA
P09874,3.95043718123594,NA,NA
Q9NS86,6.45424557854984,5.79746413682753,NA
Q9BSV6,3.19989861154394,5.30534657296488,5.20434042070616
Q7Z7L7,9.14410707747965,NA,NA
Q86WA8,17.7959447843785,18.4688831272284,19.8088664171147
Q13310,5.51705928305115,6.75272715390322,NA
P49458,19.089494825638,19.6620778281058,NA
Q13242,14.745035166641,NA,NA
P53990,4.55142531834027,NA,NA
Q96A83,10.4578255062792,NA,NA
Q15631,3.71070671674584,4.61006097688824,NA
Q9UKG1,2.26318342144073,NA,NA
Q8TBP6,5.37867045342153,NA,NA
O14576,5.11724526500725,NA,NA
O60299,9.8525241688793,NA,NA
Q15120,7.58787382141553,NA,NA
Q9Y5X1,17.3117846235685,NA,NA
O43155,20.4062619580345,NA,NA
Q9UBI9,9.39788532059634,9.21656847214757,9.66906002920368
Q8IYT2,11.9335530593601,NA,NA
O00213,9.84919908855903,10.0853971440938,NA
P04843,5.86427475144442,NA,NA
P17612,13.6845767439142,15.1758737786457,NA
Q08629,10.3025762888309,11.012708118571,11.1132349334472
P61916,4.14229161174793,NA,NA
P78344,3.40190571189231,NA,NA
Q8NEY1,7.54464759287873,6.88115828907794,7.90114101976116
Q8IXT5,1.79539259051991,NA,NA
P98172,16.889924410878,NA,NA
Q99567,5.28067347085889,NA,NA
Q6F5E8,16.0894079351929,NA,NA
Q6KCM7,1.29576304956184,NA,NA
P54756,2.21896143912318,NA,NA
Q92997,3.43884123520926,NA,NA
Q96SU4,8.03499424440338,8.66869591843705,NA
O95373,2.52468578757001,NA,NA
Q9NW61,0.994320764229491,NA,NA
Q9UBF2,6.0103186802237,6.28377562876326,NA
Q9GZT9,18.3468678570229,NA,18.9953763470265
Q14108,17.8439939681696,18.1486314638852,NA
Q9NUM4,1.6180234138434,1.79163164976479,NA
Q9UNF0,10.6058637096978,10.9678749908236,NA
Q8NEZ5,17.3032644118627,18.5778010045153,NA
Q9BW62,13.5095003908101,NA,NA
Q12955,2.16082571823176,NA,NA
Q9UQ80,10.8558379976714,NA,NA
Q14576,15.7626668039271,NA,NA
A8MW92,7.97248087451597,NA,NA
Q9P2Q2,15.5810124479317,18.9243559006804,NA
Q8IVU1,8.99494082779519,10.7196041168925,10.7804570471878
Q2NKJ3,0.697380986204459,NA,NA
Q99569,8.77950715393381,NA,NA
P63151,6.836777159911,NA,NA
Q6N022,5.07434020756639,5.19096676651664,NA
Q9UPU3,1.59359247629652,2.38451139593696,2.98269783328427
P17706,2.66187297757501,NA,NA
Q96EZ8,10.3444827601844,NA,NA
P09001,4.27844890905825,NA,NA
Q9UKV8,3.21428364075807,NA,NA
Q96ST3,7.02967298480181,8.12350820004665,6.82977436709799
O14522,9.06867595638166,10.1702349213601,10.4480891013231
Q6ZSY5,6.8754592295487,7.21567622695497,NA
Q9H1B7,12.2955098726843,13.2509595080768,13.2721166475153
P53999,4.80651216304868,4.7934103672692,NA
P06241,7.40783610333011,NA,7.53681641923086
Q9NYB0,9.74728289964938,9.7378753895032,10.2810473758512
O15027,10.6523569007841,11.4130353369312,NA
P61247,NA,17.0928036502336,16.3735648313364
O43312,NA,19.0004778355529,19.4965664324068
P62380,NA,19.5739285163208,NA
O15020,NA,17.7602817236907,NA
P14735,NA,19.5086277751197,NA
Q96S90,NA,19.8342884691334,19.1591756077797
Q9UJ41,NA,6.43358252398923,NA
Q8IWT6,NA,19.1482888189607,18.5337052415964
P48634,NA,7.77152476884751,6.78806001062379
P51513,NA,13.5630457809844,NA
Q9ULJ7,NA,10.1259932611682,NA
Q86UU1,NA,9.10375175726758,NA
Q75VX8,NA,9.070511235553,NA
Q9HCG8,NA,9.06805814323362,NA
Q9GZZ1,NA,7.55642803376807,NA
O00571,NA,20.1368636902674,NA
O94813,NA,18.6596572408797,NA
Q7Z5G4,NA,19.4465975307711,NA
Q9H8M5,NA,8.2735743302824,NA
Q07866,NA,6.8554871270503,NA
Q8IXH7,NA,10.8928008445338,NA
Q9Y285,NA,18.0722553873577,NA
O14730,NA,3.07892225948037,NA
P13798,NA,9.12597049852443,NA
Q8IWA4,NA,11.5307611355916,NA
Q2TAL8,NA,4.05563250061427,NA
Q76G19,NA,10.9667061630869,11.9914757488409
Q8NI27,NA,18.7785199127652,NA
Q6P1R4,NA,9.15776995881126,NA
P78559,NA,6.91697452790915,NA
Q7Z6M1,NA,8.96145662913976,NA
O60828,NA,2.75195612707037,NA
Q16827,NA,5.60845759981174,NA
O00273,NA,18.4404616764367,NA
O75190,NA,19.9414683254149,20.2096320848847
P22694,NA,6.65157063212095,6.37119825876843
A7MD48,NA,9.28513464574094,9.46387605255365
O60216,NA,8.48417167010018,9.0580918012723
Q8NFG4,NA,10.9197729574384,10.0446604057515
O15379,NA,6.7528510570709,NA
Q9NWZ5,NA,19.2827921180343,18.9132206232818
Q9GZL7,NA,23.8851728110472,NA
Q9UL46,NA,3.24721168557344,NA
Q13873,NA,14.6107535231622,NA
A6QL63,NA,4.83923588641666,NA
Q08379,NA,20.4093470910372,19.591163503214
P55786,NA,17.4708792923574,NA
Q8IU81,NA,9.96604063086624,NA
Q9BUZ4,NA,9.71418416231713,NA
O00255,NA,8.88286974190098,NA
Q9Y6M1,NA,3.24281953283187,NA
Q8N5A5,NA,8.12800434932798,NA
Q99848,NA,18.6447325481121,18.4914530765988
Q8N9I9,NA,4.44759124030148,NA
Q9UGH3,NA,9.53352733547796,NA
P63010,NA,10.9388814298192,NA
O75489,NA,17.5456441449232,NA
Q8TDN6,NA,2.03397842267783,2.24633454875432
Q9Y5V3,NA,7.68767082453201,7.31174315825995
P22307,NA,9.29686877969457,NA
Q92785,NA,8.21912828392978,NA
P48729,NA,20.0646238405104,NA
Q92609,NA,4.15982171094068,NA
O15270,NA,19.6328548403062,18.8258118629672
Q9NZ63,NA,11.4393403463792,NA
O60927,NA,5.58703618790206,NA
Q6UXD5,NA,6.58409729731709,NA
Q9P258,NA,9.26725349867969,NA
Q9Y4G8,NA,12.9090829319238,NA
P78356,NA,8.18583836188806,NA
P60880,NA,14.0039774971849,NA
P00367,NA,3.83386493642229,NA
Q9H5H4,NA,19.5854858469851,NA
Q9NYY8,NA,8.29798794367125,8.33810580967669
Q9UMN6,NA,19.4250412181498,19.4618998848552
P98175,NA,8.63503402181002,8.31128224169803
P17405,NA,3.99856839438959,NA
O75044,NA,2.78100056251154,NA
Q5T7P8,NA,19.2093693812666,NA
Q9Y2I1,NA,19.8821009876465,19.6624093178828
Q8N5J2,NA,10.064596620826,NA
Q9BWF3,NA,14.3837944356679,14.3318910700593
Q643R3,NA,19.2732206573526,19.4341565552755
P45954,NA,4.71622121877382,NA
P62937,NA,8.64301098589235,NA
Q9UI36,NA,8.02439314195954,NA
Q9NVG8,NA,9.8852822398636,NA
Q86UK7,NA,8.56237259980628,NA
Q7Z5K2,NA,8.07196272223177,NA
A6NGN9,NA,13.0852029462325,NA
P23470,NA,19.6318489544865,NA
O95721,NA,6.3993916510622,NA
P11117,NA,8.05237006401438,NA
P43034,NA,1.8515877919205,NA
Q9UJC5,NA,15.919284177712,NA
P18615,NA,7.83118432321347,NA
Q8N5H7,NA,9.39368622318373,8.82627827636601
Q14BN4,NA,10.0329724816622,NA
P50607,NA,0.811619530668115,NA
Q9UBU9,NA,8.16424140000193,NA
Q5SQI0,NA,16.4685730432229,NA
P52701,NA,11.097665117348,NA
Q6NTF9,NA,16.5105014479576,NA
O15260,NA,11.7919326284169,11.241847497842
P34931,NA,12.8077891722359,NA
Q5VTB9,NA,6.42656747957714,NA
O60858,NA,4.99264926904034,4.76806601616634
O75376,NA,1.71256967975424,2.19330840154255
Q96CU9,NA,11.4107002375537,NA
Q9BRX2,NA,4.06762177618154,NA
Q9Y5W9,NA,9.93317923307661,NA
Q9HBU6,NA,15.4083898689063,NA
P46109,NA,7.54296391738615,NA
O14828,NA,1.15456060753336,NA
O14735,NA,7.05065199384101,6.38471161555162
Q2TAY7,NA,17.6079666455659,NA
Q14CW9,NA,2.73282156213571,NA
Q9H254,NA,1.18881679399041,NA
Q9BRL6,NA,18.637247234457,NA
O95372,NA,16.5051937337886,NA
Q86U90,NA,8.57173699706076,NA
Q15788,NA,4.37678554913014,NA
P49840,NA,10.1051152240124,9.72219727976213
Q5M775,NA,10.5044788896374,NA
A1A5C7,NA,9.46155061288845,NA
Q6DKJ4,NA,2.69325125315783,NA
Q9H1D9,NA,11.7730299901284,NA
Q9Y2U8,NA,15.2017908378183,NA
Q9H165,NA,11.4463263576146,NA
P60763,NA,18.6980576206885,NA
P48454,NA,4.80978572121442,NA
Q86WR0,NA,11.0655662298659,NA
P50579,NA,8.56304687334676,NA
P57771,NA,18.8373334222066,NA
Q9H1V8,NA,1.08587929954246,NA
Q969R2,NA,17.3072740394198,NA
Q9UBB4,NA,19.4335449072166,19.3378621008021
O15400,NA,19.2510097255449,NA
Q14331,NA,17.4336516456379,NA
O43505,NA,20.6226174081285,NA
Q9HD20,NA,6.92980999566067,NA
Q6IAA8,NA,18.7367294452491,18.2943045087905
Q8N9V3,NA,20.4204933872067,NA
Q7L3B6,NA,13.8319664848506,NA
Q96JQ0,NA,2.91084874467602,NA
Q147X3,NA,19.4459166127063,NA
O14782,NA,20.4494021189325,NA
Q8NC96,NA,4.3528759612948,NA
Q7Z7K6,NA,1.61948611254605,NA
Q8IZD9,NA,7.55369579141165,6.04725845710744
O00750,NA,18.7404774342126,18.6707744712316
Q8NFP9,NA,6.18001591679484,NA
Q99497,NA,17.0194754945829,NA
Q9BRQ0,NA,3.18910990671867,NA
P26358,NA,10.4695513942777,NA
Q8WWI5,NA,18.3795977901758,NA
Q9NX40,NA,19.3031240146317,NA
Q8IWZ3,NA,7.07833920823734,NA
Q9HCK5,NA,19.2367330715739,19.441990213175
Q96M27,NA,17.5585928594833,NA
Q674X7,NA,19.0648679109849,19.0924835471919
Q96JJ6,NA,1.82695337344897,NA
P61129,NA,13.0638703559039,NA
P78318,NA,6.08301035624179,NA
Q8N1G1,NA,19.4225505823509,NA
P35790,NA,14.3518246299875,NA
Q6ICG6,NA,19.669462810492,NA
Q9Y4D8,NA,8.24051255302644,NA
Q8NCA5,NA,0.963143126596053,NA
P14373,NA,6.73161736738584,NA
Q8IUD2,NA,15.7800196518754,NA
P09012,NA,3.34870580084661,NA
Q9NP66,NA,10.4096640040875,NA
Q02790,NA,4.76652183730979,NA
O95758,NA,2.14410390350071,2.15754226906225
Q9BUN8,NA,1.51533859838154,1.88270866292728
Q08945,NA,5.67687572228216,NA
O75179,NA,9.85005178367167,NA
Q96F63,NA,19.8229232021281,NA
Q7L523,NA,18.1566217358624,18.4016882280809
P55795,NA,19.145504777467,NA
Q15393,NA,6.38137648463218,NA
Q8N9I0,NA,4.40907695343668,NA
O75396,NA,9.16088241150575,NA
P35813,NA,5.19508628394327,5.8738107031006
Q9Y6I4,NA,10.3672065219122,9.51954854516632
O14979,NA,15.6994056302705,NA
Q9NRG7,NA,17.6017791156268,NA
Q14686,NA,1.09632741681051,NA
O95402,NA,2.30601768322237,NA
Q9UPP1,NA,9.45536001609812,NA
Q6P1Q0,NA,11.308588526459,NA
O15399,NA,11.1854947022132,NA
P49327,NA,16.6873583189548,NA
P29372,NA,19.4560774493862,19.1208333495453
Q9NV06,NA,18.111082155624,NA
P23443,NA,2.46125556240311,NA
P05060,NA,11.9258201575562,NA
P07437,NA,3.0669910073357,NA
Q14669,NA,18.7934828678075,NA
Q2TBE0,NA,9.93772064717759,NA
Q8TEY7,NA,3.36171195870844,NA
O15344,NA,17.3253910440529,NA
Q9NR46,NA,17.4183068546296,16.4773302555789
Q92841,NA,11.3428808231929,NA
Q96N64,NA,6.7430231960974,NA
Q5VWQ0,NA,2.18678652751946,1.87799273510479
Q9UKB1,NA,10.943745619958,NA
Q96BY9,NA,22.1527149417552,NA
O94805,NA,18.5007909818276,NA
Q8N6N2,NA,3.29497850247669,NA
Q9C0D0,NA,8.91555982270346,9.44952925068337
Q96C86,NA,13.7459008146005,NA
Q9UHG3,NA,10.0088505202453,10.3448834619838
Q5VUA4,NA,20.1130449939426,NA
Q9HCM2,NA,11.8371090739715,NA
P48449,NA,17.7978870452857,NA
Q684P5,NA,8.47200391288989,8.69918350957375
Q92520,NA,12.1580369930258,NA
Q8NB37,NA,2.75637251221862,NA
Q10469,NA,1.2563121426463,NA
Q9H857,NA,7.35538820654117,7.09428924323757
Q1L5Z9,NA,8.88486971113398,8.92744894731673
Q9NSI2,NA,11.9995224347913,NA
Q9NWU5,NA,16.3937180860723,NA
Q9UKR5,NA,18.4681376189972,NA
Q9UGL1,NA,11.5703228515185,11.762882948333
Q92529,NA,4.80474746701062,NA
Q9H8M7,NA,19.1850885402092,NA
P18433,NA,11.3729648663372,NA
P53677,NA,18.9143700815261,NA
Q96RE7,NA,19.3040172178563,NA
Q9BZM4,NA,9.95592878596627,NA
Q9Y5B8,NA,8.33378403842331,NA
Q9Y4F5,NA,2.96649494770527,NA
Q96C03,NA,12.0185560414713,NA
Q5T5Y3,NA,11.9236579149403,NA
P46926,NA,7.32969915194854,NA
Q9NZI8,NA,3.65771352077998,NA
Q969T9,NA,4.46115448465189,NA
P46821,NA,14.3753037490501,NA
P37235,NA,9.65014505043678,NA
Q92805,NA,2.90728909098026,NA
Q15858,NA,8.14693525916483,NA
Q7Z4K8,NA,10.4359624240212,11.2657671460164
Q9Y580,NA,9.15978227049757,9.01602776951052
Q9H3R0,NA,11.7897678734182,NA
Q96T58,NA,9.9139247743688,NA
Q8NF37,NA,7.17615995908474,NA
Q96FE5,NA,18.7409182763844,NA
Q92759,NA,6.3500646417812,NA
P36873,NA,19.0818002770297,NA
Q9ULJ6,NA,2.56597084340351,3.78916130992754
O14682,NA,18.9309087090881,NA
P10645,NA,14.2302305530265,NA
Q9P1Z2,NA,3.76956386532646,NA
A6NNY8,NA,1.26640983625445,NA
Q8IW70,NA,19.0554353909228,NA
Q53EL6,NA,15.4900303014833,NA
O95405,NA,8.7268611716076,NA
Q14202,NA,13.8788981374468,13.9693224496891
Q14847,NA,5.29071076488667,NA
Q9BTU6,NA,8.96254154169307,NA
Q15386,NA,18.4611470762132,NA
O00203,NA,8.9578042761541,NA
Q9Y2S7,NA,6.55984749625866,NA
Q8IUZ0,NA,19.0885126519905,NA
Q13315,NA,1.87104716094434,NA
A5PKW4,NA,11.4970183651829,NA
O15042,NA,7.5477882969993,NA
Q9BRJ6,NA,17.291927035109,NA
Q96LT9,NA,7.22925157295115,NA
Q6PIJ6,NA,9.2154426476814,NA
Q8TAE8,NA,18.3710202598047,NA
O60347,NA,1.37878175638056,NA
Q8WXG6,NA,11.19630777114,NA
Q9GZN1,NA,2.9962904610877,NA
Q9NRF8,NA,7.5458208090708,NA
Q9NR31,NA,1.62461378150772,NA
Q96P16,NA,20.2088018146407,NA
Q9BWU0,NA,6.11077534867217,NA
Q9Y2Q5,NA,5.52653042050257,NA
Q8NAF0,NA,5.89036734426466,NA
Q9UEU0,NA,11.9816431652397,NA
Q00839,NA,13.8841899854718,NA
P38646,NA,14.6745149085521,NA
Q7Z5J4,NA,6.96706979106533,NA
Q9H3P2,NA,19.2647791349568,NA
Q9Y4C5,NA,2.06300580257502,NA
Q13425,NA,16.641063380953,NA
O94812,NA,20.3639182589007,21.0903643557282
Q6UWE0,NA,12.8717820155229,NA
Q9HAR2,NA,19.6814346928492,NA
Q10471,NA,3.18824602989503,3.60855459036547
Q9UM19,NA,2.25241717119917,NA
P07949,NA,9.57205526650131,NA
Q9Y5I4,NA,10.2758117363111,9.65338660494507
P37837,NA,5.44167258253141,4.59130810776317
P61962,NA,8.99748903887035,NA
Q0VG06,NA,2.20431461379737,NA
Q86XP3,NA,8.02918348256851,NA
A6NHL2,NA,17.9236881811898,NA
Q9P107,NA,1.41707659363013,NA
Q9NUJ3,NA,9.75863489003321,NA
Q9NZN8,NA,19.0650018141603,NA
O14497,NA,11.1475584119798,NA
Q58EX2,NA,7.75330648702223,NA
P22304,NA,2.33280931367363,NA
P56945,NA,7.88972288168756,NA
O95071,NA,9.23194974217619,9.28273945776571
O95989,NA,18.4822387015648,NA
P35052,NA,8.91498773257174,NA
Q9UN75,NA,19.8497342849911,NA
Q5VU43,NA,7.61123245179623,NA
Q9Y2H9,NA,2.21050105851633,NA
Q96FW1,NA,6.517089174454,NA
P78509,NA,1.5871988313394,2.58853679492232
Q14964,NA,1.69811080113718,NA
O95996,NA,11.9178917375294,NA
Q9Y5L0,NA,4.16665301825599,NA
Q96PE2,NA,9.08493787718922,NA
O14733,NA,6.90487151520915,NA
Q6ZTW0,NA,1.51412883316006,NA
Q6ZT07,NA,15.9991814974776,16.2394269610654
P51665,NA,11.7448613073378,NA
Q9Y6K1,NA,5.43886758431622,NA
Q9BQG0,NA,14.3946063378463,NA
Q70CQ3,NA,1.39842226424141,NA
O15126,NA,7.37014644572002,NA
Q6PCB5,NA,2.52483251342175,NA
P15586,NA,18.2845125051728,NA
P22314,NA,6.87362412906018,NA
O43173,NA,3.3759994781145,NA
Q9P2K6,NA,18.7789686461752,NA
Q8N1I0,NA,11.3890675039771,NA
P61160,NA,16.878062718275,NA
O75427,NA,9.60722955977808,NA
Q93050,NA,18.0855210284375,NA
P12955,NA,9.42780528632397,NA
Q99447,NA,1.25010543237072,NA
Q3KQU3,NA,6.57665656155558,NA
Q9Y2X7,NA,8.16929632785083,NA
O95376,NA,6.90292107424481,NA
P52429,NA,4.65552219577512,NA
Q75T13,NA,7.4836831798177,8.09736470928294
P06576,NA,17.0831464881941,NA
Q9NVT9,NA,9.7274106182827,NA
Q8N9T8,NA,17.785888863933,NA
O60716,NA,9.48358547024974,NA
Q9BRK5,NA,2.19518478566597,NA
Q96AY4,NA,3.86667597441284,NA
Q06210,NA,8.41535925766352,NA
Q8N8R5,NA,8.25225387889529,8.74772421292282
O95394,NA,4.60262080734659,NA
Q3YEC7,NA,17.1502243289907,NA
Q9BWD1,NA,15.9973422173974,NA
Q9BXJ3,NA,1.96785362029778,NA
P48426,NA,3.06510929204121,NA
Q96FK6,NA,7.87637102131955,NA
Q9H2Y7,NA,11.8324418034476,NA
Q6SZW1,NA,8.52744561113802,NA
O75592,NA,10.5972415372886,NA
P49902,NA,4.10064275715439,NA
Q8N9F7,NA,11.5482637977818,NA
Q9HCM7,NA,9.75070922401324,NA
P07384,NA,12.337094699762,NA
P61019,NA,15.1718353475767,NA
Q9UQB3,NA,7.53769621665738,NA
C9J069,NA,2.55595190824123,NA
P11137,NA,5.94541701917043,NA
Q12972,NA,2.05464234060378,NA
Q9Y4K4,NA,18.9675439885495,NA
P20337,NA,16.3224966212929,NA
P05067,NA,11.5804244022479,NA
P21579,NA,9.1406615112731,NA
Q6ZW49,NA,9.44205931594533,NA
O60503,NA,1.90334185342333,NA
Q155Q3,NA,1.11732029344781,NA
Q96PQ0,NA,8.54612881992579,NA
Q9NRL3,NA,19.0124377355403,NA
Q8WVM0,NA,4.47838872398269,NA
P62829,NA,20.8510067325012,NA
Q96KA5,NA,18.3199844777211,NA
P35249,NA,14.8007354929734,NA
Q96EC8,NA,2.09974948868875,NA
Q8WUA2,NA,5.7405995870364,NA
P98170,NA,11.6299702544134,NA
Q15208,NA,6.26958414424536,NA
Q15102,NA,6.75242982204309,NA
Q2V2M9,NA,10.8668097165331,NA
P23193,NA,9.95040683418611,NA
Q8WU20,NA,4.20471896727801,NA
Q9C0J8,NA,2.96480366223634,NA
Q9Y4H2,NA,2.43825456304679,NA
Q8N568,NA,11.7704738395247,NA
Q8WX77,NA,1.5904831737269,1.87294760728074
Q658Y4,NA,18.2792845378836,17.7572529868785
O95182,NA,2.96296436779852,NA
P30044,NA,11.1017283925276,NA
Q92953,NA,1.57873529334639,NA
Q9BVL2,NA,2.10165468175107,NA
Q9BXQ6,NA,9.47826478953782,NA
Q9P265,NA,8.15359950758628,NA
Q9Y5Z7,NA,0.637309062274137,NA
Q12931,NA,15.0000669486534,NA
Q6P2Q9,NA,3.04867789822695,NA
P00441,NA,2.73756806602388,NA
Q9H6T3,NA,3.66290001462389,3.45411429038683
O75153,NA,8.95902537250423,NA
Q86SK9,NA,1.41221215017052,NA
Q17R31,NA,9.82820489038388,NA
Q9NPZ5,NA,11.4657194738228,12.2465669557822
Q9P0J1,NA,3.52208316427657,NA
Q9BTC8,NA,4.2738968419093,NA
Q96SB4,NA,9.55084324968029,8.285582074147
P52272,NA,9.66516686064136,NA
P51148,NA,8.51540950497167,NA
P19784,NA,7.84368981084668,NA
Q9UHQ9,NA,14.0651350943031,NA
P60660,NA,1.77818675089641,NA
Q9UPN6,NA,6.11937849186362,6.56589009911495
Q8WU79,NA,19.5415167503752,19.7668489456816
O75054,NA,15.9402416984491,NA
Q01804,NA,0.526625208872428,NA
Q9Y6G5,NA,8.38954958232489,NA
P49116,NA,10.5059934735795,NA
O76070,NA,13.4730570248784,NA
Q9NR80,NA,9.06563621983893,NA
Q9NYJ8,NA,19.4107893068817,NA
Q96NI6,NA,11.1793102556761,NA
Q15554,NA,11.3356498101019,NA
Q6RFH5,NA,19.3028098527332,NA
Q9C0C4,NA,16.8125445594058,18.7552623832924
Q9UPT6,NA,6.46031945887377,NA
Q86UA1,NA,8.46366295551717,NA
Q14C86,NA,8.42763313787419,NA
O95486,NA,18.7208268090455,NA
Q02878,NA,17.3014070653042,NA
Q9NVS2,NA,5.97520972141282,NA
Q9NWQ8,NA,20.1333595124296,NA
Q15070,NA,23.2956382289638,NA
Q9H1Z4,NA,7.60287497063751,NA
Q6IA86,NA,9.4674387908475,NA
O15164,NA,2.00429431469589,NA
Q8NCM8,NA,4.1907204696179,NA
P49641,NA,20.0600904424796,NA
Q5RI15,NA,17.9328191874,NA
P11171,NA,10.634217283359,NA
P31629,NA,9.42185488218133,NA
Q9NZC7,NA,2.05607370992381,NA
Q8NBJ4,NA,3.55124450736843,NA
Q9Y5F9,NA,8.13092122843355,NA
P00387,NA,17.7278677624486,NA
Q9Y250,NA,9.60454989444861,NA
O14531,NA,15.4248536623826,NA
Q5JTZ9,NA,2.34533310176465,NA
O95573,NA,4.3828033475737,NA
Q9BY67,NA,20.014442971673,NA
Q9ULP9,NA,8.08535428277468,6.43177641237917
Q9C0E8,NA,8.2822969010104,NA
Q2M389,NA,4.64656117491896,NA
P61201,NA,11.5337840440166,NA
P51452,NA,9.33698539754765,NA
O94829,NA,1.78374789430163,1.76864821972341
P25098,NA,11.7328975155523,NA
Q9UGJ1,NA,9.75752520786613,NA
Q8N8U2,NA,2.01008160563461,NA
P78310,NA,3.95370124099678,NA
P78417,NA,4.19211722575796,NA
O60264,NA,2.7564662923341,NA
Q9P0J0,NA,2.3947899405579,NA
Q8WWM7,NA,4.28911140215377,NA
O43405,NA,21.0988090295977,21.3785509007553
Q6ZSZ5,NA,8.71981248132278,NA
Q96FJ0,NA,19.6941000409926,18.743174582516
O75037,NA,17.1952073051727,NA
Q9UJX6,NA,8.03472194680262,NA
O60701,NA,5.83642896657874,NA
Q9BXS5,NA,17.0891757265097,NA
Q96GM5,NA,8.40083762810588,NA
Q8TF61,NA,18.7022098685256,NA
Q6ZRP7,NA,7.67292675721646,NA
P62993,NA,17.6839424511117,NA
Q9UM73,NA,10.5860395374971,NA
O95861,NA,12.9184503245512,NA
Q92925,NA,8.15146425026944,7.45194592136886
Q93073,NA,7.49860736049871,NA
Q16512,NA,4.70449250849904,5.42945685021863
Q92890,NA,12.4487859827422,NA
Q16401,NA,16.8796368461152,NA
P29083,NA,18.1845230671602,NA
O60291,NA,18.3654261909679,NA
Q6ZMI0,NA,8.33212773570753,NA
Q9C0D7,NA,8.82760971326325,NA
O60477,NA,10.8040668262049,NA
O43683,NA,18.3292733723842,NA
Q86UW6,NA,7.30553332673525,NA
Q9BV35,NA,0.887664346163682,NA
P0DPB6,NA,0.555419086687282,NA
Q99504,NA,11.5311419620444,NA
Q7LBC6,NA,10.856314556772,NA
Q9NP90,NA,3.16676194776294,NA
Q9UQF2,NA,20.2573339716612,NA
P43681,NA,18.1689833891367,NA
O60245,NA,9.08794064794077,NA
A3KN83,NA,12.3051998802444,NA
Q9Y5B9,NA,6.87988264113651,NA
O43427,NA,8.93459238996984,NA
Q96MX3,NA,8.38949994025679,NA
Q96TA2,NA,5.36688496377112,NA
O94880,NA,17.2385283426288,NA
O94876,NA,9.38139436473137,NA
Q04917,NA,14.8644723576467,NA
O43164,NA,9.94902974515749,NA
Q7L014,NA,6.81549601991575,NA
Q2Y0W8,NA,17.4641383812837,NA
Q96DZ1,NA,9.68518097864044,NA
Q9H6K5,NA,8.94033216915465,9.34441079290111
Q13126,NA,7.71407747629818,NA
Q6P6B7,NA,17.8047473341097,NA
Q9BT40,NA,9.75574212137284,NA
Q6R2W3,NA,8.74914718671624,NA
Q13191,NA,8.94986591328819,NA
Q5SYC1,NA,18.4879566800114,NA
Q9Y3Z3,NA,4.6368853724993,NA
Q6P1M0,NA,17.8862485749693,NA
Q9Y3A6,NA,9.02453737373925,NA
O95502,NA,1.38386008435349,NA
Q96JN8,NA,10.8768543977063,NA
P11274,NA,12.7053927220837,NA
Q92560,NA,6.89901301506105,NA
Q9ULK0,NA,1.36536952777758,NA
O60488,NA,10.660285767461,NA
Q96JK2,NA,8.79659437442945,NA
Q96AX9,NA,8.30907685535277,NA
Q86VP1,NA,10.8857647108778,NA
Q9NUS5,NA,18.9396705433722,18.0151868905343
Q64LD2,NA,10.5853774656854,11.0340076234655
Q5TCY1,NA,8.83888071150987,NA
Q9BQ95,NA,18.2140123937699,NA
Q13523,NA,8.38450462515184,NA
Q9NZ56,NA,6.20150165091019,NA
Q09161,NA,3.78776596677724,NA
Q96E22,NA,10.8186565955939,NA
Q9Y6X4,NA,4.10590057863905,NA
Q96RN5,NA,13.1687182475798,NA
Q9Y5H9,NA,19.3819298522682,NA
Q9Y3A2,NA,15.8957284720468,NA
Q9UQ16,NA,6.43598285315677,NA
Q9H2E6,NA,14.0789692123894,NA
Q96AJ9,NA,18.3117059947921,NA
Q9UH73,NA,2.35799816396665,2.40477381304761
Q9BT73,NA,16.9211334425275,NA
Q9BY43,NA,7.08368374419129,7.29065001378644
P05026,NA,5.85196821424602,NA
P51674,NA,3.85058708196855,NA
Q96P47,NA,17.8396186283283,NA
Q8N608,NA,17.6601538898975,18.1599459984096
P27544,NA,3.02521707383085,NA
Q8TAQ2,NA,8.27910342983707,NA
P40692,NA,7.59988412122611,NA
Q14166,NA,4.99967765752572,NA
O60506,NA,16.3076922070591,NA
O43172,NA,16.303764040867,NA
Q7Z5N4,NA,9.93659809886754,NA
Q9UJA5,NA,10.3604210719689,NA
O75874,NA,12.0651480757738,NA
Q96KQ7,NA,8.24923807004255,9.33471307908409
Q9ULB1,NA,8.87534516486003,NA
Q15648,NA,6.10821457505219,NA
Q6PJG6,NA,19.2581204549366,19.9339456426344
Q9ULN7,NA,10.0259622509459,NA
Q9H3F6,NA,10.667644935363,NA
Q8WU90,NA,9.65417361861456,NA
Q9C0B1,NA,14.6991446020826,NA
Q9BWH6,NA,19.0322966569964,NA
O76062,NA,11.5591049219442,NA
Q6PD74,NA,7.9764413559998,NA
P59923,NA,1.12454427386272,NA
Q8N5D0,NA,20.9307421862498,NA
Q8N0U8,NA,13.2843033328258,NA
Q96PK6,NA,9.34546617806162,NA
Q96KG9,NA,6.45449051284941,7.29808075484917
P49918,NA,10.8348546216796,11.5861900471381
Q14980,NA,10.1903027995913,NA
Q96A33,NA,7.27363875355957,NA
P63104,NA,1.95396307342078,NA
Q9NPF5,NA,8.29322619875688,NA
Q03001,NA,1.31213073716593,NA
Q13485,NA,4.4598872562498,4.8410037998881
Q76NI1,NA,19.4807052395678,NA
P60891,NA,16.1424482566481,NA
Q96EV2,NA,17.8743184349861,NA
Q9BV68,NA,20.2054012122652,NA
P09661,NA,1.79821613670496,NA
P09525,NA,11.4796194719231,NA
Q92618,NA,9.09242995557432,NA
Q15637,NA,6.61151086574644,NA
Q9Y2K7,NA,7.13905269305463,NA
Q14249,NA,10.3318329220105,NA
P22626,NA,7.10957994453535,NA
Q8IZ07,NA,6.68247237916045,NA
Q13283,NA,12.4925820276149,NA
P09651,NA,16.6142589997316,NA
Q15276,NA,3.58275332732585,NA
O00534,NA,11.1426502997892,NA
Q9H425,NA,18.5919495494322,NA
Q9Y2Q0,NA,6.80503490164886,NA
Q9P286,NA,18.6234517510554,NA
P36894,NA,18.8052559652008,18.904615592066
Q8N4S0,NA,0.934862581419401,NA
Q05BQ5,NA,17.4463294952479,NA
Q96F86,NA,NA,17.5655325932789
Q5H8A4,NA,NA,18.69324466464
Q9UHC6,NA,NA,10.3361313848643
Q9HCK4,NA,NA,7.14034677748661
P34059,NA,NA,19.1476383453067
Q9Y2G0,NA,NA,2.83487946410971
O95870,NA,NA,6.6120850693061
Q96DV4,NA,NA,8.6699972611268
Q9Y4F1,NA,NA,4.98148821105976
Q92738,NA,NA,20.6504764088168
Q9H2C0,NA,NA,18.102223871492
O94827,NA,NA,10.0251418546316
Q9NVD7,NA,NA,12.9932506648903
Q13449,NA,NA,5.75887170228904
Q96C36,NA,NA,17.1511331192137
Q96MH6,NA,NA,7.79036166539211
P82663,NA,NA,17.110286727858
Q13705,NA,NA,19.9345225709074
Q9HCH0,NA,NA,9.20306760177516
Q13002,NA,NA,10.2238599156169
Q9ULD9,NA,NA,9.94518867228635
Q9BPZ7,NA,NA,7.75065259587469
Q15345,NA,NA,9.38089067840354
Q8IVL1,NA,NA,9.00724219934105
Q96Q11,NA,NA,2.3837242989497
Q16774,NA,NA,10.1543189360525
P38117,NA,NA,16.9669795285844
O94964,NA,NA,11.3061694002574
Q86UL8,NA,NA,7.56173648535022
Q96P11,NA,NA,8.38981848310824
Q9GZS1,NA,NA,11.997998803724
Q12974,NA,NA,7.92601005279296
Q8N8A6,NA,NA,19.4575374924019
P51991,NA,NA,1.97252100644842
Q6NXT6,NA,NA,8.60886995348201
Q8NDN9,NA,NA,8.64631670311263
O60684,NA,NA,18.124125425615
Q9NUY8,NA,NA,18.2208052976067
Q9H7F0,NA,NA,9.96418418179666
Q6NT76,NA,NA,8.61828024799581
Q96I51,NA,NA,19.4017967229986
Q9H1A3,NA,NA,18.6502606393375
Q9H832,NA,NA,6.16858315148831
Q8WUD1,NA,NA,17.4354434117751
P04035,NA,NA,8.13086843431465
P20338,NA,NA,0.583473679165223
Q12888,NA,NA,14.523621845537
Q00403,NA,NA,18.9341481980003
P49721,NA,NA,8.73124796941645
O60293,NA,NA,2.22722297440176
P36915,NA,NA,16.9703694452807
O75976,NA,NA,2.34786187212344
Q92900,NA,NA,6.36754998677687
Q9NY72,NA,NA,2.67492210195499
O95819,NA,NA,7.83064147275573
Q96BX8,NA,NA,8.81177657647984
O75688,NA,NA,7.89082872406944
Q9NXH9,NA,NA,13.1590289586898
Q8IVL0,NA,NA,8.61649259018636
Q9BYD1,NA,NA,9.48143404149514
Q96HE7,NA,NA,5.85950689141162
P53804,NA,NA,9.78742823509731
Q9Y4P1,NA,NA,16.3643774511545
Q6P995,NA,NA,8.05937706816806
Q5T8D3,NA,NA,18.7099290316863
Q86VS8,NA,NA,5.84255524749937
Q9Y2G5,NA,NA,0.931160359086431
Q7Z460,NA,NA,15.670569513416
Q5VSG8,NA,NA,12.2436983405922
P05165,NA,NA,1.27964102804076
A2RRP1,NA,NA,6.63182225689843
P23743,NA,NA,10.6214721941805
Q9UI08,NA,NA,7.60300109896396
O95983,NA,NA,10.8738142664356
P09471,NA,NA,6.26872675775839
Q86V59,NA,NA,4.03159507956477
Q8WZA1,NA,NA,1.97264698834187
Q9P0K1,NA,NA,8.15018043451398
Q8N3C0,NA,NA,2.38223933879204
Q9NZ94,NA,NA,11.1814370138102
O43913,NA,NA,7.93766474336034
O15550,NA,NA,21.9304000380879
P61106,NA,NA,12.9981130355604
Q9ULI0,NA,NA,5.55805961442937
P15260,NA,NA,2.53841156357284
Q9Y547,NA,NA,8.94798732659666
O95864,NA,NA,2.59888987464088
O94991,NA,NA,8.7961622519257
Q8IUR7,NA,NA,7.98885437187702
Q9H2X9,NA,NA,11.9623337929248
Q9BQI5,NA,NA,18.5730280042564
