PG.ProteinGroups,Ratio_log2_x,Ratio_log2_y
Q96CX2,19.554941423727,20.3261430828515
Q9Y4C2,7.76822742324922,8.74426291417925
P40925,17.5626161379671,NA
Q14318,7.99017694733205,8.72180986421771
P08579,6.31808325746289,NA
Q9BRJ7,3.52742922821876,4.35474046194636
O95155,17.8617904945724,18.8191296739354
Q96Q42,9.35268533404046,NA
Q9Y512,8.70672968185738,NA
Q9HA65,7.2107014433852,6.90202251097053
Q9NRN7,19.0460414870215,20.0313202375324
Q06455,20.8285161746081,21.9521783513944
Q9BWM7,18.1803423471456,18.8027290615464
O94856,18.5388919354812,18.9173319036682
Q92604,18.2078083561477,18.3018575834164
P54105,17.9763376704911,18.9173047485667
P19086,3.26034966050718,3.27243997327265
O15498,16.9735942913825,17.9752844837125
Q24JP5,3.48412745070813,4.20395418568792
O95297,6.55187232816156,7.17059170986985
Q9NPH2,18.7400692922489,18.9740597251123
Q8N806,11.9308156302362,NA
Q14671,6.44187719905663,6.18071612771053
O43924,14.6988918905809,15.9564005019195
P47756,8.37426368306503,8.98847051414147
P26196,8.29318888126743,8.22420265331623
P09104,14.2767343915876,NA
P11413,6.87738221080406,7.33530859969237
O94776,7.62504718198813,8.40217631550791
Q9H6U8,16.9092694931248,18.557304480689
Q9P291,10.7127596501768,12.7424993007617
Q68D91,17.984686134334,18.5538724147182
O75326,6.15838458942356,NA
Q9UPW5,7.02720635113341,NA
O60231,9.47471865483546,10.0950618475901
Q9Y4X5,11.577150482222,11.7125118848452
Q96MZ0,17.4441690659843,18.3081485309363
Q86Y82,19.1262359565064,20.1305107323947
Q8NCB2,5.47897843007123,6.94340129003677
P25787,8.40871076869711,NA
Q8IV08,19.2547741331695,19.9979387155724
P51149,7.25863130592962,8.25651522750477
P13489,7.35211632196674,7.87877918528003
Q9Y3A3,16.517695966581,NA
Q96B54,8.75704143268415,9.31950507471053
O15394,9.54790392497819,10.1952172720035
Q15771,18.8269131122924,19.9770666352034
P63096,17.9157517599023,19.1787216584614
P52292,9.27458503358789,9.48482436851705
Q13586,18.2210315127132,18.5920725009882
Q96SW2,18.9614603821356,19.699983534336
P51812,18.8354202336739,19.7382346796963
O43292,4.63646940650817,5.26882810087621
Q96MY1,20.5399451763101,21.1225153655264
Q9UQL6,4.60773354031738,NA
Q13951,18.5774052332427,NA
Q9H2V7,18.8024044915907,19.4344699939056
Q9UI30,18.507126199427,19.1845897947739
Q96S59,3.36542040243861,3.96755236215042
P51116,6.12502516762216,6.91867564554164
Q8TAD8,19.3471984634408,19.5866356451136
Q5JU69,18.2654790276889,19.6510463688783
P19404,15.5673547719467,16.4830499337153
Q9NP72,4.62958587267064,4.58771585781381
Q9H0E2,18.6888776536833,19.5535950699442
Q8N350,2.3478181780133,NA
Q8NFT8,4.52869339823341,4.88305263143388
O00560,15.7125610539035,17.2049956292163
P51784,5.74505104163231,NA
Q6IEE7,3.82238224417898,4.35720905561319
Q8NFZ8,19.2734362996864,20.4522192046031
Q9BTT0,15.7412550479299,NA
O75164,18.8015779154488,20.0721760888583
Q8TC26,6.11935925832395,NA
Q92993,17.7048001354972,19.0239436628133
Q8IV32,4.70899649960213,5.01108689957878
Q9P2S2,7.56304815733983,8.75059982506585
P42224,11.3795536721636,11.5340355580487
Q9HCD6,6.65534144006882,6.97875872091339
Q8IVW6,8.17655017038943,NA
Q96IG2,8.84251493716097,9.16564235738854
Q86U70,12.9967150371872,13.0472866643386
Q8N2K0,8.35135625596714,8.90686548714748
O43526,2.55110269144683,NA
Q9BYV9,9.45422103927675,10.0445821898961
P61006,17.7469912438271,19.1137766329929
Q9P2Y5,11.329956136789,NA
Q14344,7.01877980816567,7.52872575054392
Q96PB7,1.03429190925355,1.5792888324971
P50542,7.24131342160063,7.79637386799916
Q9H4M3,4.07973632853851,4.76368883911065
O00506,8.09016038129546,8.41940727617069
Q9P0I2,18.1369262280194,18.951549276902
Q6L8Q7,12.7797654049499,14.6538920801266
O43252,10.8709783697087,11.862425577058
Q01082,4.4574422634042,NA
P61018,3.79427490052969,NA
P56211,6.89888938555595,6.8408551877289
Q9H3K2,6.4372592246722,7.6550604481003
O94985,3.084974754929,3.83269112382441
Q9Y3I1,11.3240710798946,12.5508904922072
Q9BZA7,7.36824055576422,NA
P07858,17.4757229926705,17.4074818736532
P38606,8.63064383747338,9.95182449110413
P42229,3.00444309934638,NA
O14775,3.546436089597,4.57218072302775
Q9ULU8,7.27871412958007,7.69145795788306
Q9Y315,16.3136932527999,NA
O96005,5.48461112042792,5.80751016409235
Q92945,8.59721683329482,8.86556443872311
Q8IUH5,19.2027007918884,20.0556562132668
O94898,18.9601829057588,19.4480228279981
Q9UDT6,2.33966050429846,NA
P35716,2.96071493097073,3.64192387114788
Q9Y3C6,8.09251777887225,9.0710503896997
O75746,8.7855818930543,NA
Q86XL3,8.88683957095745,NA
Q13895,10.1057113176657,10.5980436591302
P26378,19.3129369683654,19.940341551115
Q86Y79,9.16214810738854,9.57268808770809
Q96S55,6.87421974734894,6.98857656022039
Q9UQ35,18.0595434710845,NA
Q92879,18.0098217353578,19.4820174736376
Q92616,1.91417968742422,NA
Q9ULH0,12.2700418945931,NA
Q9Y2H5,19.9522016219225,20.6140481088538
Q9BRK4,10.2636571496239,NA
P48664,19.4737818372518,20.6204267225025
A1L0T0,7.58192224821238,8.39178742677788
Q6PI78,9.08010563729684,9.28024063058564
O14525,3.04156409216144,NA
O94910,19.6851198469662,20.2113834856266
P50148,17.4920716633114,18.1884906544473
Q9UHV9,16.3460980864337,17.7754584861355
Q9GZM8,11.572051052936,12.0752984261774
P15822,7.16290028103893,NA
Q9Y6D9,18.2198769541435,20.2858664831579
Q14137,2.05031112583077,NA
Q9Y216,2.78687856225226,2.92774090703784
Q13526,17.7018083757833,18.7175111590185
Q969G2,19.4559009597006,20.8266050246522
Q9NZV5,1.80023174389314,NA
Q04637,13.7674319642355,NA
Q08174,4.51795001817003,4.65172488278062
Q6VAB6,7.53128922217087,9.20013992014237
Q96GS4,17.2497893981207,NA
Q96DE0,18.615417140796,19.0632065670496
Q5T3F8,3.11841031239719,4.20180384510692
Q9HCN4,16.9786269846747,17.4868176114019
Q9UI10,17.25852124481,18.4757830122411
Q8N158,10.1521337959003,10.4557703491319
Q15262,11.0679349280876,NA
Q14728,7.47030190025269,8.43051625802125
P57678,3.32186852608733,3.89899421640856
Q9P2G1,11.2708117652787,NA
O00264,6.81697180851728,NA
Q6PID6,18.4376395769398,19.94056326495
Q8IUL8,9.95565173543388,9.97534504334583
Q9P2R3,6.92109997665191,6.9254161351843
Q6YN16,24.4172735141577,NA
O43301,3.85580411227692,3.38827522155846
P07741,17.5132715708797,17.7087468368006
P18669,1.21141022167515,1.23404580309944
P56159,7.11061309108491,8.33433532914564
Q9Y693,13.5791123096563,NA
Q86UN3,9.05977647720736,NA
Q9H444,3.50610574305038,2.93691750310609
Q7L775,18.3186703364127,19.188539295079
O75182,19.1771707754346,19.8047289109104
P68106,17.997539958457,19.4552372774853
O60422,1.24767505016044,NA
O43639,7.11583903242626,NA
Q53FT3,8.33765477696957,9.39038551816018
Q12926,18.7676562982528,19.6694799664484
Q06136,4.83662690694498,NA
Q13838,8.93997177896787,NA
Q9UHR5,18.3551598755773,18.818456420906
Q8IXK0,3.2788352177756,4.48985485684528
Q9BU61,11.6303809243302,NA
Q9BR01,1.46158124310798,NA
Q15257,4.74003796229306,NA
O00233,17.5162123442543,18.7387596612149
Q9ULK4,9.40482441020077,NA
Q96FT7,17.3464202194478,NA
O43602,8.71920762961496,9.38457304767018
Q9BX66,12.1257886022745,13.1410453225187
Q9P0J7,7.62308276431307,8.29575377154221
P52597,6.08593924529033,NA
Q5VTL8,18.2664874999847,19.1664338744652
O95248,12.2831013371468,NA
Q9P2G3,7.2996743592939,NA
O95336,17.0500521754384,17.8085229372521
O00451,18.1937286835432,19.944361726258
A6NJT0,7.22842788067479,8.07091896267797
Q8NI37,4.67961859142889,NA
Q5K4L6,10.9082325321029,NA
Q06587,18.8974725029731,19.380973806025
O75038,1.5656169927245,NA
Q8TEW0,11.6425900228189,12.7107422528435
Q8IYB1,10.357161354511,11.8559702809994
Q13596,5.7428077097621,NA
Q16799,8.99152885648764,9.25316069594045
O14628,0.88865258217229,2.09418734867098
Q9ULU4,1.96002759448207,NA
P24928,6.42682161611799,NA
Q9HBE1,10.2851780054871,10.8900089662943
O43929,3.69301114966616,4.27288606278265
Q9HCJ2,22.8585168682829,NA
Q8N8L6,8.4166424783399,NA
Q9UQ03,5.39048649252435,NA
Q9P2N5,19.2219752927402,19.6413787675838
Q9H6J7,0.596056292385924,NA
Q9NYQ7,5.91854815066992,7.36846485620807
Q13501,1.28621703328979,NA
P12270,1.98346802780176,NA
Q9NZ53,9.27883482229191,NA
P46379,8.18527314233158,8.77470435167606
Q9H496,10.9666607885109,11.7542362435448
P02786,10.5010166762496,10.8403558054992
Q8WUU5,10.4755226545217,10.3350719642728
A1L020,9.95039898378586,10.4400562487845
Q9ULI4,9.15146599653389,10.536673169953
Q9Y376,8.62012345570992,8.82726226018803
P24666,2.3130479471109,2.59965990112017
Q92558,6.17986937053492,7.94927910295056
Q9UP83,1.88342969909492,NA
Q9Y4F3,9.48048067722188,9.22166839078098
O94868,2.59508576936171,NA
Q8WUN7,7.20885700517765,NA
Q16706,1.90629187973267,NA
Q15126,17.8555793665639,18.6430288203449
Q16555,5.31156066074515,7.53487505644876
Q16718,1.73733188103566,2.16070795528561
Q9BRD0,1.48439178798154,NA
Q12797,1.67853250372716,0.430819378846404
Q86VW0,4.40987078091608,4.5336240957737
O94953,10.8393863589969,12.2783329096354
P36954,4.52129414258469,NA
Q8NFP4,7.50488986603513,NA
Q02127,10.7369419139502,NA
O15173,6.65746696507617,7.87947055120853
P08243,3.99091688080997,NA
Q13569,4.8410274990917,5.00813221026427
Q9C0I3,1.13722286038501,1.60349047519258
Q02543,2.45909054401739,3.4275385360822
Q9NRW7,6.44294275408462,6.73483876765113
P16298,17.493518128195,18.2945198468632
P18074,6.77636954178168,NA
Q96K37,18.49739930483,19.2347454536803
Q8WYK1,9.64170485631644,10.3705357552598
Q13825,7.62900998034826,NA
Q86TN4,1.19362395018912,NA
Q6Y7W6,14.6666306137779,15.2089498010302
O15068,18.6822858167461,NA
P16949,3.54036649319528,3.80867387324612
Q15560,12.2052578932759,11.6015431056995
O15213,3.10329154832189,4.19167526488389
P31930,2.40096777544999,3.2020904391876
Q9Y496,2.43552268918607,3.63474892528154
Q8N1G4,17.1456539131835,18.3306674873786
P28799,0.427921879701234,0.502999918206951
O94952,9.90054790562291,NA
Q9UKE5,1.93784070294134,2.44880943113073
O75385,12.7245865337827,NA
P25705,15.9598762189088,NA
Q5JU85,10.7650886714897,NA
Q9NQG5,18.3184732239295,19.3389065866519
Q6ZN54,1.35610898080294,1.34257072652469
P36639,12.0367693925126,NA
Q99873,3.9191851119356,NA
P55011,1.20899298793117,2.09802171214339
P43004,8.19854458185539,NA
Q12765,17.2873721015043,18.4783907945261
O75390,8.26076580225904,8.41422020879629
Q86V97,4.9530653334665,NA
O75093,19.1629400009273,20.6467369889581
P62701,14.6395727133022,NA
P35222,12.8091127060326,13.1857734754781
P48730,10.7603756377306,NA
Q99733,2.6561799811494,NA
Q96A35,6.39910926548927,7.12738723816306
Q9Y5R8,0.503214639058988,0.49810367704757
Q9H4A3,4.23082279661733,NA
Q8WXI2,2.16218449227398,NA
Q9Y2B0,16.0579288831307,18.3792489402175
Q13492,1.66059414555982,NA
Q9NXG6,9.34468979360289,NA
Q52WX2,19.0388033489474,19.5305409230905
Q9P2K5,6.06223614880141,NA
P60510,7.88712593537146,8.84256034699211
Q9UNF1,16.7638685619778,18.8140823345825
Q6ZVC0,1.57359765679097,NA
Q9BU76,6.22971424382776,NA
Q8NBI6,18.5399171596555,19.605759906142
Q96F07,6.37122033456452,NA
P84095,12.4091496559159,NA
O43920,1.44654257176315,2.07899460134666
P61086,3.62851990765356,3.96615080104706
P22695,16.638041952599,NA
P42892,18.6492564695872,20.5035536811007
Q8N0Z6,7.69189458708399,NA
Q96NX9,9.61083433938233,NA
Q00610,11.6130982188527,13.1886954940229
Q15819,2.44205660001343,2.93565027301949
Q9UBB9,6.25157081654142,NA
P29401,6.63812776182805,NA
Q5TGI0,9.88257821427877,10.4833762220854
O43310,5.94419604727941,6.43412253823436
Q6ZNB6,1.12527502263504,NA
Q719H9,1.53412259747256,1.84963369237337
Q9H9T3,17.2688856932837,18.3918215719221
Q12852,18.2899200953276,19.5376399038419
O75347,4.34304799031574,NA
Q86X27,1.14733727812679,NA
Q8N1B4,18.4336681080778,NA
Q12824,2.42280934290812,3.34953914426049
Q04656,2.79042655182278,NA
Q8WXF1,6.75304133574991,7.33757098964051
P07738,4.51701778713994,NA
O95782,13.2537481785308,15.0851589622878
P30153,13.1243351188609,NA
P10586,7.16104678920976,7.75377557150694
Q99856,18.9187159955441,20.526149824296
Q9BQ39,8.3571943616534,NA
O00116,1.46036972845358,NA
Q15717,6.09953510586039,6.98104517614163
Q6P1X6,5.05132995869283,5.78641019675993
Q9BXB4,4.63946114754541,4.59646856688306
Q96CT7,13.208529801031,NA
Q9C0C2,5.83713973407037,7.01151239883
Q5JSZ5,9.31009353143007,10.1954032058598
Q15048,5.10495367618432,5.93136027179054
Q96GD3,12.1601693343165,12.4749079232736
P59998,3.58192297203955,NA
Q6NUM9,6.00938767597867,7.70702732180938
P36578,4.54051568185015,NA
Q8IXQ5,2.05418385113075,NA
O00170,5.1360810729824,NA
Q9H4L4,5.55771711101458,6.16744440173516
Q9BWE0,21.4550907132094,NA
P14416,7.17832767264265,NA
P30876,17.9880941994097,19.2337750145885
O00743,17.2792604206242,19.6310607055825
Q9NXG2,11.2568713870567,NA
Q9H3P7,16.5878604703908,NA
Q9HCM3,10.248915376692,11.6083074461282
Q9HAT8,12.1619066766638,13.3203450235746
Q92845,9.72043919034945,10.7790933864598
O43854,8.85016646608492,NA
Q15643,6.23095687060813,NA
O94766,9.12192589490308,9.79861535787369
O00429,3.56070041812786,NA
Q9NR28,7.71061444364227,NA
P31150,15.1308418628029,NA
Q59EK9,12.3986421298539,13.6289672332481
Q5JRA6,12.491621335701,NA
Q15067,8.04170591778464,8.3738558838605
P30040,18.0450119648096,18.3133477116319
P0CK96,0.954135192749292,1.32832442559819
Q9UPV7,1.54126440245123,NA
P09874,3.95043718123594,NA
Q9NS86,6.45424557854984,5.79746413682753
Q9BSV6,3.19989861154394,5.30534657296488
Q7Z7L7,9.14410707747965,NA
Q86WA8,17.7959447843785,18.4688831272284
Q13310,5.51705928305115,6.75272715390322
P49458,19.089494825638,19.6620778281058
Q13242,14.745035166641,NA
P53990,4.55142531834027,NA
Q96A83,10.4578255062792,NA
Q15631,3.71070671674584,4.61006097688824
Q9UKG1,2.26318342144073,NA
Q8TBP6,5.37867045342153,NA
O14576,5.11724526500725,NA
O60299,9.8525241688793,NA
Q15120,7.58787382141553,NA
Q9Y5X1,17.3117846235685,NA
O43155,20.4062619580345,NA
Q9UBI9,9.39788532059634,9.21656847214757
Q8IYT2,11.9335530593601,NA
O00213,9.84919908855903,10.0853971440938
P04843,5.86427475144442,NA
P17612,13.6845767439142,15.1758737786457
Q08629,10.3025762888309,11.012708118571
P61916,4.14229161174793,NA
P78344,3.40190571189231,NA
Q8NEY1,7.54464759287873,6.88115828907794
Q8IXT5,1.79539259051991,NA
P98172,16.889924410878,NA
Q99567,5.28067347085889,NA
Q6F5E8,16.0894079351929,NA
Q6KCM7,1.29576304956184,NA
P54756,2.21896143912318,NA
Q92997,3.43884123520926,NA
Q96SU4,8.03499424440338,8.66869591843705
O95373,2.52468578757001,NA
Q9NW61,0.994320764229491,NA
Q9UBF2,6.0103186802237,6.28377562876326
Q9GZT9,18.3468678570229,NA
Q14108,17.8439939681696,18.1486314638852
Q9NUM4,1.6180234138434,1.79163164976479
Q9UNF0,10.6058637096978,10.9678749908236
Q8NEZ5,17.3032644118627,18.5778010045153
Q9BW62,13.5095003908101,NA
Q12955,2.16082571823176,NA
Q9UQ80,10.8558379976714,NA
Q14576,15.7626668039271,NA
A8MW92,7.97248087451597,NA
Q9P2Q2,15.5810124479317,18.9243559006804
Q8IVU1,8.99494082779519,10.7196041168925
Q2NKJ3,0.697380986204459,NA
Q99569,8.77950715393381,NA
P63151,6.836777159911,NA
Q6N022,5.07434020756639,5.19096676651664
Q9UPU3,1.59359247629652,2.38451139593696
P17706,2.66187297757501,NA
Q96EZ8,10.3444827601844,NA
P09001,4.27844890905825,NA
Q9UKV8,3.21428364075807,NA
Q96ST3,7.02967298480181,8.12350820004665
O14522,9.06867595638166,10.1702349213601
Q6ZSY5,6.8754592295487,7.21567622695497
Q9H1B7,12.2955098726843,13.2509595080768
P53999,4.80651216304868,4.7934103672692
P06241,7.40783610333011,NA
Q9NYB0,9.74728289964938,9.7378753895032
O15027,10.6523569007841,11.4130353369312
P61247,NA,17.0928036502336
O43312,NA,19.0004778355529
P62380,NA,19.5739285163208
O15020,NA,17.7602817236907
P14735,NA,19.5086277751197
Q96S90,NA,19.8342884691334
Q9UJ41,NA,6.43358252398923
Q8IWT6,NA,19.1482888189607
P48634,NA,7.77152476884751
P51513,NA,13.5630457809844
Q9ULJ7,NA,10.1259932611682
Q86UU1,NA,9.10375175726758
Q75VX8,NA,9.070511235553
Q9HCG8,NA,9.06805814323362
Q9GZZ1,NA,7.55642803376807
O00571,NA,20.1368636902674
O94813,NA,18.6596572408797
Q7Z5G4,NA,19.4465975307711
Q9H8M5,NA,8.2735743302824
Q07866,NA,6.8554871270503
Q8IXH7,NA,10.8928008445338
Q9Y285,NA,18.0722553873577
O14730,NA,3.07892225948037
P13798,NA,9.12597049852443
Q8IWA4,NA,11.5307611355916
Q2TAL8,NA,4.05563250061427
Q76G19,NA,10.9667061630869
Q8NI27,NA,18.7785199127652
Q6P1R4,NA,9.15776995881126
P78559,NA,6.91697452790915
Q7Z6M1,NA,8.96145662913976
O60828,NA,2.75195612707037
Q16827,NA,5.60845759981174
O00273,NA,18.4404616764367
O75190,NA,19.9414683254149
P22694,NA,6.65157063212095
A7MD48,NA,9.28513464574094
O60216,NA,8.48417167010018
Q8NFG4,NA,10.9197729574384
O15379,NA,6.7528510570709
Q9NWZ5,NA,19.2827921180343
Q9GZL7,NA,23.8851728110472
Q9UL46,NA,3.24721168557344
Q13873,NA,14.6107535231622
A6QL63,NA,4.83923588641666
Q08379,NA,20.4093470910372
P55786,NA,17.4708792923574
Q8IU81,NA,9.96604063086624
Q9BUZ4,NA,9.71418416231713
O00255,NA,8.88286974190098
Q9Y6M1,NA,3.24281953283187
Q8N5A5,NA,8.12800434932798
Q99848,NA,18.6447325481121
Q8N9I9,NA,4.44759124030148
Q9UGH3,NA,9.53352733547796
P63010,NA,10.9388814298192
O75489,NA,17.5456441449232
Q8TDN6,NA,2.03397842267783
Q9Y5V3,NA,7.68767082453201
P22307,NA,9.29686877969457
Q92785,NA,8.21912828392978
P48729,NA,20.0646238405104
Q92609,NA,4.15982171094068
O15270,NA,19.6328548403062
Q9NZ63,NA,11.4393403463792
O60927,NA,5.58703618790206
Q6UXD5,NA,6.58409729731709
Q9P258,NA,9.26725349867969
Q9Y4G8,NA,12.9090829319238
P78356,NA,8.18583836188806
P60880,NA,14.0039774971849
P00367,NA,3.83386493642229
Q9H5H4,NA,19.5854858469851
Q9NYY8,NA,8.29798794367125
Q9UMN6,NA,19.4250412181498
P98175,NA,8.63503402181002
P17405,NA,3.99856839438959
O75044,NA,2.78100056251154
Q5T7P8,NA,19.2093693812666
Q9Y2I1,NA,19.8821009876465
Q8N5J2,NA,10.064596620826
Q9BWF3,NA,14.3837944356679
Q643R3,NA,19.2732206573526
P45954,NA,4.71622121877382
P62937,NA,8.64301098589235
Q9UI36,NA,8.02439314195954
Q9NVG8,NA,9.8852822398636
Q86UK7,NA,8.56237259980628
Q7Z5K2,NA,8.07196272223177
A6NGN9,NA,13.0852029462325
P23470,NA,19.6318489544865
O95721,NA,6.3993916510622
P11117,NA,8.05237006401438
P43034,NA,1.8515877919205
Q9UJC5,NA,15.919284177712
P18615,NA,7.83118432321347
Q8N5H7,NA,9.39368622318373
Q14BN4,NA,10.0329724816622
P50607,NA,0.811619530668115
Q9UBU9,NA,8.16424140000193
Q5SQI0,NA,16.4685730432229
P52701,NA,11.097665117348
Q6NTF9,NA,16.5105014479576
O15260,NA,11.7919326284169
P34931,NA,12.8077891722359
Q5VTB9,NA,6.42656747957714
O60858,NA,4.99264926904034
O75376,NA,1.71256967975424
Q96CU9,NA,11.4107002375537
Q9BRX2,NA,4.06762177618154
Q9Y5W9,NA,9.93317923307661
Q9HBU6,NA,15.4083898689063
P46109,NA,7.54296391738615
O14828,NA,1.15456060753336
O14735,NA,7.05065199384101
Q2TAY7,NA,17.6079666455659
Q14CW9,NA,2.73282156213571
Q9H254,NA,1.18881679399041
Q9BRL6,NA,18.637247234457
O95372,NA,16.5051937337886
Q86U90,NA,8.57173699706076
Q15788,NA,4.37678554913014
P49840,NA,10.1051152240124
Q5M775,NA,10.5044788896374
A1A5C7,NA,9.46155061288845
Q6DKJ4,NA,2.69325125315783
Q9H1D9,NA,11.7730299901284
Q9Y2U8,NA,15.2017908378183
Q9H165,NA,11.4463263576146
P60763,NA,18.6980576206885
P48454,NA,4.80978572121442
Q86WR0,NA,11.0655662298659
P50579,NA,8.56304687334676
P57771,NA,18.8373334222066
Q9H1V8,NA,1.08587929954246
Q969R2,NA,17.3072740394198
Q9UBB4,NA,19.4335449072166
O15400,NA,19.2510097255449
Q14331,NA,17.4336516456379
O43505,NA,20.6226174081285
Q9HD20,NA,6.92980999566067
Q6IAA8,NA,18.7367294452491
Q8N9V3,NA,20.4204933872067
Q7L3B6,NA,13.8319664848506
Q96JQ0,NA,2.91084874467602
Q147X3,NA,19.4459166127063
O14782,NA,20.4494021189325
Q8NC96,NA,4.3528759612948
Q7Z7K6,NA,1.61948611254605
Q8IZD9,NA,7.55369579141165
O00750,NA,18.7404774342126
Q8NFP9,NA,6.18001591679484
Q99497,NA,17.0194754945829
Q9BRQ0,NA,3.18910990671867
P26358,NA,10.4695513942777
Q8WWI5,NA,18.3795977901758
Q9NX40,NA,19.3031240146317
Q8IWZ3,NA,7.07833920823734
Q9HCK5,NA,19.2367330715739
Q96M27,NA,17.5585928594833
Q674X7,NA,19.0648679109849
Q96JJ6,NA,1.82695337344897
P61129,NA,13.0638703559039
P78318,NA,6.08301035624179
Q8N1G1,NA,19.4225505823509
P35790,NA,14.3518246299875
Q6ICG6,NA,19.669462810492
Q9Y4D8,NA,8.24051255302644
Q8NCA5,NA,0.963143126596053
P14373,NA,6.73161736738584
Q8IUD2,NA,15.7800196518754
P09012,NA,3.34870580084661
Q9NP66,NA,10.4096640040875
Q02790,NA,4.76652183730979
O95758,NA,2.14410390350071
Q9BUN8,NA,1.51533859838154
Q08945,NA,5.67687572228216
O75179,NA,9.85005178367167
Q96F63,NA,19.8229232021281
Q7L523,NA,18.1566217358624
P55795,NA,19.145504777467
Q15393,NA,6.38137648463218
Q8N9I0,NA,4.40907695343668
O75396,NA,9.16088241150575
P35813,NA,5.19508628394327
Q9Y6I4,NA,10.3672065219122
O14979,NA,15.6994056302705
Q9NRG7,NA,17.6017791156268
Q14686,NA,1.09632741681051
O95402,NA,2.30601768322237
Q9UPP1,NA,9.45536001609812
Q6P1Q0,NA,11.308588526459
O15399,NA,11.1854947022132
P49327,NA,16.6873583189548
P29372,NA,19.4560774493862
Q9NV06,NA,18.111082155624
P23443,NA,2.46125556240311
P05060,NA,11.9258201575562
P07437,NA,3.0669910073357
Q14669,NA,18.7934828678075
Q2TBE0,NA,9.93772064717759
Q8TEY7,NA,3.36171195870844
O15344,NA,17.3253910440529
Q9NR46,NA,17.4183068546296
Q92841,NA,11.3428808231929
Q96N64,NA,6.7430231960974
Q5VWQ0,NA,2.18678652751946
Q9UKB1,NA,10.943745619958
Q96BY9,NA,22.1527149417552
O94805,NA,18.5007909818276
Q8N6N2,NA,3.29497850247669
Q9C0D0,NA,8.91555982270346
Q96C86,NA,13.7459008146005
Q9UHG3,NA,10.0088505202453
Q5VUA4,NA,20.1130449939426
Q9HCM2,NA,11.8371090739715
P48449,NA,17.7978870452857
Q684P5,NA,8.47200391288989
Q92520,NA,12.1580369930258
Q8NB37,NA,2.75637251221862
Q10469,NA,1.2563121426463
Q9H857,NA,7.35538820654117
Q1L5Z9,NA,8.88486971113398
Q9NSI2,NA,11.9995224347913
Q9NWU5,NA,16.3937180860723
Q9UKR5,NA,18.4681376189972
Q9UGL1,NA,11.5703228515185
Q92529,NA,4.80474746701062
Q9H8M7,NA,19.1850885402092
P18433,NA,11.3729648663372
P53677,NA,18.9143700815261
Q96RE7,NA,19.3040172178563
Q9BZM4,NA,9.95592878596627
Q9Y5B8,NA,8.33378403842331
Q9Y4F5,NA,2.96649494770527
Q96C03,NA,12.0185560414713
Q5T5Y3,NA,11.9236579149403
P46926,NA,7.32969915194854
Q9NZI8,NA,3.65771352077998
Q969T9,NA,4.46115448465189
P46821,NA,14.3753037490501
P37235,NA,9.65014505043678
Q92805,NA,2.90728909098026
Q15858,NA,8.14693525916483
Q7Z4K8,NA,10.4359624240212
Q9Y580,NA,9.15978227049757
Q9H3R0,NA,11.7897678734182
Q96T58,NA,9.9139247743688
Q8NF37,NA,7.17615995908474
Q96FE5,NA,18.7409182763844
Q92759,NA,6.3500646417812
P36873,NA,19.0818002770297
Q9ULJ6,NA,2.56597084340351
O14682,NA,18.9309087090881
P10645,NA,14.2302305530265
Q9P1Z2,NA,3.76956386532646
A6NNY8,NA,1.26640983625445
Q8IW70,NA,19.0554353909228
Q53EL6,NA,15.4900303014833
O95405,NA,8.7268611716076
Q14202,NA,13.8788981374468
Q14847,NA,5.29071076488667
Q9BTU6,NA,8.96254154169307
Q15386,NA,18.4611470762132
O00203,NA,8.9578042761541
Q9Y2S7,NA,6.55984749625866
Q8IUZ0,NA,19.0885126519905
Q13315,NA,1.87104716094434
A5PKW4,NA,11.4970183651829
O15042,NA,7.5477882969993
Q9BRJ6,NA,17.291927035109
Q96LT9,NA,7.22925157295115
Q6PIJ6,NA,9.2154426476814
Q8TAE8,NA,18.3710202598047
O60347,NA,1.37878175638056
Q8WXG6,NA,11.19630777114
Q9GZN1,NA,2.9962904610877
Q9NRF8,NA,7.5458208090708
Q9NR31,NA,1.62461378150772
Q96P16,NA,20.2088018146407
Q9BWU0,NA,6.11077534867217
Q9Y2Q5,NA,5.52653042050257
Q8NAF0,NA,5.89036734426466
Q9UEU0,NA,11.9816431652397
Q00839,NA,13.8841899854718
P38646,NA,14.6745149085521
Q7Z5J4,NA,6.96706979106533
Q9H3P2,NA,19.2647791349568
Q9Y4C5,NA,2.06300580257502
Q13425,NA,16.641063380953
O94812,NA,20.3639182589007
Q6UWE0,NA,12.8717820155229
Q9HAR2,NA,19.6814346928492
Q10471,NA,3.18824602989503
Q9UM19,NA,2.25241717119917
P07949,NA,9.57205526650131
Q9Y5I4,NA,10.2758117363111
P37837,NA,5.44167258253141
P61962,NA,8.99748903887035
Q0VG06,NA,2.20431461379737
Q86XP3,NA,8.02918348256851
A6NHL2,NA,17.9236881811898
Q9P107,NA,1.41707659363013
Q9NUJ3,NA,9.75863489003321
Q9NZN8,NA,19.0650018141603
O14497,NA,11.1475584119798
Q58EX2,NA,7.75330648702223
P22304,NA,2.33280931367363
P56945,NA,7.88972288168756
O95071,NA,9.23194974217619
O95989,NA,18.4822387015648
P35052,NA,8.91498773257174
Q9UN75,NA,19.8497342849911
Q5VU43,NA,7.61123245179623
Q9Y2H9,NA,2.21050105851633
Q96FW1,NA,6.517089174454
P78509,NA,1.5871988313394
Q14964,NA,1.69811080113718
O95996,NA,11.9178917375294
Q9Y5L0,NA,4.16665301825599
Q96PE2,NA,9.08493787718922
O14733,NA,6.90487151520915
Q6ZTW0,NA,1.51412883316006
Q6ZT07,NA,15.9991814974776
P51665,NA,11.7448613073378
Q9Y6K1,NA,5.43886758431622
Q9BQG0,NA,14.3946063378463
Q70CQ3,NA,1.39842226424141
O15126,NA,7.37014644572002
Q6PCB5,NA,2.52483251342175
P15586,NA,18.2845125051728
P22314,NA,6.87362412906018
O43173,NA,3.3759994781145
Q9P2K6,NA,18.7789686461752
Q8N1I0,NA,11.3890675039771
P61160,NA,16.878062718275
O75427,NA,9.60722955977808
Q93050,NA,18.0855210284375
P12955,NA,9.42780528632397
Q99447,NA,1.25010543237072
Q3KQU3,NA,6.57665656155558
Q9Y2X7,NA,8.16929632785083
O95376,NA,6.90292107424481
P52429,NA,4.65552219577512
Q75T13,NA,7.4836831798177
P06576,NA,17.0831464881941
Q9NVT9,NA,9.7274106182827
Q8N9T8,NA,17.785888863933
O60716,NA,9.48358547024974
Q9BRK5,NA,2.19518478566597
Q96AY4,NA,3.86667597441284
Q06210,NA,8.41535925766352
Q8N8R5,NA,8.25225387889529
O95394,NA,4.60262080734659
Q3YEC7,NA,17.1502243289907
Q9BWD1,NA,15.9973422173974
Q9BXJ3,NA,1.96785362029778
P48426,NA,3.06510929204121
Q96FK6,NA,7.87637102131955
Q9H2Y7,NA,11.8324418034476
Q6SZW1,NA,8.52744561113802
O75592,NA,10.5972415372886
P49902,NA,4.10064275715439
Q8N9F7,NA,11.5482637977818
Q9HCM7,NA,9.75070922401324
P07384,NA,12.337094699762
P61019,NA,15.1718353475767
Q9UQB3,NA,7.53769621665738
C9J069,NA,2.55595190824123
P11137,NA,5.94541701917043
Q12972,NA,2.05464234060378
Q9Y4K4,NA,18.9675439885495
P20337,NA,16.3224966212929
P05067,NA,11.5804244022479
P21579,NA,9.1406615112731
Q6ZW49,NA,9.44205931594533
O60503,NA,1.90334185342333
Q155Q3,NA,1.11732029344781
Q96PQ0,NA,8.54612881992579
Q9NRL3,NA,19.0124377355403
Q8WVM0,NA,4.47838872398269
P62829,NA,20.8510067325012
Q96KA5,NA,18.3199844777211
P35249,NA,14.8007354929734
Q96EC8,NA,2.09974948868875
Q8WUA2,NA,5.7405995870364
P98170,NA,11.6299702544134
Q15208,NA,6.26958414424536
Q15102,NA,6.75242982204309
Q2V2M9,NA,10.8668097165331
P23193,NA,9.95040683418611
Q8WU20,NA,4.20471896727801
Q9C0J8,NA,2.96480366223634
Q9Y4H2,NA,2.43825456304679
Q8N568,NA,11.7704738395247
Q8WX77,NA,1.5904831737269
Q658Y4,NA,18.2792845378836
O95182,NA,2.96296436779852
P30044,NA,11.1017283925276
Q92953,NA,1.57873529334639
Q9BVL2,NA,2.10165468175107
Q9BXQ6,NA,9.47826478953782
Q9P265,NA,8.15359950758628
Q9Y5Z7,NA,0.637309062274137
Q12931,NA,15.0000669486534
Q6P2Q9,NA,3.04867789822695
P00441,NA,2.73756806602388
Q9H6T3,NA,3.66290001462389
O75153,NA,8.95902537250423
Q86SK9,NA,1.41221215017052
Q17R31,NA,9.82820489038388
Q9NPZ5,NA,11.4657194738228
Q9P0J1,NA,3.52208316427657
Q9BTC8,NA,4.2738968419093
Q96SB4,NA,9.55084324968029
P52272,NA,9.66516686064136
P51148,NA,8.51540950497167
P19784,NA,7.84368981084668
Q9UHQ9,NA,14.0651350943031
P60660,NA,1.77818675089641
Q9UPN6,NA,6.11937849186362
Q8WU79,NA,19.5415167503752
O75054,NA,15.9402416984491
Q01804,NA,0.526625208872428
Q9Y6G5,NA,8.38954958232489
P49116,NA,10.5059934735795
O76070,NA,13.4730570248784
Q9NR80,NA,9.06563621983893
Q9NYJ8,NA,19.4107893068817
Q96NI6,NA,11.1793102556761
Q15554,NA,11.3356498101019
Q6RFH5,NA,19.3028098527332
Q9C0C4,NA,16.8125445594058
Q9UPT6,NA,6.46031945887377
Q86UA1,NA,8.46366295551717
Q14C86,NA,8.42763313787419
O95486,NA,18.7208268090455
Q02878,NA,17.3014070653042
Q9NVS2,NA,5.97520972141282
Q9NWQ8,NA,20.1333595124296
Q15070,NA,23.2956382289638
Q9H1Z4,NA,7.60287497063751
Q6IA86,NA,9.4674387908475
O15164,NA,2.00429431469589
Q8NCM8,NA,4.1907204696179
P49641,NA,20.0600904424796
Q5RI15,NA,17.9328191874
P11171,NA,10.634217283359
P31629,NA,9.42185488218133
Q9NZC7,NA,2.05607370992381
Q8NBJ4,NA,3.55124450736843
Q9Y5F9,NA,8.13092122843355
P00387,NA,17.7278677624486
Q9Y250,NA,9.60454989444861
O14531,NA,15.4248536623826
Q5JTZ9,NA,2.34533310176465
O95573,NA,4.3828033475737
Q9BY67,NA,20.014442971673
Q9ULP9,NA,8.08535428277468
Q9C0E8,NA,8.2822969010104
Q2M389,NA,4.64656117491896
P61201,NA,11.5337840440166
P51452,NA,9.33698539754765
O94829,NA,1.78374789430163
P25098,NA,11.7328975155523
Q9UGJ1,NA,9.75752520786613
Q8N8U2,NA,2.01008160563461
P78310,NA,3.95370124099678
P78417,NA,4.19211722575796
O60264,NA,2.7564662923341
Q9P0J0,NA,2.3947899405579
Q8WWM7,NA,4.28911140215377
O43405,NA,21.0988090295977
Q6ZSZ5,NA,8.71981248132278
Q96FJ0,NA,19.6941000409926
O75037,NA,17.1952073051727
Q9UJX6,NA,8.03472194680262
O60701,NA,5.83642896657874
Q9BXS5,NA,17.0891757265097
Q96GM5,NA,8.40083762810588
Q8TF61,NA,18.7022098685256
Q6ZRP7,NA,7.67292675721646
P62993,NA,17.6839424511117
Q9UM73,NA,10.5860395374971
O95861,NA,12.9184503245512
Q92925,NA,8.15146425026944
Q93073,NA,7.49860736049871
Q16512,NA,4.70449250849904
Q92890,NA,12.4487859827422
Q16401,NA,16.8796368461152
P29083,NA,18.1845230671602
O60291,NA,18.3654261909679
Q6ZMI0,NA,8.33212773570753
Q9C0D7,NA,8.82760971326325
O60477,NA,10.8040668262049
O43683,NA,18.3292733723842
Q86UW6,NA,7.30553332673525
Q9BV35,NA,0.887664346163682
P0DPB6,NA,0.555419086687282
Q99504,NA,11.5311419620444
Q7LBC6,NA,10.856314556772
Q9NP90,NA,3.16676194776294
Q9UQF2,NA,20.2573339716612
P43681,NA,18.1689833891367
O60245,NA,9.08794064794077
A3KN83,NA,12.3051998802444
Q9Y5B9,NA,6.87988264113651
O43427,NA,8.93459238996984
Q96MX3,NA,8.38949994025679
Q96TA2,NA,5.36688496377112
O94880,NA,17.2385283426288
O94876,NA,9.38139436473137
Q04917,NA,14.8644723576467
O43164,NA,9.94902974515749
Q7L014,NA,6.81549601991575
Q2Y0W8,NA,17.4641383812837
Q96DZ1,NA,9.68518097864044
Q9H6K5,NA,8.94033216915465
Q13126,NA,7.71407747629818
Q6P6B7,NA,17.8047473341097
Q9BT40,NA,9.75574212137284
Q6R2W3,NA,8.74914718671624
Q13191,NA,8.94986591328819
Q5SYC1,NA,18.4879566800114
Q9Y3Z3,NA,4.6368853724993
Q6P1M0,NA,17.8862485749693
Q9Y3A6,NA,9.02453737373925
O95502,NA,1.38386008435349
Q96JN8,NA,10.8768543977063
P11274,NA,12.7053927220837
Q92560,NA,6.89901301506105
Q9ULK0,NA,1.36536952777758
O60488,NA,10.660285767461
Q96JK2,NA,8.79659437442945
Q96AX9,NA,8.30907685535277
Q86VP1,NA,10.8857647108778
Q9NUS5,NA,18.9396705433722
Q64LD2,NA,10.5853774656854
Q5TCY1,NA,8.83888071150987
Q9BQ95,NA,18.2140123937699
Q13523,NA,8.38450462515184
Q9NZ56,NA,6.20150165091019
Q09161,NA,3.78776596677724
Q96E22,NA,10.8186565955939
Q9Y6X4,NA,4.10590057863905
Q96RN5,NA,13.1687182475798
Q9Y5H9,NA,19.3819298522682
Q9Y3A2,NA,15.8957284720468
Q9UQ16,NA,6.43598285315677
Q9H2E6,NA,14.0789692123894
Q96AJ9,NA,18.3117059947921
Q9UH73,NA,2.35799816396665
Q9BT73,NA,16.9211334425275
Q9BY43,NA,7.08368374419129
P05026,NA,5.85196821424602
P51674,NA,3.85058708196855
Q96P47,NA,17.8396186283283
Q8N608,NA,17.6601538898975
P27544,NA,3.02521707383085
Q8TAQ2,NA,8.27910342983707
P40692,NA,7.59988412122611
Q14166,NA,4.99967765752572
O60506,NA,16.3076922070591
O43172,NA,16.303764040867
Q7Z5N4,NA,9.93659809886754
Q9UJA5,NA,10.3604210719689
O75874,NA,12.0651480757738
Q96KQ7,NA,8.24923807004255
Q9ULB1,NA,8.87534516486003
Q15648,NA,6.10821457505219
Q6PJG6,NA,19.2581204549366
Q9ULN7,NA,10.0259622509459
Q9H3F6,NA,10.667644935363
Q8WU90,NA,9.65417361861456
Q9C0B1,NA,14.6991446020826
Q9BWH6,NA,19.0322966569964
O76062,NA,11.5591049219442
Q6PD74,NA,7.9764413559998
P59923,NA,1.12454427386272
Q8N5D0,NA,20.9307421862498
Q8N0U8,NA,13.2843033328258
Q96PK6,NA,9.34546617806162
Q96KG9,NA,6.45449051284941
P49918,NA,10.8348546216796
Q14980,NA,10.1903027995913
Q96A33,NA,7.27363875355957
P63104,NA,1.95396307342078
Q9NPF5,NA,8.29322619875688
Q03001,NA,1.31213073716593
Q13485,NA,4.4598872562498
Q76NI1,NA,19.4807052395678
P60891,NA,16.1424482566481
Q96EV2,NA,17.8743184349861
Q9BV68,NA,20.2054012122652
P09661,NA,1.79821613670496
P09525,NA,11.4796194719231
Q92618,NA,9.09242995557432
Q15637,NA,6.61151086574644
Q9Y2K7,NA,7.13905269305463
Q14249,NA,10.3318329220105
P22626,NA,7.10957994453535
Q8IZ07,NA,6.68247237916045
Q13283,NA,12.4925820276149
P09651,NA,16.6142589997316
Q15276,NA,3.58275332732585
O00534,NA,11.1426502997892
Q9H425,NA,18.5919495494322
Q9Y2Q0,NA,6.80503490164886
Q9P286,NA,18.6234517510554
P36894,NA,18.8052559652008
Q8N4S0,NA,0.934862581419401
Q05BQ5,NA,17.4463294952479
