PG.ProteinGroups,Ratio_log2_50,Ratio_log2_150,Ratio_log2_300_2,Ratio_log2_300
Q96CX2,19.554941423727,20.3261430828515,19.6298639273177,20.6665101862544
Q9Y4C2,7.76822742324922,8.74426291417925,NA,9.26531918812356
P40925,17.5626161379671,NA,NA,NA
Q14318,7.99017694733205,8.72180986421771,8.37649339075596,9.29722885549618
P08579,6.31808325746289,NA,NA,7.59925289539756
Q9BRJ7,3.52742922821876,4.35474046194636,NA,4.65717835762429
O95155,17.8617904945724,18.8191296739354,NA,20.1252949331672
Q96Q42,9.35268533404046,NA,9.02962558853121,9.50472475606104
Q9Y512,8.70672968185738,NA,NA,9.5775718243447
Q9HA65,7.2107014433852,6.90202251097053,NA,7.41762981998223
Q9NRN7,19.0460414870215,20.0313202375324,NA,20.3713540266242
Q06455,20.8285161746081,21.9521783513944,NA,22.4217561481771
Q9BWM7,18.1803423471456,18.8027290615464,18.4440026257565,19.2257913896432
O94856,18.5388919354812,18.9173319036682,NA,19.6929118413372
Q92604,18.2078083561477,18.3018575834164,NA,19.234770134457
P54105,17.9763376704911,18.9173047485667,NA,18.8827155274877
P19086,3.26034966050718,3.27243997327265,NA,4.13137603481612
O15498,16.9735942913825,17.9752844837125,NA,NA
Q24JP5,3.48412745070813,4.20395418568792,4.31132787049745,4.77352848571471
O95297,6.55187232816156,7.17059170986985,NA,7.48130011928484
Q9NPH2,18.7400692922489,18.9740597251123,NA,19.6159007938996
Q8N806,11.9308156302362,NA,12.3576585055799,NA
Q14671,6.44187719905663,6.18071612771053,NA,7.26256345010647
O43924,14.6988918905809,15.9564005019195,NA,15.990546358678
P47756,8.37426368306503,8.98847051414147,NA,9.32970931274866
P26196,8.29318888126743,8.22420265331623,NA,NA
P09104,14.2767343915876,NA,NA,17.8474455629562
P11413,6.87738221080406,7.33530859969237,NA,7.60738616160431
O94776,7.62504718198813,8.40217631550791,NA,8.67306529702076
Q9H6U8,16.9092694931248,18.557304480689,18.257106395788,18.6614948736379
Q9P291,10.7127596501768,12.7424993007617,NA,11.98620520228
Q68D91,17.984686134334,18.5538724147182,NA,19.1658474644016
O75326,6.15838458942356,NA,NA,NA
Q9UPW5,7.02720635113341,NA,NA,NA
O60231,9.47471865483546,10.0950618475901,NA,11.0603210740213
Q9Y4X5,11.577150482222,11.7125118848452,NA,NA
Q96MZ0,17.4441690659843,18.3081485309363,17.6730270483424,NA
Q86Y82,19.1262359565064,20.1305107323947,19.5189051326741,20.4354620063759
Q8NCB2,5.47897843007123,6.94340129003677,NA,NA
P25787,8.40871076869711,NA,NA,NA
Q8IV08,19.2547741331695,19.9979387155724,NA,20.2847802463333
P51149,7.25863130592962,8.25651522750477,7.88843478604781,8.49995661492631
P13489,7.35211632196674,7.87877918528003,NA,8.26891764570414
Q9Y3A3,16.517695966581,NA,NA,NA
Q96B54,8.75704143268415,9.31950507471053,NA,9.84083457986292
O15394,9.54790392497819,10.1952172720035,NA,10.4724352742219
Q15771,18.8269131122924,19.9770666352034,19.7240054827395,20.1825899197216
P63096,17.9157517599023,19.1787216584614,NA,19.4071973965743
P52292,9.27458503358789,9.48482436851705,9.84379690492578,10.0863218188631
Q13586,18.2210315127132,18.5920725009882,NA,NA
Q96SW2,18.9614603821356,19.699983534336,NA,19.7518950712603
P51812,18.8354202336739,19.7382346796963,18.7982800338913,NA
O43292,4.63646940650817,5.26882810087621,NA,5.32286848265485
Q96MY1,20.5399451763101,21.1225153655264,NA,21.4501386422459
Q9UQL6,4.60773354031738,NA,NA,NA
Q13951,18.5774052332427,NA,NA,18.5771404100888
Q9H2V7,18.8024044915907,19.4344699939056,NA,19.834847036356
Q9UI30,18.507126199427,19.1845897947739,19.0012953427433,19.5859882399665
Q96S59,3.36542040243861,3.96755236215042,NA,4.44234922260785
P51116,6.12502516762216,6.91867564554164,6.25297110455921,7.11772535418011
Q8TAD8,19.3471984634408,19.5866356451136,NA,NA
Q5JU69,18.2654790276889,19.6510463688783,NA,20.0878159510425
P19404,15.5673547719467,16.4830499337153,NA,16.8081205862711
Q9NP72,4.62958587267064,4.58771585781381,4.22120980630124,5.06872946239087
Q9H0E2,18.6888776536833,19.5535950699442,19.5990234089729,20.1116455762141
Q8N350,2.3478181780133,NA,1.96151156452668,NA
Q8NFT8,4.52869339823341,4.88305263143388,5.41741716382201,5.56698273336772
O00560,15.7125610539035,17.2049956292163,NA,NA
P51784,5.74505104163231,NA,7.42742182999517,7.66932221239626
Q6IEE7,3.82238224417898,4.35720905561319,NA,5.08712418751273
Q8NFZ8,19.2734362996864,20.4522192046031,20.1130423517749,20.8603023357807
Q9BTT0,15.7412550479299,NA,NA,NA
O75164,18.8015779154488,20.0721760888583,20.53627224918,20.8871725424321
Q8TC26,6.11935925832395,NA,NA,NA
Q92993,17.7048001354972,19.0239436628133,NA,NA
Q8IV32,4.70899649960213,5.01108689957878,5.12420252142443,5.64578238110737
Q9P2S2,7.56304815733983,8.75059982506585,8.17227586788615,8.81592368193025
P42224,11.3795536721636,11.5340355580487,NA,NA
Q9HCD6,6.65534144006882,6.97875872091339,6.70260972828027,6.93762579302595
Q8IVW6,8.17655017038943,NA,NA,NA
Q96IG2,8.84251493716097,9.16564235738854,9.61868434153626,9.42719113012957
Q86U70,12.9967150371872,13.0472866643386,NA,NA
Q8N2K0,8.35135625596714,8.90686548714748,8.55191873055252,8.76988367185996
O43526,2.55110269144683,NA,3.60649848791526,3.75878635171
Q9BYV9,9.45422103927675,10.0445821898961,NA,10.3382052032964
P61006,17.7469912438271,19.1137766329929,NA,NA
Q9P2Y5,11.329956136789,NA,NA,NA
Q14344,7.01877980816567,7.52872575054392,7.52437795302046,8.04536707663393
Q96PB7,1.03429190925355,1.5792888324971,NA,1.94421931415234
P50542,7.24131342160063,7.79637386799916,7.70417592173697,8.56099057667356
Q9H4M3,4.07973632853851,4.76368883911065,NA,5.19217905457962
O00506,8.09016038129546,8.41940727617069,NA,NA
Q9P0I2,18.1369262280194,18.951549276902,NA,NA
Q6L8Q7,12.7797654049499,14.6538920801266,NA,14.4196453251015
O43252,10.8709783697087,11.862425577058,11.2398081883528,12.4507950290675
Q01082,4.4574422634042,NA,NA,NA
P61018,3.79427490052969,NA,NA,NA
P56211,6.89888938555595,6.8408551877289,6.92069790891384,7.23681616750804
Q9H3K2,6.4372592246722,7.6550604481003,NA,7.70620755873367
O94985,3.084974754929,3.83269112382441,4.71389291468579,4.79090492066627
Q9Y3I1,11.3240710798946,12.5508904922072,12.1943927324005,12.9364454998233
Q9BZA7,7.36824055576422,NA,NA,NA
P07858,17.4757229926705,17.4074818736532,NA,18.30651752955
P38606,8.63064383747338,9.95182449110413,NA,9.98229546710588
P42229,3.00444309934638,NA,NA,NA
O14775,3.546436089597,4.57218072302775,4.27780753867555,NA
Q9ULU8,7.27871412958007,7.69145795788306,NA,8.21175722083315
Q9Y315,16.3136932527999,NA,NA,NA
O96005,5.48461112042792,5.80751016409235,NA,5.39423576563338
Q92945,8.59721683329482,8.86556443872311,NA,9.81361379946405
Q8IUH5,19.2027007918884,20.0556562132668,NA,20.6971732929636
O94898,18.9601829057588,19.4480228279981,20.5242365767368,20.8674459578462
Q9UDT6,2.33966050429846,NA,NA,NA
P35716,2.96071493097073,3.64192387114788,4.21074222310175,4.28971344441927
Q9Y3C6,8.09251777887225,9.0710503896997,NA,8.73354606009926
O75746,8.7855818930543,NA,NA,NA
Q86XL3,8.88683957095745,NA,NA,NA
Q13895,10.1057113176657,10.5980436591302,10.8399029184314,10.7489510720475
P26378,19.3129369683654,19.940341551115,NA,NA
Q86Y79,9.16214810738854,9.57268808770809,NA,9.35465957826679
Q96S55,6.87421974734894,6.98857656022039,7.77468434460601,8.60653569141144
Q9UQ35,18.0595434710845,NA,18.4767265931519,NA
Q92879,18.0098217353578,19.4820174736376,NA,NA
Q92616,1.91417968742422,NA,NA,NA
Q9ULH0,12.2700418945931,NA,NA,17.6658653621294
Q9Y2H5,19.9522016219225,20.6140481088538,20.2770561034377,21.037446944598
Q9BRK4,10.2636571496239,NA,NA,NA
P48664,19.4737818372518,20.6204267225025,NA,20.7401050867662
A1L0T0,7.58192224821238,8.39178742677788,7.85721819759837,8.6258180094519
Q6PI78,9.08010563729684,9.28024063058564,NA,9.79791394936231
O14525,3.04156409216144,NA,NA,9.2705673593017
O94910,19.6851198469662,20.2113834856266,NA,20.789476823824
P50148,17.4920716633114,18.1884906544473,NA,18.2728018874735
Q9UHV9,16.3460980864337,17.7754584861355,17.5843180977726,18.247733941645
Q9GZM8,11.572051052936,12.0752984261774,12.2301125700514,NA
P15822,7.16290028103893,NA,NA,NA
Q9Y6D9,18.2198769541435,20.2858664831579,NA,20.5008242697488
Q14137,2.05031112583077,NA,NA,NA
Q9Y216,2.78687856225226,2.92774090703784,NA,NA
Q13526,17.7018083757833,18.7175111590185,18.1461887257088,19.1132501592414
Q969G2,19.4559009597006,20.8266050246522,NA,21.8330876177872
Q9NZV5,1.80023174389314,NA,NA,2.66144867800475
Q04637,13.7674319642355,NA,NA,NA
Q08174,4.51795001817003,4.65172488278062,NA,5.82443034816073
Q6VAB6,7.53128922217087,9.20013992014237,NA,NA
Q96GS4,17.2497893981207,NA,NA,NA
Q96DE0,18.615417140796,19.0632065670496,NA,19.5142318597038
Q5T3F8,3.11841031239719,4.20180384510692,3.64504080744869,4.42418555894774
Q9HCN4,16.9786269846747,17.4868176114019,NA,19.4779215342572
Q9UI10,17.25852124481,18.4757830122411,NA,19.0309457498042
Q8N158,10.1521337959003,10.4557703491319,10.7036721279806,11.313401457413
Q15262,11.0679349280876,NA,NA,12.0025926494627
Q14728,7.47030190025269,8.43051625802125,8.78228740177843,9.40964761867431
P57678,3.32186852608733,3.89899421640856,NA,NA
Q9P2G1,11.2708117652787,NA,NA,NA
O00264,6.81697180851728,NA,NA,7.50825939418993
Q6PID6,18.4376395769398,19.94056326495,19.9007491475767,20.4833293869445
Q8IUL8,9.95565173543388,9.97534504334583,NA,NA
Q9P2R3,6.92109997665191,6.9254161351843,NA,7.5484360310705
Q6YN16,24.4172735141577,NA,23.3074287583167,NA
O43301,3.85580411227692,3.38827522155846,3.37504066762803,NA
P07741,17.5132715708797,17.7087468368006,NA,18.6864279927996
P18669,1.21141022167515,1.23404580309944,1.03789864624994,NA
P56159,7.11061309108491,8.33433532914564,8.62537496016622,9.14390993318877
Q9Y693,13.5791123096563,NA,NA,NA
Q86UN3,9.05977647720736,NA,NA,10.1502347896696
Q9H444,3.50610574305038,2.93691750310609,NA,NA
Q7L775,18.3186703364127,19.188539295079,NA,19.3932611622146
O75182,19.1771707754346,19.8047289109104,19.064089471614,NA
P68106,17.997539958457,19.4552372774853,18.9859609702153,19.588067741134
O60422,1.24767505016044,NA,1.91902133613738,NA
O43639,7.11583903242626,NA,NA,NA
Q53FT3,8.33765477696957,9.39038551816018,NA,10.1608672123263
Q12926,18.7676562982528,19.6694799664484,NA,20.1796503985388
Q06136,4.83662690694498,NA,5.90016077567811,5.83225897400451
Q13838,8.93997177896787,NA,NA,NA
Q9UHR5,18.3551598755773,18.818456420906,18.3832206994163,19.4370364113209
Q8IXK0,3.2788352177756,4.48985485684528,NA,NA
Q9BU61,11.6303809243302,NA,NA,NA
Q9BR01,1.46158124310798,NA,NA,NA
Q15257,4.74003796229306,NA,NA,NA
O00233,17.5162123442543,18.7387596612149,NA,19.4852110295619
Q9ULK4,9.40482441020077,NA,NA,NA
Q96FT7,17.3464202194478,NA,NA,NA
O43602,8.71920762961496,9.38457304767018,NA,10.1003816129109
Q9BX66,12.1257886022745,13.1410453225187,NA,12.5718150664693
Q9P0J7,7.62308276431307,8.29575377154221,7.4052839105472,NA
P52597,6.08593924529033,NA,NA,NA
Q5VTL8,18.2664874999847,19.1664338744652,18.6184710016909,19.1461542350849
O95248,12.2831013371468,NA,NA,NA
Q9P2G3,7.2996743592939,NA,NA,NA
O95336,17.0500521754384,17.8085229372521,NA,18.2468125521051
O00451,18.1937286835432,19.944361726258,NA,20.1678094142151
A6NJT0,7.22842788067479,8.07091896267797,8.74689634916697,8.76310639002858
Q8NI37,4.67961859142889,NA,NA,NA
Q5K4L6,10.9082325321029,NA,NA,NA
Q06587,18.8974725029731,19.380973806025,NA,20.652065992044
O75038,1.5656169927245,NA,NA,NA
Q8TEW0,11.6425900228189,12.7107422528435,NA,NA
Q8IYB1,10.357161354511,11.8559702809994,10.0203783298332,NA
Q13596,5.7428077097621,NA,NA,6.67342715870236
Q16799,8.99152885648764,9.25316069594045,NA,NA
O14628,0.88865258217229,2.09418734867098,NA,NA
Q9ULU4,1.96002759448207,NA,NA,NA
P24928,6.42682161611799,NA,NA,NA
Q9HBE1,10.2851780054871,10.8900089662943,10.884536240429,11.4741741645932
O43929,3.69301114966616,4.27288606278265,3.55426002607974,NA
Q9HCJ2,22.8585168682829,NA,NA,NA
Q8N8L6,8.4166424783399,NA,NA,NA
Q9UQ03,5.39048649252435,NA,NA,NA
Q9P2N5,19.2219752927402,19.6413787675838,19.399707424456,19.6372994106693
Q9H6J7,0.596056292385924,NA,NA,NA
Q9NYQ7,5.91854815066992,7.36846485620807,NA,7.89944037216383
Q13501,1.28621703328979,NA,NA,NA
P12270,1.98346802780176,NA,2.83109263492902,NA
Q9NZ53,9.27883482229191,NA,NA,NA
P46379,8.18527314233158,8.77470435167606,NA,9.67567140081303
Q9H496,10.9666607885109,11.7542362435448,NA,12.3713344951486
P02786,10.5010166762496,10.8403558054992,NA,NA
Q8WUU5,10.4755226545217,10.3350719642728,10.0467463782094,NA
A1L020,9.95039898378586,10.4400562487845,9.56675077206498,9.78101279771552
Q9ULI4,9.15146599653389,10.536673169953,10.3614865596106,NA
Q9Y376,8.62012345570992,8.82726226018803,NA,9.18576759343004
P24666,2.3130479471109,2.59965990112017,NA,3.35045127565785
Q92558,6.17986937053492,7.94927910295056,NA,NA
Q9UP83,1.88342969909492,NA,NA,NA
Q9Y4F3,9.48048067722188,9.22166839078098,NA,NA
O94868,2.59508576936171,NA,NA,NA
Q8WUN7,7.20885700517765,NA,NA,NA
Q16706,1.90629187973267,NA,NA,NA
Q15126,17.8555793665639,18.6430288203449,NA,18.848266330933
Q16555,5.31156066074515,7.53487505644876,NA,NA
Q16718,1.73733188103566,2.16070795528561,NA,2.25777317312489
Q9BRD0,1.48439178798154,NA,1.5786677107342,2.09502796117056
Q12797,1.67853250372716,0.430819378846404,NA,NA
Q86VW0,4.40987078091608,4.5336240957737,NA,4.86987773494376
O94953,10.8393863589969,12.2783329096354,11.6601943756501,12.5502558390191
P36954,4.52129414258469,NA,NA,NA
Q8NFP4,7.50488986603513,NA,8.02336607168931,NA
Q02127,10.7369419139502,NA,NA,17.5103006859856
O15173,6.65746696507617,7.87947055120853,NA,NA
P08243,3.99091688080997,NA,NA,NA
Q13569,4.8410274990917,5.00813221026427,5.00444578154101,5.63866875914644
Q9C0I3,1.13722286038501,1.60349047519258,NA,NA
Q02543,2.45909054401739,3.4275385360822,NA,3.56323313835919
Q9NRW7,6.44294275408462,6.73483876765113,6.20334623423734,6.93124912323151
P16298,17.493518128195,18.2945198468632,17.6403897597366,NA
P18074,6.77636954178168,NA,NA,NA
Q96K37,18.49739930483,19.2347454536803,NA,19.1205162939864
Q8WYK1,9.64170485631644,10.3705357552598,NA,11.5665759436056
Q13825,7.62900998034826,NA,NA,NA
Q86TN4,1.19362395018912,NA,NA,NA
Q6Y7W6,14.6666306137779,15.2089498010302,NA,NA
O15068,18.6822858167461,NA,NA,NA
P16949,3.54036649319528,3.80867387324612,NA,4.68282228749949
Q15560,12.2052578932759,11.6015431056995,NA,12.2080744250048
O15213,3.10329154832189,4.19167526488389,NA,4.53725022169951
P31930,2.40096777544999,3.2020904391876,NA,3.33399345461563
Q9Y496,2.43552268918607,3.63474892528154,NA,NA
Q8N1G4,17.1456539131835,18.3306674873786,NA,NA
P28799,0.427921879701234,0.502999918206951,NA,0.897608164080797
O94952,9.90054790562291,NA,NA,10.5818595734367
Q9UKE5,1.93784070294134,2.44880943113073,NA,NA
O75385,12.7245865337827,NA,NA,NA
P25705,15.9598762189088,NA,17.3779923640751,NA
Q5JU85,10.7650886714897,NA,NA,NA
Q9NQG5,18.3184732239295,19.3389065866519,18.934201149131,19.4260154022311
Q6ZN54,1.35610898080294,1.34257072652469,2.287585929576,1.69405790614724
P36639,12.0367693925126,NA,NA,NA
Q99873,3.9191851119356,NA,NA,NA
P55011,1.20899298793117,2.09802171214339,NA,NA
P43004,8.19854458185539,NA,NA,8.82607399176529
Q12765,17.2873721015043,18.4783907945261,NA,18.7069850292934
O75390,8.26076580225904,8.41422020879629,NA,NA
Q86V97,4.9530653334665,NA,NA,NA
O75093,19.1629400009273,20.6467369889581,NA,20.3880485083413
P62701,14.6395727133022,NA,NA,NA
P35222,12.8091127060326,13.1857734754781,NA,13.6754733719954
P48730,10.7603756377306,NA,11.3595708158867,11.2513350514342
Q99733,2.6561799811494,NA,NA,NA
Q96A35,6.39910926548927,7.12738723816306,NA,7.53834735113986
Q9Y5R8,0.503214639058988,0.49810367704757,0.743318033279536,NA
Q9H4A3,4.23082279661733,NA,NA,4.77910851764759
Q8WXI2,2.16218449227398,NA,NA,NA
Q9Y2B0,16.0579288831307,18.3792489402175,16.8608463512657,NA
Q13492,1.66059414555982,NA,NA,NA
Q9NXG6,9.34468979360289,NA,NA,NA
Q52WX2,19.0388033489474,19.5305409230905,20.727484901475,20.7230322606053
Q9P2K5,6.06223614880141,NA,NA,NA
P60510,7.88712593537146,8.84256034699211,8.34504437152638,9.14838705282275
Q9UNF1,16.7638685619778,18.8140823345825,NA,NA
Q6ZVC0,1.57359765679097,NA,NA,NA
Q9BU76,6.22971424382776,NA,NA,NA
Q8NBI6,18.5399171596555,19.605759906142,NA,NA
Q96F07,6.37122033456452,NA,NA,NA
P84095,12.4091496559159,NA,NA,11.7183975041914
O43920,1.44654257176315,2.07899460134666,NA,NA
P61086,3.62851990765356,3.96615080104706,NA,4.41134432928501
P22695,16.638041952599,NA,NA,NA
P42892,18.6492564695872,20.5035536811007,NA,20.8998766561305
Q8N0Z6,7.69189458708399,NA,NA,8.46406527954843
Q96NX9,9.61083433938233,NA,NA,NA
Q00610,11.6130982188527,13.1886954940229,NA,NA
Q15819,2.44205660001343,2.93565027301949,NA,NA
Q9UBB9,6.25157081654142,NA,NA,6.91833861733027
P29401,6.63812776182805,NA,NA,NA
Q5TGI0,9.88257821427877,10.4833762220854,NA,10.7818025238682
O43310,5.94419604727941,6.43412253823436,6.39832953501705,7.04343069697502
Q6ZNB6,1.12527502263504,NA,NA,NA
Q719H9,1.53412259747256,1.84963369237337,2.12450195685082,2.06970028897594
Q9H9T3,17.2688856932837,18.3918215719221,NA,19.845058867833
Q12852,18.2899200953276,19.5376399038419,NA,20.1461613433331
O75347,4.34304799031574,NA,NA,NA
Q86X27,1.14733727812679,NA,NA,NA
Q8N1B4,18.4336681080778,NA,NA,NA
Q12824,2.42280934290812,3.34953914426049,NA,3.370158519309
Q04656,2.79042655182278,NA,NA,NA
Q8WXF1,6.75304133574991,7.33757098964051,NA,NA
P07738,4.51701778713994,NA,NA,NA
O95782,13.2537481785308,15.0851589622878,NA,NA
P30153,13.1243351188609,NA,NA,16.3650349879501
P10586,7.16104678920976,7.75377557150694,8.82808849233458,8.92921991115366
Q99856,18.9187159955441,20.526149824296,NA,20.9172804116006
Q9BQ39,8.3571943616534,NA,7.16259438592429,8.14286894457294
O00116,1.46036972845358,NA,NA,NA
Q15717,6.09953510586039,6.98104517614163,NA,7.37432546324577
Q6P1X6,5.05132995869283,5.78641019675993,NA,6.42388110903029
Q9BXB4,4.63946114754541,4.59646856688306,NA,NA
Q96CT7,13.208529801031,NA,12.0077559981434,NA
Q9C0C2,5.83713973407037,7.01151239883,NA,NA
Q5JSZ5,9.31009353143007,10.1954032058598,10.3028147490413,10.4656996951759
Q15048,5.10495367618432,5.93136027179054,5.56602577777937,NA
Q96GD3,12.1601693343165,12.4749079232736,NA,NA
P59998,3.58192297203955,NA,NA,NA
Q6NUM9,6.00938767597867,7.70702732180938,NA,NA
P36578,4.54051568185015,NA,NA,3.86513056701894
Q8IXQ5,2.05418385113075,NA,NA,NA
O00170,5.1360810729824,NA,NA,NA
Q9H4L4,5.55771711101458,6.16744440173516,5.6768996039074,6.17380234611963
Q9BWE0,21.4550907132094,NA,NA,NA
P14416,7.17832767264265,NA,NA,NA
P30876,17.9880941994097,19.2337750145885,NA,19.1825333401591
O00743,17.2792604206242,19.6310607055825,NA,18.581367914544
Q9NXG2,11.2568713870567,NA,NA,NA
Q9H3P7,16.5878604703908,NA,NA,18.1404456666778
Q9HCM3,10.248915376692,11.6083074461282,NA,11.0497808547324
Q9HAT8,12.1619066766638,13.3203450235746,13.7206976677169,13.924186707093
Q92845,9.72043919034945,10.7790933864598,10.7207600293524,NA
O43854,8.85016646608492,NA,NA,10.0737546617137
Q15643,6.23095687060813,NA,NA,NA
O94766,9.12192589490308,9.79861535787369,NA,9.7643263794506
O00429,3.56070041812786,NA,NA,NA
Q9NR28,7.71061444364227,NA,7.73434719764923,NA
P31150,15.1308418628029,NA,NA,NA
Q59EK9,12.3986421298539,13.6289672332481,NA,13.9030907327818
Q5JRA6,12.491621335701,NA,NA,NA
Q15067,8.04170591778464,8.3738558838605,8.020779337257,NA
P30040,18.0450119648096,18.3133477116319,NA,18.651853728289
P0CK96,0.954135192749292,1.32832442559819,1.66774224005283,1.6847216367046
Q9UPV7,1.54126440245123,NA,NA,NA
P09874,3.95043718123594,NA,NA,NA
Q9NS86,6.45424557854984,5.79746413682753,NA,NA
Q9BSV6,3.19989861154394,5.30534657296488,5.20434042070616,5.70226710330165
Q7Z7L7,9.14410707747965,NA,NA,NA
Q86WA8,17.7959447843785,18.4688831272284,19.8088664171147,19.9931079818326
Q13310,5.51705928305115,6.75272715390322,NA,NA
P49458,19.089494825638,19.6620778281058,NA,NA
Q13242,14.745035166641,NA,NA,15.8258624313177
P53990,4.55142531834027,NA,NA,NA
Q96A83,10.4578255062792,NA,NA,NA
Q15631,3.71070671674584,4.61006097688824,NA,4.73392912943301
Q9UKG1,2.26318342144073,NA,NA,NA
Q8TBP6,5.37867045342153,NA,NA,NA
O14576,5.11724526500725,NA,NA,NA
O60299,9.8525241688793,NA,NA,NA
Q15120,7.58787382141553,NA,NA,NA
Q9Y5X1,17.3117846235685,NA,NA,17.8508321801432
O43155,20.4062619580345,NA,NA,NA
Q9UBI9,9.39788532059634,9.21656847214757,9.66906002920368,10.3078681902412
Q8IYT2,11.9335530593601,NA,NA,12.2666144511631
O00213,9.84919908855903,10.0853971440938,NA,NA
P04843,5.86427475144442,NA,NA,6.82890341823725
P17612,13.6845767439142,15.1758737786457,NA,NA
Q08629,10.3025762888309,11.012708118571,11.1132349334472,11.0106779708246
P61916,4.14229161174793,NA,NA,NA
P78344,3.40190571189231,NA,NA,NA
Q8NEY1,7.54464759287873,6.88115828907794,7.90114101976116,8.18544325078097
Q8IXT5,1.79539259051991,NA,NA,NA
P98172,16.889924410878,NA,NA,NA
Q99567,5.28067347085889,NA,NA,NA
Q6F5E8,16.0894079351929,NA,NA,NA
Q6KCM7,1.29576304956184,NA,NA,NA
P54756,2.21896143912318,NA,NA,NA
Q92997,3.43884123520926,NA,NA,NA
Q96SU4,8.03499424440338,8.66869591843705,NA,8.89933940572219
O95373,2.52468578757001,NA,NA,NA
Q9NW61,0.994320764229491,NA,NA,NA
Q9UBF2,6.0103186802237,6.28377562876326,NA,6.50273720302106
Q9GZT9,18.3468678570229,NA,18.9953763470265,NA
Q14108,17.8439939681696,18.1486314638852,NA,NA
Q9NUM4,1.6180234138434,1.79163164976479,NA,2.2734318953002
Q9UNF0,10.6058637096978,10.9678749908236,NA,10.7213225528066
Q8NEZ5,17.3032644118627,18.5778010045153,NA,NA
Q9BW62,13.5095003908101,NA,NA,NA
Q12955,2.16082571823176,NA,NA,NA
Q9UQ80,10.8558379976714,NA,NA,NA
Q14576,15.7626668039271,NA,NA,NA
A8MW92,7.97248087451597,NA,NA,NA
Q9P2Q2,15.5810124479317,18.9243559006804,NA,NA
Q8IVU1,8.99494082779519,10.7196041168925,10.7804570471878,10.9686517604983
Q2NKJ3,0.697380986204459,NA,NA,NA
Q99569,8.77950715393381,NA,NA,NA
P63151,6.836777159911,NA,NA,NA
Q6N022,5.07434020756639,5.19096676651664,NA,NA
Q9UPU3,1.59359247629652,2.38451139593696,2.98269783328427,3.06097425116429
P17706,2.66187297757501,NA,NA,NA
Q96EZ8,10.3444827601844,NA,NA,10.3116793678124
P09001,4.27844890905825,NA,NA,NA
Q9UKV8,3.21428364075807,NA,NA,NA
Q96ST3,7.02967298480181,8.12350820004665,6.82977436709799,NA
O14522,9.06867595638166,10.1702349213601,10.4480891013231,10.7544239815575
Q6ZSY5,6.8754592295487,7.21567622695497,NA,NA
Q9H1B7,12.2955098726843,13.2509595080768,13.2721166475153,14.4347145357799
P53999,4.80651216304868,4.7934103672692,NA,NA
P06241,7.40783610333011,NA,7.53681641923086,NA
Q9NYB0,9.74728289964938,9.7378753895032,10.2810473758512,10.4425037852435
O15027,10.6523569007841,11.4130353369312,NA,12.263121578331
P61247,NA,17.0928036502336,16.3735648313364,NA
O43312,NA,19.0004778355529,19.4965664324068,19.9230792885582
P62380,NA,19.5739285163208,NA,19.6341199554864
O15020,NA,17.7602817236907,NA,18.304579651862
P14735,NA,19.5086277751197,NA,NA
Q96S90,NA,19.8342884691334,19.1591756077797,19.3612789789817
Q9UJ41,NA,6.43358252398923,NA,NA
Q8IWT6,NA,19.1482888189607,18.5337052415964,18.7697503324985
P48634,NA,7.77152476884751,6.78806001062379,NA
P51513,NA,13.5630457809844,NA,NA
Q9ULJ7,NA,10.1259932611682,NA,NA
Q86UU1,NA,9.10375175726758,NA,9.24270906360809
Q75VX8,NA,9.070511235553,NA,NA
Q9HCG8,NA,9.06805814323362,NA,8.75995061722875
Q9GZZ1,NA,7.55642803376807,NA,NA
O00571,NA,20.1368636902674,NA,20.1372446515449
O94813,NA,18.6596572408797,NA,NA
Q7Z5G4,NA,19.4465975307711,NA,NA
Q9H8M5,NA,8.2735743302824,NA,NA
Q07866,NA,6.8554871270503,NA,NA
Q8IXH7,NA,10.8928008445338,NA,NA
Q9Y285,NA,18.0722553873577,NA,NA
O14730,NA,3.07892225948037,NA,3.5598902846811
P13798,NA,9.12597049852443,NA,8.6890014894759
Q8IWA4,NA,11.5307611355916,NA,11.0015324578807
Q2TAL8,NA,4.05563250061427,NA,4.67665864730176
Q76G19,NA,10.9667061630869,11.9914757488409,12.1000457179417
Q8NI27,NA,18.7785199127652,NA,NA
Q6P1R4,NA,9.15776995881126,NA,8.77144396524688
P78559,NA,6.91697452790915,NA,6.90262863386337
Q7Z6M1,NA,8.96145662913976,NA,NA
O60828,NA,2.75195612707037,NA,NA
Q16827,NA,5.60845759981174,NA,5.5737963052823
O00273,NA,18.4404616764367,NA,NA
O75190,NA,19.9414683254149,20.2096320848847,20.4860431227976
P22694,NA,6.65157063212095,6.37119825876843,6.84358084644635
A7MD48,NA,9.28513464574094,9.46387605255365,9.76875895855252
O60216,NA,8.48417167010018,9.0580918012723,8.67382032739859
Q8NFG4,NA,10.9197729574384,10.0446604057515,NA
O15379,NA,6.7528510570709,NA,NA
Q9NWZ5,NA,19.2827921180343,18.9132206232818,18.8356931033705
Q9GZL7,NA,23.8851728110472,NA,23.840913437266
Q9UL46,NA,3.24721168557344,NA,4.08082602980632
Q13873,NA,14.6107535231622,NA,NA
A6QL63,NA,4.83923588641666,NA,NA
Q08379,NA,20.4093470910372,19.591163503214,NA
P55786,NA,17.4708792923574,NA,17.1899774394794
Q8IU81,NA,9.96604063086624,NA,NA
Q9BUZ4,NA,9.71418416231713,NA,NA
O00255,NA,8.88286974190098,NA,NA
Q9Y6M1,NA,3.24281953283187,NA,3.38740230801479
Q8N5A5,NA,8.12800434932798,NA,9.05567700003392
Q99848,NA,18.6447325481121,18.4914530765988,19.1472685590708
Q8N9I9,NA,4.44759124030148,NA,5.13335427248342
Q9UGH3,NA,9.53352733547796,NA,NA
P63010,NA,10.9388814298192,NA,NA
O75489,NA,17.5456441449232,NA,17.6835830020561
Q8TDN6,NA,2.03397842267783,2.24633454875432,NA
Q9Y5V3,NA,7.68767082453201,7.31174315825995,8.23196811385167
P22307,NA,9.29686877969457,NA,NA
Q92785,NA,8.21912828392978,NA,8.9043748210754
P48729,NA,20.0646238405104,NA,20.0154986471286
Q92609,NA,4.15982171094068,NA,NA
O15270,NA,19.6328548403062,18.8258118629672,19.977125545362
Q9NZ63,NA,11.4393403463792,NA,NA
O60927,NA,5.58703618790206,NA,NA
Q6UXD5,NA,6.58409729731709,NA,6.79747826354726
Q9P258,NA,9.26725349867969,NA,9.94754252092205
Q9Y4G8,NA,12.9090829319238,NA,NA
P78356,NA,8.18583836188806,NA,8.59085462342689
P60880,NA,14.0039774971849,NA,13.7348950521631
P00367,NA,3.83386493642229,NA,3.27608523563862
Q9H5H4,NA,19.5854858469851,NA,19.1846853060708
Q9NYY8,NA,8.29798794367125,8.33810580967669,9.15756766864427
Q9UMN6,NA,19.4250412181498,19.4618998848552,19.9192111655103
P98175,NA,8.63503402181002,8.31128224169803,NA
P17405,NA,3.99856839438959,NA,4.38956849807885
O75044,NA,2.78100056251154,NA,2.52633984465221
Q5T7P8,NA,19.2093693812666,NA,20.667388707264
Q9Y2I1,NA,19.8821009876465,19.6624093178828,19.8904160768595
Q8N5J2,NA,10.064596620826,NA,9.92353153771865
Q9BWF3,NA,14.3837944356679,14.3318910700593,NA
Q643R3,NA,19.2732206573526,19.4341565552755,20.5131446086979
P45954,NA,4.71622121877382,NA,NA
P62937,NA,8.64301098589235,NA,8.23265751188736
Q9UI36,NA,8.02439314195954,NA,8.21992375579639
Q9NVG8,NA,9.8852822398636,NA,10.5191686960251
Q86UK7,NA,8.56237259980628,NA,NA
Q7Z5K2,NA,8.07196272223177,NA,NA
A6NGN9,NA,13.0852029462325,NA,NA
P23470,NA,19.6318489544865,NA,20.6574469285481
O95721,NA,6.3993916510622,NA,NA
P11117,NA,8.05237006401438,NA,NA
P43034,NA,1.8515877919205,NA,NA
Q9UJC5,NA,15.919284177712,NA,NA
P18615,NA,7.83118432321347,NA,7.84318284943472
Q8N5H7,NA,9.39368622318373,8.82627827636601,NA
Q14BN4,NA,10.0329724816622,NA,NA
P50607,NA,0.811619530668115,NA,NA
Q9UBU9,NA,8.16424140000193,NA,9.31061743119426
Q5SQI0,NA,16.4685730432229,NA,17.3823884345268
P52701,NA,11.097665117348,NA,NA
Q6NTF9,NA,16.5105014479576,NA,NA
O15260,NA,11.7919326284169,11.241847497842,12.227285446132
P34931,NA,12.8077891722359,NA,NA
Q5VTB9,NA,6.42656747957714,NA,6.94762809349201
O60858,NA,4.99264926904034,4.76806601616634,NA
O75376,NA,1.71256967975424,2.19330840154255,2.57287328430706
Q96CU9,NA,11.4107002375537,NA,NA
Q9BRX2,NA,4.06762177618154,NA,4.36096303722238
Q9Y5W9,NA,9.93317923307661,NA,NA
Q9HBU6,NA,15.4083898689063,NA,NA
P46109,NA,7.54296391738615,NA,8.54206085505212
O14828,NA,1.15456060753336,NA,NA
O14735,NA,7.05065199384101,6.38471161555162,6.88895207925327
Q2TAY7,NA,17.6079666455659,NA,NA
Q14CW9,NA,2.73282156213571,NA,NA
Q9H254,NA,1.18881679399041,NA,NA
Q9BRL6,NA,18.637247234457,NA,NA
O95372,NA,16.5051937337886,NA,NA
Q86U90,NA,8.57173699706076,NA,9.93679330730311
Q15788,NA,4.37678554913014,NA,NA
P49840,NA,10.1051152240124,9.72219727976213,10.4350716301142
Q5M775,NA,10.5044788896374,NA,NA
A1A5C7,NA,9.46155061288845,NA,NA
Q6DKJ4,NA,2.69325125315783,NA,2.69902595592949
Q9H1D9,NA,11.7730299901284,NA,11.3736261702646
Q9Y2U8,NA,15.2017908378183,NA,NA
Q9H165,NA,11.4463263576146,NA,NA
P60763,NA,18.6980576206885,NA,NA
P48454,NA,4.80978572121442,NA,NA
Q86WR0,NA,11.0655662298659,NA,NA
P50579,NA,8.56304687334676,NA,NA
P57771,NA,18.8373334222066,NA,NA
Q9H1V8,NA,1.08587929954246,NA,NA
Q969R2,NA,17.3072740394198,NA,17.3288473921676
Q9UBB4,NA,19.4335449072166,19.3378621008021,20.6017912284093
O15400,NA,19.2510097255449,NA,NA
Q14331,NA,17.4336516456379,NA,NA
O43505,NA,20.6226174081285,NA,NA
Q9HD20,NA,6.92980999566067,NA,NA
Q6IAA8,NA,18.7367294452491,18.2943045087905,NA
Q8N9V3,NA,20.4204933872067,NA,NA
Q7L3B6,NA,13.8319664848506,NA,13.6893335061902
Q96JQ0,NA,2.91084874467602,NA,NA
Q147X3,NA,19.4459166127063,NA,18.7745226905233
O14782,NA,20.4494021189325,NA,21.2825905840778
Q8NC96,NA,4.3528759612948,NA,NA
Q7Z7K6,NA,1.61948611254605,NA,NA
Q8IZD9,NA,7.55369579141165,6.04725845710744,NA
O00750,NA,18.7404774342126,18.6707744712316,NA
Q8NFP9,NA,6.18001591679484,NA,NA
Q99497,NA,17.0194754945829,NA,NA
Q9BRQ0,NA,3.18910990671867,NA,3.93842361292973
P26358,NA,10.4695513942777,NA,NA
Q8WWI5,NA,18.3795977901758,NA,NA
Q9NX40,NA,19.3031240146317,NA,NA
Q8IWZ3,NA,7.07833920823734,NA,7.52982838322861
Q9HCK5,NA,19.2367330715739,19.441990213175,19.5839938636823
Q96M27,NA,17.5585928594833,NA,NA
Q674X7,NA,19.0648679109849,19.0924835471919,19.5590428396456
Q96JJ6,NA,1.82695337344897,NA,1.81088248007974
P61129,NA,13.0638703559039,NA,NA
P78318,NA,6.08301035624179,NA,6.42819509125309
Q8N1G1,NA,19.4225505823509,NA,NA
P35790,NA,14.3518246299875,NA,NA
Q6ICG6,NA,19.669462810492,NA,NA
Q9Y4D8,NA,8.24051255302644,NA,NA
Q8NCA5,NA,0.963143126596053,NA,NA
P14373,NA,6.73161736738584,NA,7.75483345750231
Q8IUD2,NA,15.7800196518754,NA,NA
P09012,NA,3.34870580084661,NA,NA
Q9NP66,NA,10.4096640040875,NA,NA
Q02790,NA,4.76652183730979,NA,2.82939042938421
O95758,NA,2.14410390350071,2.15754226906225,1.97795834420739
Q9BUN8,NA,1.51533859838154,1.88270866292728,NA
Q08945,NA,5.67687572228216,NA,NA
O75179,NA,9.85005178367167,NA,NA
Q96F63,NA,19.8229232021281,NA,19.6971891771978
Q7L523,NA,18.1566217358624,18.4016882280809,18.402486857484
P55795,NA,19.145504777467,NA,NA
Q15393,NA,6.38137648463218,NA,NA
Q8N9I0,NA,4.40907695343668,NA,NA
O75396,NA,9.16088241150575,NA,NA
P35813,NA,5.19508628394327,5.8738107031006,NA
Q9Y6I4,NA,10.3672065219122,9.51954854516632,10.5179508028596
O14979,NA,15.6994056302705,NA,NA
Q9NRG7,NA,17.6017791156268,NA,NA
Q14686,NA,1.09632741681051,NA,NA
O95402,NA,2.30601768322237,NA,NA
Q9UPP1,NA,9.45536001609812,NA,NA
Q6P1Q0,NA,11.308588526459,NA,11.2606669641213
O15399,NA,11.1854947022132,NA,NA
P49327,NA,16.6873583189548,NA,NA
P29372,NA,19.4560774493862,19.1208333495453,20.0778245686489
Q9NV06,NA,18.111082155624,NA,NA
P23443,NA,2.46125556240311,NA,3.01287884288287
P05060,NA,11.9258201575562,NA,NA
P07437,NA,3.0669910073357,NA,NA
Q14669,NA,18.7934828678075,NA,19.303582807438
Q2TBE0,NA,9.93772064717759,NA,10.8079354156505
Q8TEY7,NA,3.36171195870844,NA,NA
O15344,NA,17.3253910440529,NA,NA
Q9NR46,NA,17.4183068546296,16.4773302555789,17.0988139403789
Q92841,NA,11.3428808231929,NA,NA
Q96N64,NA,6.7430231960974,NA,8.91990496593876
Q5VWQ0,NA,2.18678652751946,1.87799273510479,NA
Q9UKB1,NA,10.943745619958,NA,NA
Q96BY9,NA,22.1527149417552,NA,NA
O94805,NA,18.5007909818276,NA,17.923220296089
Q8N6N2,NA,3.29497850247669,NA,3.28581685858508
Q9C0D0,NA,8.91555982270346,9.44952925068337,NA
Q96C86,NA,13.7459008146005,NA,13.7783505113813
Q9UHG3,NA,10.0088505202453,10.3448834619838,10.5953719249528
Q5VUA4,NA,20.1130449939426,NA,NA
Q9HCM2,NA,11.8371090739715,NA,NA
P48449,NA,17.7978870452857,NA,NA
Q684P5,NA,8.47200391288989,8.69918350957375,9.28764163413251
Q92520,NA,12.1580369930258,NA,11.392994821036
Q8NB37,NA,2.75637251221862,NA,2.95267810891516
Q10469,NA,1.2563121426463,NA,NA
Q9H857,NA,7.35538820654117,7.09428924323757,7.66099264165598
Q1L5Z9,NA,8.88486971113398,8.92744894731673,8.93920342194508
Q9NSI2,NA,11.9995224347913,NA,13.1364161340014
Q9NWU5,NA,16.3937180860723,NA,NA
Q9UKR5,NA,18.4681376189972,NA,NA
Q9UGL1,NA,11.5703228515185,11.762882948333,11.6210543957069
Q92529,NA,4.80474746701062,NA,4.54070999181051
Q9H8M7,NA,19.1850885402092,NA,NA
P18433,NA,11.3729648663372,NA,11.4009115363981
P53677,NA,18.9143700815261,NA,NA
Q96RE7,NA,19.3040172178563,NA,NA
Q9BZM4,NA,9.95592878596627,NA,NA
Q9Y5B8,NA,8.33378403842331,NA,9.75790638358098
Q9Y4F5,NA,2.96649494770527,NA,3.09693702013236
Q96C03,NA,12.0185560414713,NA,NA
Q5T5Y3,NA,11.9236579149403,NA,12.3728933730896
P46926,NA,7.32969915194854,NA,NA
Q9NZI8,NA,3.65771352077998,NA,NA
Q969T9,NA,4.46115448465189,NA,NA
P46821,NA,14.3753037490501,NA,NA
P37235,NA,9.65014505043678,NA,NA
Q92805,NA,2.90728909098026,NA,NA
Q15858,NA,8.14693525916483,NA,NA
Q7Z4K8,NA,10.4359624240212,11.2657671460164,NA
Q9Y580,NA,9.15978227049757,9.01602776951052,NA
Q9H3R0,NA,11.7897678734182,NA,NA
Q96T58,NA,9.9139247743688,NA,NA
Q8NF37,NA,7.17615995908474,NA,6.9473382797176
Q96FE5,NA,18.7409182763844,NA,17.8629692550213
Q92759,NA,6.3500646417812,NA,NA
P36873,NA,19.0818002770297,NA,NA
Q9ULJ6,NA,2.56597084340351,3.78916130992754,3.71736504665863
O14682,NA,18.9309087090881,NA,NA
P10645,NA,14.2302305530265,NA,NA
Q9P1Z2,NA,3.76956386532646,NA,NA
A6NNY8,NA,1.26640983625445,NA,1.67205806312961
Q8IW70,NA,19.0554353909228,NA,NA
Q53EL6,NA,15.4900303014833,NA,17.6357000841163
O95405,NA,8.7268611716076,NA,NA
Q14202,NA,13.8788981374468,13.9693224496891,NA
Q14847,NA,5.29071076488667,NA,NA
Q9BTU6,NA,8.96254154169307,NA,10.0873535533878
Q15386,NA,18.4611470762132,NA,18.7709529681976
O00203,NA,8.9578042761541,NA,NA
Q9Y2S7,NA,6.55984749625866,NA,6.8256397136452
Q8IUZ0,NA,19.0885126519905,NA,NA
Q13315,NA,1.87104716094434,NA,7.58267089054614
A5PKW4,NA,11.4970183651829,NA,NA
O15042,NA,7.5477882969993,NA,NA
Q9BRJ6,NA,17.291927035109,NA,17.9709867599801
Q96LT9,NA,7.22925157295115,NA,NA
Q6PIJ6,NA,9.2154426476814,NA,10.8179042174703
Q8TAE8,NA,18.3710202598047,NA,NA
O60347,NA,1.37878175638056,NA,2.47978111489247
Q8WXG6,NA,11.19630777114,NA,NA
Q9GZN1,NA,2.9962904610877,NA,3.09236400755183
Q9NRF8,NA,7.5458208090708,NA,NA
Q9NR31,NA,1.62461378150772,NA,NA
Q96P16,NA,20.2088018146407,NA,NA
Q9BWU0,NA,6.11077534867217,NA,6.71409673273066
Q9Y2Q5,NA,5.52653042050257,NA,5.02668460207465
Q8NAF0,NA,5.89036734426466,NA,NA
Q9UEU0,NA,11.9816431652397,NA,NA
Q00839,NA,13.8841899854718,NA,NA
P38646,NA,14.6745149085521,NA,NA
Q7Z5J4,NA,6.96706979106533,NA,NA
Q9H3P2,NA,19.2647791349568,NA,18.5565976725104
Q9Y4C5,NA,2.06300580257502,NA,NA
Q13425,NA,16.641063380953,NA,NA
O94812,NA,20.3639182589007,21.0903643557282,21.3791527650413
Q6UWE0,NA,12.8717820155229,NA,NA
Q9HAR2,NA,19.6814346928492,NA,20.3952333990029
Q10471,NA,3.18824602989503,3.60855459036547,NA
Q9UM19,NA,2.25241717119917,NA,NA
P07949,NA,9.57205526650131,NA,10.5250804798404
Q9Y5I4,NA,10.2758117363111,9.65338660494507,9.62387916088578
P37837,NA,5.44167258253141,4.59130810776317,NA
P61962,NA,8.99748903887035,NA,NA
Q0VG06,NA,2.20431461379737,NA,2.48400660105035
Q86XP3,NA,8.02918348256851,NA,8.41955479098564
A6NHL2,NA,17.9236881811898,NA,NA
Q9P107,NA,1.41707659363013,NA,NA
Q9NUJ3,NA,9.75863489003321,NA,NA
Q9NZN8,NA,19.0650018141603,NA,NA
O14497,NA,11.1475584119798,NA,NA
Q58EX2,NA,7.75330648702223,NA,NA
P22304,NA,2.33280931367363,NA,NA
P56945,NA,7.88972288168756,NA,NA
O95071,NA,9.23194974217619,9.28273945776571,9.99859890734101
O95989,NA,18.4822387015648,NA,NA
P35052,NA,8.91498773257174,NA,NA
Q9UN75,NA,19.8497342849911,NA,20.0629372067514
Q5VU43,NA,7.61123245179623,NA,NA
Q9Y2H9,NA,2.21050105851633,NA,NA
Q96FW1,NA,6.517089174454,NA,NA
P78509,NA,1.5871988313394,2.58853679492232,3.10720108090839
Q14964,NA,1.69811080113718,NA,NA
O95996,NA,11.9178917375294,NA,12.9342073787764
Q9Y5L0,NA,4.16665301825599,NA,NA
Q96PE2,NA,9.08493787718922,NA,9.68900041045114
O14733,NA,6.90487151520915,NA,NA
Q6ZTW0,NA,1.51412883316006,NA,1.66676245604169
Q6ZT07,NA,15.9991814974776,16.2394269610654,16.2992209347467
P51665,NA,11.7448613073378,NA,NA
Q9Y6K1,NA,5.43886758431622,NA,NA
Q9BQG0,NA,14.3946063378463,NA,NA
Q70CQ3,NA,1.39842226424141,NA,NA
O15126,NA,7.37014644572002,NA,NA
Q6PCB5,NA,2.52483251342175,NA,NA
P15586,NA,18.2845125051728,NA,NA
P22314,NA,6.87362412906018,NA,NA
O43173,NA,3.3759994781145,NA,3.74199293321341
Q9P2K6,NA,18.7789686461752,NA,NA
Q8N1I0,NA,11.3890675039771,NA,NA
P61160,NA,16.878062718275,NA,NA
O75427,NA,9.60722955977808,NA,NA
Q93050,NA,18.0855210284375,NA,18.6139837202282
P12955,NA,9.42780528632397,NA,NA
Q99447,NA,1.25010543237072,NA,NA
Q3KQU3,NA,6.57665656155558,NA,NA
Q9Y2X7,NA,8.16929632785083,NA,8.61445544479981
O95376,NA,6.90292107424481,NA,NA
P52429,NA,4.65552219577512,NA,NA
Q75T13,NA,7.4836831798177,8.09736470928294,NA
P06576,NA,17.0831464881941,NA,17.8929769184241
Q9NVT9,NA,9.7274106182827,NA,NA
Q8N9T8,NA,17.785888863933,NA,NA
O60716,NA,9.48358547024974,NA,9.9440006169263
Q9BRK5,NA,2.19518478566597,NA,NA
Q96AY4,NA,3.86667597441284,NA,NA
Q06210,NA,8.41535925766352,NA,9.10177561429147
Q8N8R5,NA,8.25225387889529,8.74772421292282,NA
O95394,NA,4.60262080734659,NA,NA
Q3YEC7,NA,17.1502243289907,NA,17.6819299833581
Q9BWD1,NA,15.9973422173974,NA,16.2798664147352
Q9BXJ3,NA,1.96785362029778,NA,NA
P48426,NA,3.06510929204121,NA,NA
Q96FK6,NA,7.87637102131955,NA,NA
Q9H2Y7,NA,11.8324418034476,NA,NA
Q6SZW1,NA,8.52744561113802,NA,NA
O75592,NA,10.5972415372886,NA,NA
P49902,NA,4.10064275715439,NA,4.14217040323024
Q8N9F7,NA,11.5482637977818,NA,NA
Q9HCM7,NA,9.75070922401324,NA,10.6243186966662
P07384,NA,12.337094699762,NA,NA
P61019,NA,15.1718353475767,NA,NA
Q9UQB3,NA,7.53769621665738,NA,8.13398531230345
C9J069,NA,2.55595190824123,NA,NA
P11137,NA,5.94541701917043,NA,NA
Q12972,NA,2.05464234060378,NA,NA
Q9Y4K4,NA,18.9675439885495,NA,NA
P20337,NA,16.3224966212929,NA,NA
P05067,NA,11.5804244022479,NA,NA
P21579,NA,9.1406615112731,NA,NA
Q6ZW49,NA,9.44205931594533,NA,NA
O60503,NA,1.90334185342333,NA,NA
Q155Q3,NA,1.11732029344781,NA,NA
Q96PQ0,NA,8.54612881992579,NA,NA
Q9NRL3,NA,19.0124377355403,NA,18.968471977127
Q8WVM0,NA,4.47838872398269,NA,NA
P62829,NA,20.8510067325012,NA,NA
Q96KA5,NA,18.3199844777211,NA,NA
P35249,NA,14.8007354929734,NA,NA
Q96EC8,NA,2.09974948868875,NA,NA
Q8WUA2,NA,5.7405995870364,NA,NA
P98170,NA,11.6299702544134,NA,NA
Q15208,NA,6.26958414424536,NA,NA
Q15102,NA,6.75242982204309,NA,NA
Q2V2M9,NA,10.8668097165331,NA,10.6511137424554
P23193,NA,9.95040683418611,NA,NA
Q8WU20,NA,4.20471896727801,NA,NA
Q9C0J8,NA,2.96480366223634,NA,4.13102467663546
Q9Y4H2,NA,2.43825456304679,NA,3.43136267892622
Q8N568,NA,11.7704738395247,NA,NA
Q8WX77,NA,1.5904831737269,1.87294760728074,1.61653326683958
Q658Y4,NA,18.2792845378836,17.7572529868785,18.4594050118224
O95182,NA,2.96296436779852,NA,NA
P30044,NA,11.1017283925276,NA,NA
Q92953,NA,1.57873529334639,NA,NA
Q9BVL2,NA,2.10165468175107,NA,NA
Q9BXQ6,NA,9.47826478953782,NA,9.76801986161541
Q9P265,NA,8.15359950758628,NA,NA
Q9Y5Z7,NA,0.637309062274137,NA,1.19227693065125
Q12931,NA,15.0000669486534,NA,NA
Q6P2Q9,NA,3.04867789822695,NA,NA
P00441,NA,2.73756806602388,NA,3.67587517244091
Q9H6T3,NA,3.66290001462389,3.45411429038683,3.62319457622279
O75153,NA,8.95902537250423,NA,NA
Q86SK9,NA,1.41221215017052,NA,2.00103250679597
Q17R31,NA,9.82820489038388,NA,NA
Q9NPZ5,NA,11.4657194738228,12.2465669557822,12.2704756711877
Q9P0J1,NA,3.52208316427657,NA,2.13420495423726
Q9BTC8,NA,4.2738968419093,NA,4.05734306780398
Q96SB4,NA,9.55084324968029,8.285582074147,8.49320118066786
P52272,NA,9.66516686064136,NA,NA
P51148,NA,8.51540950497167,NA,8.17839482327316
P19784,NA,7.84368981084668,NA,NA
Q9UHQ9,NA,14.0651350943031,NA,NA
P60660,NA,1.77818675089641,NA,1.86131632764263
Q9UPN6,NA,6.11937849186362,6.56589009911495,6.68299591673509
Q8WU79,NA,19.5415167503752,19.7668489456816,19.8552339567228
O75054,NA,15.9402416984491,NA,17.6934658814567
Q01804,NA,0.526625208872428,NA,NA
Q9Y6G5,NA,8.38954958232489,NA,NA
P49116,NA,10.5059934735795,NA,NA
O76070,NA,13.4730570248784,NA,14.1465893216879
Q9NR80,NA,9.06563621983893,NA,NA
Q9NYJ8,NA,19.4107893068817,NA,NA
Q96NI6,NA,11.1793102556761,NA,10.9915012199091
Q15554,NA,11.3356498101019,NA,NA
Q6RFH5,NA,19.3028098527332,NA,NA
Q9C0C4,NA,16.8125445594058,18.7552623832924,NA
Q9UPT6,NA,6.46031945887377,NA,NA
Q86UA1,NA,8.46366295551717,NA,NA
Q14C86,NA,8.42763313787419,NA,NA
O95486,NA,18.7208268090455,NA,NA
Q02878,NA,17.3014070653042,NA,NA
Q9NVS2,NA,5.97520972141282,NA,NA
Q9NWQ8,NA,20.1333595124296,NA,20.1819202127832
Q15070,NA,23.2956382289638,NA,NA
Q9H1Z4,NA,7.60287497063751,NA,NA
Q6IA86,NA,9.4674387908475,NA,NA
O15164,NA,2.00429431469589,NA,NA
Q8NCM8,NA,4.1907204696179,NA,NA
P49641,NA,20.0600904424796,NA,20.8742620524362
Q5RI15,NA,17.9328191874,NA,19.0153908237614
P11171,NA,10.634217283359,NA,NA
P31629,NA,9.42185488218133,NA,10.1426914703201
Q9NZC7,NA,2.05607370992381,NA,NA
Q8NBJ4,NA,3.55124450736843,NA,NA
Q9Y5F9,NA,8.13092122843355,NA,NA
P00387,NA,17.7278677624486,NA,18.919216878611
Q9Y250,NA,9.60454989444861,NA,10.1401092612146
O14531,NA,15.4248536623826,NA,13.5793413306379
Q5JTZ9,NA,2.34533310176465,NA,NA
O95573,NA,4.3828033475737,NA,NA
Q9BY67,NA,20.014442971673,NA,19.1416171727019
Q9ULP9,NA,8.08535428277468,6.43177641237917,6.81631089560179
Q9C0E8,NA,8.2822969010104,NA,NA
Q2M389,NA,4.64656117491896,NA,NA
P61201,NA,11.5337840440166,NA,NA
P51452,NA,9.33698539754765,NA,NA
O94829,NA,1.78374789430163,1.76864821972341,1.59929789779176
P25098,NA,11.7328975155523,NA,NA
Q9UGJ1,NA,9.75752520786613,NA,NA
Q8N8U2,NA,2.01008160563461,NA,NA
P78310,NA,3.95370124099678,NA,NA
P78417,NA,4.19211722575796,NA,NA
O60264,NA,2.7564662923341,NA,NA
Q9P0J0,NA,2.3947899405579,NA,NA
Q8WWM7,NA,4.28911140215377,NA,NA
O43405,NA,21.0988090295977,21.3785509007553,21.2201241273713
Q6ZSZ5,NA,8.71981248132278,NA,NA
Q96FJ0,NA,19.6941000409926,18.743174582516,20.1291706838344
O75037,NA,17.1952073051727,NA,NA
Q9UJX6,NA,8.03472194680262,NA,NA
O60701,NA,5.83642896657874,NA,NA
Q9BXS5,NA,17.0891757265097,NA,NA
Q96GM5,NA,8.40083762810588,NA,NA
Q8TF61,NA,18.7022098685256,NA,19.0576908323984
Q6ZRP7,NA,7.67292675721646,NA,NA
P62993,NA,17.6839424511117,NA,NA
Q9UM73,NA,10.5860395374971,NA,NA
O95861,NA,12.9184503245512,NA,NA
Q92925,NA,8.15146425026944,7.45194592136886,8.46580488761715
Q93073,NA,7.49860736049871,NA,NA
Q16512,NA,4.70449250849904,5.42945685021863,NA
Q92890,NA,12.4487859827422,NA,NA
Q16401,NA,16.8796368461152,NA,NA
P29083,NA,18.1845230671602,NA,NA
O60291,NA,18.3654261909679,NA,19.5302638625439
Q6ZMI0,NA,8.33212773570753,NA,NA
Q9C0D7,NA,8.82760971326325,NA,NA
O60477,NA,10.8040668262049,NA,NA
O43683,NA,18.3292733723842,NA,19.0056051111139
Q86UW6,NA,7.30553332673525,NA,NA
Q9BV35,NA,0.887664346163682,NA,NA
P0DPB6,NA,0.555419086687282,NA,NA
Q99504,NA,11.5311419620444,NA,NA
Q7LBC6,NA,10.856314556772,NA,NA
Q9NP90,NA,3.16676194776294,NA,NA
Q9UQF2,NA,20.2573339716612,NA,NA
P43681,NA,18.1689833891367,NA,NA
O60245,NA,9.08794064794077,NA,9.12774411688046
A3KN83,NA,12.3051998802444,NA,NA
Q9Y5B9,NA,6.87988264113651,NA,6.45374525208378
O43427,NA,8.93459238996984,NA,NA
Q96MX3,NA,8.38949994025679,NA,NA
Q96TA2,NA,5.36688496377112,NA,NA
O94880,NA,17.2385283426288,NA,NA
O94876,NA,9.38139436473137,NA,NA
Q04917,NA,14.8644723576467,NA,NA
O43164,NA,9.94902974515749,NA,NA
Q7L014,NA,6.81549601991575,NA,NA
Q2Y0W8,NA,17.4641383812837,NA,NA
Q96DZ1,NA,9.68518097864044,NA,NA
Q9H6K5,NA,8.94033216915465,9.34441079290111,9.85839430416488
Q13126,NA,7.71407747629818,NA,NA
Q6P6B7,NA,17.8047473341097,NA,NA
Q9BT40,NA,9.75574212137284,NA,NA
Q6R2W3,NA,8.74914718671624,NA,9.47980949795792
Q13191,NA,8.94986591328819,NA,NA
Q5SYC1,NA,18.4879566800114,NA,18.521234494194
Q9Y3Z3,NA,4.6368853724993,NA,NA
Q6P1M0,NA,17.8862485749693,NA,NA
Q9Y3A6,NA,9.02453737373925,NA,NA
O95502,NA,1.38386008435349,NA,NA
Q96JN8,NA,10.8768543977063,NA,NA
P11274,NA,12.7053927220837,NA,NA
Q92560,NA,6.89901301506105,NA,NA
Q9ULK0,NA,1.36536952777758,NA,NA
O60488,NA,10.660285767461,NA,NA
Q96JK2,NA,8.79659437442945,NA,NA
Q96AX9,NA,8.30907685535277,NA,NA
Q86VP1,NA,10.8857647108778,NA,11.5554939275804
Q9NUS5,NA,18.9396705433722,18.0151868905343,NA
Q64LD2,NA,10.5853774656854,11.0340076234655,NA
Q5TCY1,NA,8.83888071150987,NA,9.10059192109288
Q9BQ95,NA,18.2140123937699,NA,18.5157602671162
Q13523,NA,8.38450462515184,NA,NA
Q9NZ56,NA,6.20150165091019,NA,NA
Q09161,NA,3.78776596677724,NA,NA
Q96E22,NA,10.8186565955939,NA,NA
Q9Y6X4,NA,4.10590057863905,NA,NA
Q96RN5,NA,13.1687182475798,NA,13.052761073932
Q9Y5H9,NA,19.3819298522682,NA,NA
Q9Y3A2,NA,15.8957284720468,NA,NA
Q9UQ16,NA,6.43598285315677,NA,NA
Q9H2E6,NA,14.0789692123894,NA,NA
Q96AJ9,NA,18.3117059947921,NA,NA
Q9UH73,NA,2.35799816396665,2.40477381304761,2.38705015599985
Q9BT73,NA,16.9211334425275,NA,NA
Q9BY43,NA,7.08368374419129,7.29065001378644,NA
P05026,NA,5.85196821424602,NA,NA
P51674,NA,3.85058708196855,NA,NA
Q96P47,NA,17.8396186283283,NA,NA
Q8N608,NA,17.6601538898975,18.1599459984096,NA
P27544,NA,3.02521707383085,NA,NA
Q8TAQ2,NA,8.27910342983707,NA,NA
P40692,NA,7.59988412122611,NA,NA
Q14166,NA,4.99967765752572,NA,NA
O60506,NA,16.3076922070591,NA,14.6332186475457
O43172,NA,16.303764040867,NA,NA
Q7Z5N4,NA,9.93659809886754,NA,11.1978581973057
Q9UJA5,NA,10.3604210719689,NA,NA
O75874,NA,12.0651480757738,NA,NA
Q96KQ7,NA,8.24923807004255,9.33471307908409,9.64884789945958
Q9ULB1,NA,8.87534516486003,NA,9.53400879759508
Q15648,NA,6.10821457505219,NA,NA
Q6PJG6,NA,19.2581204549366,19.9339456426344,NA
Q9ULN7,NA,10.0259622509459,NA,10.801013430777
Q9H3F6,NA,10.667644935363,NA,NA
Q8WU90,NA,9.65417361861456,NA,NA
Q9C0B1,NA,14.6991446020826,NA,NA
Q9BWH6,NA,19.0322966569964,NA,NA
O76062,NA,11.5591049219442,NA,NA
Q6PD74,NA,7.9764413559998,NA,NA
P59923,NA,1.12454427386272,NA,NA
Q8N5D0,NA,20.9307421862498,NA,NA
Q8N0U8,NA,13.2843033328258,NA,NA
Q96PK6,NA,9.34546617806162,NA,NA
Q96KG9,NA,6.45449051284941,7.29808075484917,NA
P49918,NA,10.8348546216796,11.5861900471381,11.7133861670527
Q14980,NA,10.1903027995913,NA,NA
Q96A33,NA,7.27363875355957,NA,NA
P63104,NA,1.95396307342078,NA,NA
Q9NPF5,NA,8.29322619875688,NA,8.97948445158833
Q03001,NA,1.31213073716593,NA,NA
Q13485,NA,4.4598872562498,4.8410037998881,5.02030185654404
Q76NI1,NA,19.4807052395678,NA,NA
P60891,NA,16.1424482566481,NA,16.4692694357563
Q96EV2,NA,17.8743184349861,NA,NA
Q9BV68,NA,20.2054012122652,NA,18.7770959505918
P09661,NA,1.79821613670496,NA,NA
P09525,NA,11.4796194719231,NA,NA
Q92618,NA,9.09242995557432,NA,10.5190206646861
Q15637,NA,6.61151086574644,NA,NA
Q9Y2K7,NA,7.13905269305463,NA,NA
Q14249,NA,10.3318329220105,NA,NA
P22626,NA,7.10957994453535,NA,NA
Q8IZ07,NA,6.68247237916045,NA,NA
Q13283,NA,12.4925820276149,NA,NA
P09651,NA,16.6142589997316,NA,16.1203001855798
Q15276,NA,3.58275332732585,NA,NA
O00534,NA,11.1426502997892,NA,NA
Q9H425,NA,18.5919495494322,NA,NA
Q9Y2Q0,NA,6.80503490164886,NA,NA
Q9P286,NA,18.6234517510554,NA,NA
P36894,NA,18.8052559652008,18.904615592066,NA
Q8N4S0,NA,0.934862581419401,NA,NA
Q05BQ5,NA,17.4463294952479,NA,NA
Q96F86,NA,NA,17.5655325932789,NA
Q5H8A4,NA,NA,18.69324466464,18.9543863918019
Q9UHC6,NA,NA,10.3361313848643,10.7428529837446
Q9HCK4,NA,NA,7.14034677748661,NA
P34059,NA,NA,19.1476383453067,NA
Q9Y2G0,NA,NA,2.83487946410971,3.15059805713093
O95870,NA,NA,6.6120850693061,NA
Q96DV4,NA,NA,8.6699972611268,NA
Q9Y4F1,NA,NA,4.98148821105976,5.75397442778836
Q92738,NA,NA,20.6504764088168,NA
Q9H2C0,NA,NA,18.102223871492,19.1018783368342
O94827,NA,NA,10.0251418546316,NA
Q9NVD7,NA,NA,12.9932506648903,NA
Q13449,NA,NA,5.75887170228904,6.32428623348522
Q96C36,NA,NA,17.1511331192137,NA
Q96MH6,NA,NA,7.79036166539211,NA
P82663,NA,NA,17.110286727858,NA
Q13705,NA,NA,19.9345225709074,NA
Q9HCH0,NA,NA,9.20306760177516,9.69674840993183
Q13002,NA,NA,10.2238599156169,NA
Q9ULD9,NA,NA,9.94518867228635,NA
Q9BPZ7,NA,NA,7.75065259587469,NA
Q15345,NA,NA,9.38089067840354,NA
Q8IVL1,NA,NA,9.00724219934105,9.28280735012533
Q96Q11,NA,NA,2.3837242989497,NA
Q16774,NA,NA,10.1543189360525,NA
P38117,NA,NA,16.9669795285844,17.3594975976066
O94964,NA,NA,11.3061694002574,11.5964621409451
Q86UL8,NA,NA,7.56173648535022,NA
Q96P11,NA,NA,8.38981848310824,NA
Q9GZS1,NA,NA,11.997998803724,11.8775890629302
Q12974,NA,NA,7.92601005279296,7.88489667341296
Q8N8A6,NA,NA,19.4575374924019,19.7428196874267
P51991,NA,NA,1.97252100644842,NA
Q6NXT6,NA,NA,8.60886995348201,NA
Q8NDN9,NA,NA,8.64631670311263,NA
O60684,NA,NA,18.124125425615,NA
Q9NUY8,NA,NA,18.2208052976067,NA
Q9H7F0,NA,NA,9.96418418179666,NA
Q6NT76,NA,NA,8.61828024799581,NA
Q96I51,NA,NA,19.4017967229986,NA
Q9H1A3,NA,NA,18.6502606393375,NA
Q9H832,NA,NA,6.16858315148831,NA
Q8WUD1,NA,NA,17.4354434117751,NA
P04035,NA,NA,8.13086843431465,7.45677677677187
P20338,NA,NA,0.583473679165223,NA
Q12888,NA,NA,14.523621845537,NA
Q00403,NA,NA,18.9341481980003,NA
P49721,NA,NA,8.73124796941645,NA
O60293,NA,NA,2.22722297440176,NA
P36915,NA,NA,16.9703694452807,NA
O75976,NA,NA,2.34786187212344,NA
Q92900,NA,NA,6.36754998677687,NA
Q9NY72,NA,NA,2.67492210195499,NA
O95819,NA,NA,7.83064147275573,8.20222191041004
Q96BX8,NA,NA,8.81177657647984,NA
O75688,NA,NA,7.89082872406944,8.25165443932067
Q9NXH9,NA,NA,13.1590289586898,NA
Q8IVL0,NA,NA,8.61649259018636,8.48124668864878
Q9BYD1,NA,NA,9.48143404149514,10.4430269412592
Q96HE7,NA,NA,5.85950689141162,6.47135986505737
P53804,NA,NA,9.78742823509731,NA
Q9Y4P1,NA,NA,16.3643774511545,15.7777509200774
Q6P995,NA,NA,8.05937706816806,NA
Q5T8D3,NA,NA,18.7099290316863,19.0877750922819
Q86VS8,NA,NA,5.84255524749937,NA
Q9Y2G5,NA,NA,0.931160359086431,NA
Q7Z460,NA,NA,15.670569513416,NA
Q5VSG8,NA,NA,12.2436983405922,12.795656700066
P05165,NA,NA,1.27964102804076,NA
A2RRP1,NA,NA,6.63182225689843,NA
P23743,NA,NA,10.6214721941805,10.8239936376771
Q9UI08,NA,NA,7.60300109896396,NA
O95983,NA,NA,10.8738142664356,NA
P09471,NA,NA,6.26872675775839,6.4153305404376
Q86V59,NA,NA,4.03159507956477,NA
Q8WZA1,NA,NA,1.97264698834187,NA
Q9P0K1,NA,NA,8.15018043451398,NA
Q8N3C0,NA,NA,2.38223933879204,NA
Q9NZ94,NA,NA,11.1814370138102,NA
O43913,NA,NA,7.93766474336034,8.50795530550025
O15550,NA,NA,21.9304000380879,21.2666714924296
P61106,NA,NA,12.9981130355604,NA
Q9ULI0,NA,NA,5.55805961442937,5.85456191671964
P15260,NA,NA,2.53841156357284,NA
Q9Y547,NA,NA,8.94798732659666,NA
O95864,NA,NA,2.59888987464088,2.54673724926967
O94991,NA,NA,8.7961622519257,NA
Q8IUR7,NA,NA,7.98885437187702,NA
Q9H2X9,NA,NA,11.9623337929248,12.2136492387879
Q9BQI5,NA,NA,18.5730280042564,19.5123237099201
Q13011,NA,NA,NA,16.6698951903315
Q8IWV8,NA,NA,NA,9.44438862297918
O43151,NA,NA,NA,11.7878757889092
Q7Z4V5,NA,NA,NA,5.34311850073977
Q9UIF9,NA,NA,NA,18.3102618991697
Q7KZ85,NA,NA,NA,18.8636404953157
Q9UIC8,NA,NA,NA,5.50288390119843
O94921,NA,NA,NA,10.6712996408731
Q96EY1,NA,NA,NA,7.72006043967196
Q5ZPR3,NA,NA,NA,16.5582073222181
P63244,NA,NA,NA,9.12102303591597
Q13772,NA,NA,NA,9.08694365272273
O95057,NA,NA,NA,9.50543854622034
P22303,NA,NA,NA,9.20152199429636
P27695,NA,NA,NA,14.5896704496198
Q02252,NA,NA,NA,8.60717051021955
Q9UHN1,NA,NA,NA,2.60533044866397
P55265,NA,NA,NA,11.5828944128158
Q16585,NA,NA,NA,8.34990491471107
Q9UKC9,NA,NA,NA,19.1624242793993
Q9ULP0,NA,NA,NA,14.1314074106756
Q8N766,NA,NA,NA,8.85586440131787
Q01484,NA,NA,NA,5.30126013274425
P62241,NA,NA,NA,14.9705335792137
Q9BX68,NA,NA,NA,17.4796284689638
Q9NV31,NA,NA,NA,20.2782349422308
P49674,NA,NA,NA,18.8863543949339
Q9UL15,NA,NA,NA,16.1048493698555
Q13490,NA,NA,NA,3.30115475697005
Q8WV44,NA,NA,NA,20.1951887674146
Q9Y5A7,NA,NA,NA,15.6097750676764
Q15417,NA,NA,NA,13.1417930868308
Q09472,NA,NA,NA,18.1016560587152
Q9Y608,NA,NA,NA,9.48420772511465
Q15334,NA,NA,NA,17.9700755580166
O95848,NA,NA,NA,16.298813165298
P52594,NA,NA,NA,5.05872946846726
P78332,NA,NA,NA,16.5640067827385
Q9BT67,NA,NA,NA,10.4876969090802
P52756,NA,NA,NA,10.1550273788521
Q53T59,NA,NA,NA,17.1189588241471
P35568,NA,NA,NA,11.7743697930083
Q8NEU8,NA,NA,NA,10.9349733351608
P62979,NA,NA,NA,6.58668911039033
Q9BYP7,NA,NA,NA,14.4036600253686
O95487,NA,NA,NA,9.364133358565
Q5TGY3,NA,NA,NA,10.7486973686144
O00192,NA,NA,NA,9.0161538887696
Q96RD6,NA,NA,NA,11.6906539808247
Q15018,NA,NA,NA,1.73991244897558
Q92734,NA,NA,NA,3.62727781069854
P85037,NA,NA,NA,9.73668058043707
Q15061,NA,NA,NA,17.9439923325513
O14924,NA,NA,NA,18.9301689037333
P61225,NA,NA,NA,4.81525767731809
O43296,NA,NA,NA,12.8559327308004
O75792,NA,NA,NA,2.05423953784123
Q29RF7,NA,NA,NA,2.02655365518336
P04156,NA,NA,NA,6.24708097956609
Q96DF8,NA,NA,NA,12.2111067497913
Q05048,NA,NA,NA,15.2431176894787
Q92747,NA,NA,NA,11.127720282611
O95801,NA,NA,NA,5.81285065781577
P19838,NA,NA,NA,11.6875414026087
Q86XX4,NA,NA,NA,10.8145534768068
Q01538,NA,NA,NA,10.3986076794049
Q9BQ52,NA,NA,NA,17.3512219573575
Q9GZY8,NA,NA,NA,11.9748523002435
Q92979,NA,NA,NA,18.51687060662
Q99459,NA,NA,NA,4.45007839113114
O95271,NA,NA,NA,11.6963496513602
Q9UPU7,NA,NA,NA,10.0005135277154
Q9UPU5,NA,NA,NA,4.96713865849703
Q8N5C8,NA,NA,NA,9.42986490504142
Q92574,NA,NA,NA,18.6576692640918
Q9UGN5,NA,NA,NA,2.62492679825722
Q8ND83,NA,NA,NA,1.84085056979696
O14686,NA,NA,NA,10.2419990873795
Q8N163,NA,NA,NA,7.5792129015122
O95479,NA,NA,NA,9.48070467562941
Q9BRS2,NA,NA,NA,1.36410359858335
P43378,NA,NA,NA,1.56255118207212
Q76I76,NA,NA,NA,1.91606972052128
P46060,NA,NA,NA,4.26211035313586
Q9HD26,NA,NA,NA,13.5309106627781
P17980,NA,NA,NA,2.15900150377119
Q8N0V4,NA,NA,NA,2.54433476304184
Q9Y6X3,NA,NA,NA,11.0254910773032
Q9NRF2,NA,NA,NA,6.75626041375692
Q8N461,NA,NA,NA,19.8004338371058
Q92530,NA,NA,NA,12.5131144360083
Q96S38,NA,NA,NA,10.1610230705799
O15417,NA,NA,NA,10.2818565577484
Q8N126,NA,NA,NA,9.24195978864716
Q9BRP4,NA,NA,NA,9.52486950591289
Q96EF0,NA,NA,NA,12.3755046588424
A8MXV4,NA,NA,NA,2.3760873500687
Q15785,NA,NA,NA,19.2733467863419
Q9HCQ5,NA,NA,NA,10.9050795786216
P11717,NA,NA,NA,16.3310132154095
Q09019,NA,NA,NA,20.7556357705661
Q9BZK7,NA,NA,NA,8.45188076079571
Q5GH76,NA,NA,NA,9.39380260561253
Q96AQ6,NA,NA,NA,8.05177146797616
P62879,NA,NA,NA,18.3018824556097
O75127,NA,NA,NA,20.1451855543482
O95639,NA,NA,NA,1.5814967989925
P21281,NA,NA,NA,17.93767227566
A4D1P6,NA,NA,NA,1.84948980519835
Q8WXF7,NA,NA,NA,6.31078489552594
Q9NVN3,NA,NA,NA,8.57490682374513
Q15375,NA,NA,NA,4.22302477764165
Q92871,NA,NA,NA,18.0018062350809
Q9Y6E2,NA,NA,NA,8.29549821515027
O43865,NA,NA,NA,8.84621931546299
Q9H7B2,NA,NA,NA,4.77033244446034
Q9H0S4,NA,NA,NA,18.2124696310892
Q9BQA1,NA,NA,NA,17.8782917971788
Q6DKI1,NA,NA,NA,8.56428328128568
P17028,NA,NA,NA,9.985676339183
Q15742,NA,NA,NA,2.15734741568526
Q8TC07,NA,NA,NA,18.5072223716468
Q16560,NA,NA,NA,12.9411297513999
P04049,NA,NA,NA,11.0778693446831
Q9UFF9,NA,NA,NA,17.4533546020183
Q9P2R6,NA,NA,NA,20.7010247729129
Q53GL0,NA,NA,NA,5.18183264503727
Q8NI60,NA,NA,NA,19.4273227277901
Q86TP1,NA,NA,NA,18.703022489312
P30086,NA,NA,NA,4.63081910021814
P15289,NA,NA,NA,16.0756914723735
O95319,NA,NA,NA,20.0248317771878
Q92692,NA,NA,NA,18.0585799809651
Q2KHT3,NA,NA,NA,1.95840974654765
P33991,NA,NA,NA,10.0354621338898
O94967,NA,NA,NA,7.6089669520833
Q9Y4X4,NA,NA,NA,11.9859961334643
Q9BRR6,NA,NA,NA,11.3336524454276
Q96T76,NA,NA,NA,5.76989424385762
Q86WB0,NA,NA,NA,5.04501496454198
P19388,NA,NA,NA,16.2686372780882
Q6ULP2,NA,NA,NA,9.29032871861366
Q8IV38,NA,NA,NA,2.79265013842844
Q96T37,NA,NA,NA,16.9847596991898
Q8NAV1,NA,NA,NA,17.4377439880493
Q15904,NA,NA,NA,17.8258435035384
Q3SXM5,NA,NA,NA,17.1023330822281
Q5MIZ7,NA,NA,NA,12.5403740232885
Q9NS39,NA,NA,NA,12.2696910082581
Q9GZR7,NA,NA,NA,7.0468317415506
P53396,NA,NA,NA,13.4782394319843
Q9BZR6,NA,NA,NA,0.474070876155502
Q9BZ72,NA,NA,NA,10.2215725685726
Q8N5Y2,NA,NA,NA,7.81954401369131
P04062,NA,NA,NA,6.65650979728552
P49815,NA,NA,NA,8.59363888350931
Q96RT7,NA,NA,NA,20.5778596755915
Q9Y2X0,NA,NA,NA,6.34512120440396
O00487,NA,NA,NA,4.39662724236451
Q9Y2E5,NA,NA,NA,8.71426603217269
Q8N9R8,NA,NA,NA,18.4253112554642
Q08AM6,NA,NA,NA,9.45393582175186
Q9BTE3,NA,NA,NA,17.7093409923214
P62847,NA,NA,NA,0.984616956992367
O00468,NA,NA,NA,12.7380378900759
Q9P0K9,NA,NA,NA,1.72837890008114
O95757,NA,NA,NA,3.13965941987261
Q5GH72,NA,NA,NA,8.19726008850568
P62263,NA,NA,NA,6.01287847239086
Q8NBJ7,NA,NA,NA,4.45350486135808
Q8WZ82,NA,NA,NA,18.2872754195291
O95340,NA,NA,NA,8.83685337834827
O75882,NA,NA,NA,6.36750416377371
Q12923,NA,NA,NA,8.33771822358302
O96000,NA,NA,NA,17.8064221065848
P54098,NA,NA,NA,8.62811612734333
P30048,NA,NA,NA,10.5779901842367
Q68CQ4,NA,NA,NA,9.55893760318142
Q9Y5E9,NA,NA,NA,8.20285959535177
Q8TCT7,NA,NA,NA,8.54997344097607
Q8TBC5,NA,NA,NA,10.0790014310599
Q9UKZ9,NA,NA,NA,11.8243000085128
Q7L2E3,NA,NA,NA,16.5143486897635
P45974,NA,NA,NA,17.5008507740099
Q92729,NA,NA,NA,10.236792855989
Q9NZ32,NA,NA,NA,10.1828641176101
Q8TB52,NA,NA,NA,1.2751052393173
Q9UK99,NA,NA,NA,19.8211208482613
O43169,NA,NA,NA,17.8861346874613
Q96FV2,NA,NA,NA,9.18924505416546
O60318,NA,NA,NA,8.49592989113572
A7KAX9,NA,NA,NA,10.0968245771849
P48651,NA,NA,NA,3.04861905317547
Q86XE3,NA,NA,NA,10.1182098767227
Q9H7P9,NA,NA,NA,16.4732945961133
P15622,NA,NA,NA,7.63819882912336
Q9ULV4,NA,NA,NA,17.6807276732056
Q8WU76,NA,NA,NA,17.2674496680238
Q9UJ14,NA,NA,NA,7.41204204493021
O43524,NA,NA,NA,9.12859640158397
P21953,NA,NA,NA,8.73474287150301
Q16539,NA,NA,NA,6.23833944208691
Q5GH73,NA,NA,NA,1.02934001999212
Q0VDG4,NA,NA,NA,8.5160901979908
O75970,NA,NA,NA,9.04429861861576
Q12860,NA,NA,NA,8.548399689784
Q9UNH7,NA,NA,NA,7.96744031769432
O95140,NA,NA,NA,8.9182247050314
Q14457,NA,NA,NA,1.82602164487444
Q96GQ7,NA,NA,NA,7.4077882192016
Q9HBF4,NA,NA,NA,14.6823371928077
P61421,NA,NA,NA,15.9568492530691
P58004,NA,NA,NA,17.1163175897857
Q8WVM7,NA,NA,NA,8.77185228297576
Q8WVZ9,NA,NA,NA,1.85608362531283
Q9UHK6,NA,NA,NA,18.5986495138384
O15079,NA,NA,NA,17.4757904117401
Q9Y2I8,NA,NA,NA,11.1756860346364
Q15650,NA,NA,NA,8.18095395584275
P23246,NA,NA,NA,6.02101781893762
Q14697,NA,NA,NA,16.4276994425477
Q15599,NA,NA,NA,11.6788954582781
Q9HCG7,NA,NA,NA,10.9696799060037
Q9HCD5,NA,NA,NA,10.4217035887773
O94966,NA,NA,NA,7.99050062066874
Q9UN74,NA,NA,NA,7.53814758583384
Q9UJF2,NA,NA,NA,19.6070060527619
Q8IZ21,NA,NA,NA,5.52509817463257
Q9UID3,NA,NA,NA,9.03767695739904
